STTSTTSTT,Tên sản phẩmTên sản phẩmTên sản phẩm,Chỉ tiêu kỹ thuậtChỉ tiêu kỹ thuậtChỉ tiêu kỹ thuật,Mức yêu cầuMức yêu cầuMức yêu cầu,Phương pháp thửPhương pháp thửPhương pháp thử,"Phương pháp lấy mẫu, quy cách mẫuPhương pháp lấy mẫu, quy cách mẫuPhương pháp lấy mẫu, quy cách mẫu","Mã hàng hóa xuất khẩu, nhập khẩu (HS)Mã hàng hóa xuất khẩu, nhập khẩu (HS)Mã hàng hóa xuất khẩu, nhập khẩu (HS)"
2.4.1.2.4.1.2.4.1.,Tủ trung tâm báo cháyTủ trung tâm báo cháyTủ trung tâm báo cháy,1. Thử nghiệm chức năng1. Thử nghiệm chức năng1. Thử nghiệm chức năng,16.2.2.16.2.2.16.2.2.TCVN 7568-2:2013TCVN 7568-2:2013TCVN 7568-2:2013,16.2.216.2.216.2.2TCVN 7568-2:2013TCVN 7568-2:201TCVN 7568-2:20133,"Mẫu được lấy ngẫu nhiên tại lố phương tiện, số lượng mẫu được lấy phụ thuộc vào số lượng phương tiện trong lô (n), cụ thể như sau:Mẫu được lấy ngẫu nhiên tại lố phương tiện, số lượng mẫu được lấy phụ thuộc vào số lượng phương tiện trong lô (n), cụ thể như sau:Mẫu được lấy ngẫu nhiên tại lố phương tiện, số lượng mẫu được lấy phụ thuộc vào số lượng phương tiện trong lô (n), cụ thể như sau:+ Nếu n ≤ 3 thì lấy mẫu tất cả;+ Nếu n ≤ 3 thì lấy mẫu tất cả;+ Nếu n ≤ 3 thì lấy mẫu tất cả;+ Nếu 3 < n ≤ 100 thì lấy 03 mẫu;+ Nếu 3 < n ≤ 100 thì lấy 03 mẫu;+ Nếu 3 < n ≤ 100 thì lấy 03 mẫu;+ Nếu 100 < n ≤ 500 thì lấy 06 mẫu;+ Nếu 100 < n ≤ 500 thì lấy 06 mẫu;+ Nếu 100 < n ≤ 500 thì lấy 06 mẫu;+ Nếu n > 500 thì lấy 09 mẫu.+ Nếu n > 500 thì lấy 09 mẫu.+ Nếu n > 500 thì lấy 09 mẫu.",8531.10.208531.10.208531.10.20
2.4.1.2.4.1.2.4.1.,Tủ trung tâm báo cháyTủ trung tâm báo cháyTủ trung tâm báo cháy,"2. Nóng ẩm, trạng thái ổn định (vận hành)2. Nóng ẩm, trạng thái ổn định (vận hành)2. Nóng ẩm, trạng thái ổn định (vận hành)",16.5.2.416.5.2.416.5.2.4TCVN 7568-2:2013TCVN 7568-2:2013TCVN 7568-2:2013,16.5.2.116.5.2.116.5.2.1TCVN 7568-2:2013TCVN 7568-2:2013TCVN 7568-2:2013,"Mẫu được lấy ngẫu nhiên tại lố phương tiện, số lượng mẫu được lấy phụ thuộc vào số lượng phương tiện trong lô (n), cụ thể như sau:Mẫu được lấy ngẫu nhiên tại lố phương tiện, số lượng mẫu được lấy phụ thuộc vào số lượng phương tiện trong lô (n), cụ thể như sau:Mẫu được lấy ngẫu nhiên tại lố phương tiện, số lượng mẫu được lấy phụ thuộc vào số lượng phương tiện trong lô (n), cụ thể như sau:+ Nếu n ≤ 3 thì lấy mẫu tất cả;+ Nếu n ≤ 3 thì lấy mẫu tất cả;+ Nếu n ≤ 3 thì lấy mẫu tất cả;+ Nếu 3 < n ≤ 100 thì lấy 03 mẫu;+ Nếu 3 < n ≤ 100 thì lấy 03 mẫu;+ Nếu 3 < n ≤ 100 thì lấy 03 mẫu;+ Nếu 100 < n ≤ 500 thì lấy 06 mẫu;+ Nếu 100 < n ≤ 500 thì lấy 06 mẫu;+ Nếu 100 < n ≤ 500 thì lấy 06 mẫu;+ Nếu n > 500 thì lấy 09 mẫu.+ Nếu n > 500 thì lấy 09 mẫu.+ Nếu n > 500 thì lấy 09 mẫu.",8531.10.208531.10.208531.10.20
2.4.1.2.4.1.2.4.1.,Tủ trung tâm báo cháyTủ trung tâm báo cháyTủ trung tâm báo cháy,3. Va đập (vận hành) - Thử nghiệm tùy chọn (*)3. Va đập (vận hành) - Thử nghiệm tùy chọn (*)3. Va đập (vận hành) - Thử nghiệm tùy chọn (*),16.6.2.416.6.2.416.6.2.4TCVN 7568-2:2013TCVN 7568-2:2013TCVN 7568-2:2013,16.6.2.116.6.2.116.6.2.1TCVN 7568-2:2013TCVN 7568-2:2013TCVN 7568-2:2013,"Mẫu được lấy ngẫu nhiên tại lố phương tiện, số lượng mẫu được lấy phụ thuộc vào số lượng phương tiện trong lô (n), cụ thể như sau:Mẫu được lấy ngẫu nhiên tại lố phương tiện, số lượng mẫu được lấy phụ thuộc vào số lượng phương tiện trong lô (n), cụ thể như sau:Mẫu được lấy ngẫu nhiên tại lố phương tiện, số lượng mẫu được lấy phụ thuộc vào số lượng phương tiện trong lô (n), cụ thể như sau:+ Nếu n ≤ 3 thì lấy mẫu tất cả;+ Nếu n ≤ 3 thì lấy mẫu tất cả;+ Nếu n ≤ 3 thì lấy mẫu tất cả;+ Nếu 3 < n ≤ 100 thì lấy 03 mẫu;+ Nếu 3 < n ≤ 100 thì lấy 03 mẫu;+ Nếu 3 < n ≤ 100 thì lấy 03 mẫu;+ Nếu 100 < n ≤ 500 thì lấy 06 mẫu;+ Nếu 100 < n ≤ 500 thì lấy 06 mẫu;+ Nếu 100 < n ≤ 500 thì lấy 06 mẫu;+ Nếu n > 500 thì lấy 09 mẫu.+ Nếu n > 500 thì lấy 09 mẫu.+ Nếu n > 500 thì lấy 09 mẫu.",8531.10.208531.10.208531.10.20
2.4.1.2.4.1.2.4.1.,Tủ trung tâm báo cháyTủ trung tâm báo cháyTủ trung tâm báo cháy,4. Rung hình sin (vận hành)4. Rung hình sin (vận hành)4. Rung hình sin (vận hành),16.7.2.41616.7.2.4.7.2.4TCVN 7568-2:2013TCVN 7568-2:2013TCVN 7568-2:2013,16.7.2.116.7.2.116.7.2.1TCVN 7568-2:2013TCVN 7568-2:2013TCVN 7568-2:2013,"Mẫu được lấy ngẫu nhiên tại lố phương tiện, số lượng mẫu được lấy phụ thuộc vào số lượng phương tiện trong lô (n), cụ thể như sau:Mẫu được lấy ngẫu nhiên tại lố phương tiện, số lượng mẫu được lấy phụ thuộc vào số lượng phương tiện trong lô (n), cụ thể như sau:Mẫu được lấy ngẫu nhiên tại lố phương tiện, số lượng mẫu được lấy phụ thuộc vào số lượng phương tiện trong lô (n), cụ thể như sau:+ Nếu n ≤ 3 thì lấy mẫu tất cả;+ Nếu n ≤ 3 thì lấy mẫu tất cả;+ Nếu n ≤ 3 thì lấy mẫu tất cả;+ Nếu 3 < n ≤ 100 thì lấy 03 mẫu;+ Nếu 3 < n ≤ 100 thì lấy 03 mẫu;+ Nếu 3 < n ≤ 100 thì lấy 03 mẫu;+ Nếu 100 < n ≤ 500 thì lấy 06 mẫu;+ Nếu 100 < n ≤ 500 thì lấy 06 mẫu;+ Nếu 100 < n ≤ 500 thì lấy 06 mẫu;+ Nếu n > 500 thì lấy 09 mẫu.+ Nếu n > 500 thì lấy 09 mẫu.+ Nếu n > 500 thì lấy 09 mẫu.",8531.10.208531.10.208531.10.20
2.4.1.2.4.1.2.4.1.,Tủ trung tâm báo cháyTủ trung tâm báo cháyTủ trung tâm báo cháy,5. Biến đổi của điện áp nguồn cung cấp5. Biến đổi của điện áp nguồn cung cấp5. Biến đổi của điện áp nguồn cung cấp,16.9.2.416.9.2.416.9.2.4TCVN 7568-2:2013TCVN 7568-2:2013TCVN 7568-2:2013,16.9.2.116.9.2.116.9.2.1TCVN 7568-2:2013TCVN 7568-2:2013TCVN 7568-2:2013,"Mẫu được lấy ngẫu nhiên tại lố phương tiện, số lượng mẫu được lấy phụ thuộc vào số lượng phương tiện trong lô (n), cụ thể như sau:Mẫu được lấy ngẫu nhiên tại lố phương tiện, số lượng mẫu được lấy phụ thuộc vào số lượng phương tiện trong lô (n), cụ thể như sau:Mẫu được lấy ngẫu nhiên tại lố phương tiện, số lượng mẫu được lấy phụ thuộc vào số lượng phương tiện trong lô (n), cụ thể như sau:+ Nếu n ≤ 3 thì lấy mẫu tất cả;+ Nếu n ≤ 3 thì lấy mẫu tất cả;+ Nếu n ≤ 3 thì lấy mẫu tất cả;+ Nếu 3 < n ≤ 100 thì lấy 03 mẫu;+ Nếu 3 < n ≤ 100 thì lấy 03 mẫu;+ Nếu 3 < n ≤ 100 thì lấy 03 mẫu;+ Nếu 100 < n ≤ 500 thì lấy 06 mẫu;+ Nếu 100 < n ≤ 500 thì lấy 06 mẫu;+ Nếu 100 < n ≤ 500 thì lấy 06 mẫu;+ Nếu n > 500 thì lấy 09 mẫu.+ Nếu n > 500 thì lấy 09 mẫu.+ Nếu n > 500 thì lấy 09 mẫu.",8531.10.208531.10.208531.10.20
2.4.1.2.4.1.2.4.1.,Tủ trung tâm báo cháyTủ trung tâm báo cháyTủ trung tâm báo cháy,6. Rung hình sin (độ bền lâu) (*)6. Rung hình sin (độ bền lâu) (*)6. Rung hình sin (độ bền lâu) (*),16.11.2.416.11.2.416.11.2.4TCVN 7568-2:2013TCVN 7568-2:2013TCVN 7568-2:2013,16.11.2.116.11.2.116.11.2.1TCVN 7568-2:2013TCVN 7568-2:2013TCVN 7568-2:2013,"Mẫu được lấy ngẫu nhiên tại lố phương tiện, số lượng mẫu được lấy phụ thuộc vào số lượng phương tiện trong lô (n), cụ thể như sau:Mẫu được lấy ngẫu nhiên tại lố phương tiện, số lượng mẫu được lấy phụ thuộc vào số lượng phương tiện trong lô (n), cụ thể như sau:Mẫu được lấy ngẫu nhiên tại lố phương tiện, số lượng mẫu được lấy phụ thuộc vào số lượng phương tiện trong lô (n), cụ thể như sau:+ Nếu n ≤ 3 thì lấy mẫu tất cả;+ Nếu n ≤ 3 thì lấy mẫu tất cả;+ Nếu n ≤ 3 thì lấy mẫu tất cả;+ Nếu 3 < n ≤ 100 thì lấy 03 mẫu;+ Nếu 3 < n ≤ 100 thì lấy 03 mẫu;+ Nếu 3 < n ≤ 100 thì lấy 03 mẫu;+ Nếu 100 < n ≤ 500 thì lấy 06 mẫu;+ Nếu 100 < n ≤ 500 thì lấy 06 mẫu;+ Nếu 100 < n ≤ 500 thì lấy 06 mẫu;+ Nếu n > 500 thì lấy 09 mẫu.+ Nếu n > 500 thì lấy 09 mẫu.+ Nếu n > 500 thì lấy 09 mẫu.",8531.10.208531.10.208531.10.20
2.4.1.2.4.1.2.4.1.,Tủ trung tâm báo cháyTủ trung tâm báo cháyTủ trung tâm báo cháy,7. Suy hao tín hiệu tại hiện trường (***)7. Suy hao tín hiệu tại hiện trường (***)7. Suy hao tín hiệu tại hiện trường (***),4.2.14.2.14.2.1TCVN 7568-25:2023TCVN 7568-25:2023TCVN 7568-25:2023,8.2.28.2.28.2.2TCVN 7568-25:2023TCVN 7568-25:2023TCVN 7568-25:2023,"Mẫu được lấy ngẫu nhiên tại lố phương tiện, số lượng mẫu được lấy phụ thuộc vào số lượng phương tiện trong lô (n), cụ thể như sau:Mẫu được lấy ngẫu nhiên tại lố phương tiện, số lượng mẫu được lấy phụ thuộc vào số lượng phương tiện trong lô (n), cụ thể như sau:Mẫu được lấy ngẫu nhiên tại lố phương tiện, số lượng mẫu được lấy phụ thuộc vào số lượng phương tiện trong lô (n), cụ thể như sau:+ Nếu n ≤ 3 thì lấy mẫu tất cả;+ Nếu n ≤ 3 thì lấy mẫu tất cả;+ Nếu n ≤ 3 thì lấy mẫu tất cả;+ Nếu 3 < n ≤ 100 thì lấy 03 mẫu;+ Nếu 3 < n ≤ 100 thì lấy 03 mẫu;+ Nếu 3 < n ≤ 100 thì lấy 03 mẫu;+ Nếu 100 < n ≤ 500 thì lấy 06 mẫu;+ Nếu 100 < n ≤ 500 thì lấy 06 mẫu;+ Nếu 100 < n ≤ 500 thì lấy 06 mẫu;+ Nếu n > 500 thì lấy 09 mẫu.+ Nếu n > 500 thì lấy 09 mẫu.+ Nếu n > 500 thì lấy 09 mẫu.",8531.10.208531.10.208531.10.20
2.4.1.2.4.1.2.4.1.,Tủ trung tâm báo cháyTủ trung tâm báo cháyTủ trung tâm báo cháy,8. Tính toàn vẹn của tín hiệu cảnh báo (***)8. Tính toàn vẹn của tín hiệu cảnh báo (***)8. Tính toàn vẹn của tín hiệu cảnh báo (***),4.2.24.2.24.2.2TCVN 7568-25:2023TCVN 7568-25:2023TCVN 7568-25:2023,8.2.38.2.38.2.3TCVN 7568-25:2023TCVN 7568-25:2023TCVN 7568-25:2023,"Mẫu được lấy ngẫu nhiên tại lố phương tiện, số lượng mẫu được lấy phụ thuộc vào số lượng phương tiện trong lô (n), cụ thể như sau:Mẫu được lấy ngẫu nhiên tại lố phương tiện, số lượng mẫu được lấy phụ thuộc vào số lượng phương tiện trong lô (n), cụ thể như sau:Mẫu được lấy ngẫu nhiên tại lố phương tiện, số lượng mẫu được lấy phụ thuộc vào số lượng phương tiện trong lô (n), cụ thể như sau:+ Nếu n ≤ 3 thì lấy mẫu tất cả;+ Nếu n ≤ 3 thì lấy mẫu tất cả;+ Nếu n ≤ 3 thì lấy mẫu tất cả;+ Nếu 3 < n ≤ 100 thì lấy 03 mẫu;+ Nếu 3 < n ≤ 100 thì lấy 03 mẫu;+ Nếu 3 < n ≤ 100 thì lấy 03 mẫu;+ Nếu 100 < n ≤ 500 thì lấy 06 mẫu;+ Nếu 100 < n ≤ 500 thì lấy 06 mẫu;+ Nếu 100 < n ≤ 500 thì lấy 06 mẫu;+ Nếu n > 500 thì lấy 09 mẫu.+ Nếu n > 500 thì lấy 09 mẫu.+ Nếu n > 500 thì lấy 09 mẫu.",8531.10.208531.10.208531.10.20
2.4.1.2.4.1.2.4.1.,Tủ trung tâm báo cháyTủ trung tâm báo cháyTủ trung tâm báo cháy,9. Định danh của các thiết bị sử dụng đường truyền vô tuyến (***)9. Định danh của các thiết bị sử dụng đường truyền vô tuyến (***)9. Định danh của các thiết bị sử dụng đường truyền vô tuyến (***),4.2.34.2.34.2.3TCVN 7568-25:2023TCVTCVN 7568-25:2023N 7568-25:2023,8.2.48.2.48.2.4TCVN 7568-25:2023TCVN 7568-25:2023TCVN 7568-25:2023,"Mẫu được lấy ngẫu nhiên tại lố phương tiện, số lượng mẫu được lấy phụ thuộc vào số lượng phương tiện trong lô (n), cụ thể như sau:Mẫu được lấy ngẫu nhiên tại lố phương tiện, số lượng mẫu được lấy phụ thuộc vào số lượng phương tiện trong lô (n), cụ thể như sau:Mẫu được lấy ngẫu nhiên tại lố phương tiện, số lượng mẫu được lấy phụ thuộc vào số lượng phương tiện trong lô (n), cụ thể như sau:+ Nếu n ≤ 3 thì lấy mẫu tất cả;+ Nếu n ≤ 3 thì lấy mẫu tất cả;+ Nếu n ≤ 3 thì lấy mẫu tất cả;+ Nếu 3 < n ≤ 100 thì lấy 03 mẫu;+ Nếu 3 < n ≤ 100 thì lấy 03 mẫu;+ Nếu 3 < n ≤ 100 thì lấy 03 mẫu;+ Nếu 100 < n ≤ 500 thì lấy 06 mẫu;+ Nếu 100 < n ≤ 500 thì lấy 06 mẫu;+ Nếu 100 < n ≤ 500 thì lấy 06 mẫu;+ Nếu n > 500 thì lấy 09 mẫu.+ Nếu n > 500 thì lấy 09 mẫu.+ Nếu n > 500 thì lấy 09 mẫu.",8531.10.208531.10.208531.10.20
2.4.1.2.4.1.2.4.1.,Tủ trung tâm báo cháyTủ trung tâm báo cháyTủ trung tâm báo cháy,10. Ăng ten (***)10. Ăng ten (***)10. Ăng ten (***),4.2.74.2.74.2.7TCVN 7568-25:2023TCVN 7568-25:2023TCVN 7568-25:2023,8.2.98.2.98.2.9TCVN 7568-25:2023TCVN 7568-25:2023TCVN 7568-25:2023,"Mẫu được lấy ngẫu nhiên tại lố phương tiện, số lượng mẫu được lấy phụ thuộc vào số lượng phương tiện trong lô (n), cụ thể như sau:Mẫu được lấy ngẫu nhiên tại lố phương tiện, số lượng mẫu được lấy phụ thuộc vào số lượng phương tiện trong lô (n), cụ thể như sau:Mẫu được lấy ngẫu nhiên tại lố phương tiện, số lượng mẫu được lấy phụ thuộc vào số lượng phương tiện trong lô (n), cụ thể như sau:+ Nếu n ≤ 3 thì lấy mẫu tất cả;+ Nếu n ≤ 3 thì lấy mẫu tất cả;+ Nếu n ≤ 3 thì lấy mẫu tất cả;+ Nếu 3 < n ≤ 100 thì lấy 03 mẫu;+ Nếu 3 < n ≤ 100 thì lấy 03 mẫu;+ Nếu 3 < n ≤ 100 thì lấy 03 mẫu;+ Nếu 100 < n ≤ 500 thì lấy 06 mẫu;+ Nếu 100 < n ≤ 500 thì lấy 06 mẫu;+ Nếu 100 < n ≤ 500 thì lấy 06 mẫu;+ Nếu n > 500 thì lấy 09 mẫu.+ Nếu n > 500 thì lấy 09 mẫu.+ Nếu n > 500 thì lấy 09 mẫu.",8531.10.208531.10.208531.10.20
2.4.1.2.4.1.2.4.1.,Tủ trung tâm báo cháyTủ trung tâm báo cháyTủ trung tâm báo cháy,10. Tuổi thọ nguồn độc lập (***)10. Tuổi thọ nguồn độc lập (***)10. Tuổi thọ nguồn độc lập (***),5.3.25.3.25.3.2TCVN 7568-25:2023TCVN 7568-25:2023TCVN 7568-25:2023,8.3.38.3.38.3.3TCVN 7568-25:2023TCVN 7568-25:2023TCVN 7568-25:2023,"Mẫu được lấy ngẫu nhiên tại lố phương tiện, số lượng mẫu được lấy phụ thuộc vào số lượng phương tiện trong lô (n), cụ thể như sau:Mẫu được lấy ngẫu nhiên tại lố phương tiện, số lượng mẫu được lấy phụ thuộc vào số lượng phương tiện trong lô (n), cụ thể như sau:Mẫu được lấy ngẫu nhiên tại lố phương tiện, số lượng mẫu được lấy phụ thuộc vào số lượng phương tiện trong lô (n), cụ thể như sau:+ Nếu n ≤ 3 thì lấy mẫu tất cả;+ Nếu n ≤ 3 thì lấy mẫu tất cả;+ Nếu n ≤ 3 thì lấy mẫu tất cả;+ Nếu 3 < n ≤ 100 thì lấy 03 mẫu;+ Nếu 3 < n ≤ 100 thì lấy 03 mẫu;+ Nếu 3 < n ≤ 100 thì lấy 03 mẫu;+ Nếu 100 < n ≤ 500 thì lấy 06 mẫu;+ Nếu 100 < n ≤ 500 thì lấy 06 mẫu;+ Nếu 100 < n ≤ 500 thì lấy 06 mẫu;+ Nếu n > 500 thì lấy 09 mẫu.+ Nếu n > 500 thì lấy 09 mẫu.+ Nếu n > 500 thì lấy 09 mẫu.",8531.10.208531.10.208531.10.20
2.4.1.2.4.1.2.4.1.,Tủ trung tâm báo cháyTủ trung tâm báo cháyTủ trung tâm báo cháy,11. Xuyên nhiễu giữa các hệ thống của cùng một nhà sản xuất (***)11. Xuyên nhiễu giữa các hệ thống của cùng một nhà sản xuất (***)11. Xuyên nhiễu giữa các hệ thống của cùng một nhà sản xuất (***),4.2.5.24.2.5.24.2.5.2TCVN 7568-25:2023TCVN 7568-25:2023TCVN 7568-25:2023,8.2.68.2.68.2.6TCVN 7568-25:2023TCVN 7568-25:2023TCVN 7568-25:2023,"Mẫu được lấy ngẫu nhiên tại lố phương tiện, số lượng mẫu được lấy phụ thuộc vào số lượng phương tiện trong lô (n), cụ thể như sau:Mẫu được lấy ngẫu nhiên tại lố phương tiện, số lượng mẫu được lấy phụ thuộc vào số lượng phương tiện trong lô (n), cụ thể như sau:Mẫu được lấy ngẫu nhiên tại lố phương tiện, số lượng mẫu được lấy phụ thuộc vào số lượng phương tiện trong lô (n), cụ thể như sau:+ Nếu n ≤ 3 thì lấy mẫu tất cả;+ Nếu n ≤ 3 thì lấy mẫu tất cả;+ Nếu n ≤ 3 thì lấy mẫu tất cả;+ Nếu 3 < n ≤ 100 thì lấy 03 mẫu;+ Nếu 3 < n ≤ 100 thì lấy 03 mẫu;+ Nếu 3 < n ≤ 100 thì lấy 03 mẫu;+ Nếu 100 < n ≤ 500 thì lấy 06 mẫu;+ Nếu 100 < n ≤ 500 thì lấy 06 mẫu;+ Nếu 100 < n ≤ 500 thì lấy 06 mẫu;+ Nếu n > 500 thì lấy 09 mẫu.+ Nếu n > 500 thì lấy 09 mẫu.+ Nếu n > 500 thì lấy 09 mẫu.",8531.10.208531.10.208531.10.20
2.4.2.2.4.2.2.4.2.,Đầu báo cháy khói kiểu điểmĐầu báo cháy khói kiểu điểmĐầu báo cháy khói kiểu điểm,1. Khả năng tái lặp1. Khả năng tái lặp1. Khả năng tái lặp,5.2.35.2.35.2.3TCVN 7568-7:2015TCVN 7568-7:2015TCVN 7568-7:2015,5.2.25.2.25.2.2TCVN 7568-7:2015TCVN 7568-7:2015TCVN 7568-7:2015,"Mẫu được lấy ngẫu nhiên tại lô phương tiện, số lượng mẫu được lấy phụ thuộc vào số lượng phương tiện trong lô (n), cụ thể như sau:Mẫu được lấy ngẫu nhiên tại lô phương tiện, số lượng mẫu được lấy phụ thuộc vào số lượng phương tiện trong lô (n), cụ thể như sau:Mẫu được lấy ngẫu nhiên tại lô phương tiện, số lượng mẫu được lấy phụ thuộc vào số lượng phương tiện trong lô (n), cụ thể như sau:- Thử nghiệm lô lần đầu:- Thử nghiệm lô lần đầu:- Thử nghiệm lô lần đầu:+ Nếu n ≤ 1.000 thì lấy 09 mẫu;+ Nếu n ≤ 1.000 thì lấy 09 mẫu;+ Nếu n ≤ 1.000 thì lấy 09 mẫu;+ Nếu 1.000 < n ≤ 5.000 thì lấy 18 mẫu;+ Nếu 1.000 < n ≤ 5.000 thì lấy 18 mẫu;+ Nếu 1.000 < n ≤ 5.000 thì lấy 18 mẫu;+ Nếu 5.000 < n ≤ 10.000 thì lấy 27 mẫu;+ Nếu 5.000 < n ≤ 10.000 thì lấy 27 mẫu;+ Nếu 5.000 < n ≤ 10.000 thì lấy 27 mẫu;+ Nếu n > 10.000 thì lấy 36 mẫu.+ Nếu n > 10.000 thì lấy 36 mẫu.+ Nếu n > 10.000 thì lấy 36 mẫu.- Thử nghiệm lô lần kế tiếp:- Thử nghiệm lô lần kế tiếp:- Thử nghiệm lô lần kế tiếp:+ Nếu n ≤ 1.000 thì lấy 07 mẫu;+ Nếu n ≤ 1.000 thì lấy 07 mẫu;+ Nếu n ≤ 1.000 thì lấy 07 mẫu;+ Nếu 1.000 < n ≤ 5.000 thì lấy 14 mẫu;+ Nếu 1.000 < n ≤ 5.000 thì lấy 14 mẫu;+ Nếu 1.000 < n ≤ 5.000 thì lấy 14 mẫu;+ Nếu 5.000 < n ≤ 10.000 thì lấy 21 mẫu;+ Nếu 5.000 < n ≤ 10.000 thì lấy 21 mẫu;+ Nếu 5.000 < n ≤ 10.000 thì lấy 21 mẫu;+ Nếu n > 10.000 thì lấy 28 mẫu.+ Nếu n > 10.000 thì lấy 28 mẫu.+ Nếu n > 10.000 thì lấy 28 mẫu.",8531.10.308531.10.308531.10.30
2.4.2.2.4.2.2.4.2.,Đầu báo cháy khói kiểu điểmĐầu báo cháy khói kiểu điểmĐầu báo cháy khói kiểu điểm,2. Sự phụ thuộc vào hướng2. Sự phụ thuộc vào hướng2. Sự phụ thuộc vào hướng,5.3.35.3.35.3.3TCVN 7568-7:2015TCVN 7568-7:2015TCVN 7568-7:2015,5.3.25.3.25.3.2TCVN 7568-7:2015TCVN 7568-7:2015TCVN 7568-7:2015,"Mẫu được lấy ngẫu nhiên tại lô phương tiện, số lượng mẫu được lấy phụ thuộc vào số lượng phương tiện trong lô (n), cụ thể như sau:Mẫu được lấy ngẫu nhiên tại lô phương tiện, số lượng mẫu được lấy phụ thuộc vào số lượng phương tiện trong lô (n), cụ thể như sau:Mẫu được lấy ngẫu nhiên tại lô phương tiện, số lượng mẫu được lấy phụ thuộc vào số lượng phương tiện trong lô (n), cụ thể như sau:- Thử nghiệm lô lần đầu:- Thử nghiệm lô lần đầu:- Thử nghiệm lô lần đầu:+ Nếu n ≤ 1.000 thì lấy 09 mẫu;+ Nếu n ≤ 1.000 thì lấy 09 mẫu;+ Nếu n ≤ 1.000 thì lấy 09 mẫu;+ Nếu 1.000 < n ≤ 5.000 thì lấy 18 mẫu;+ Nếu 1.000 < n ≤ 5.000 thì lấy 18 mẫu;+ Nếu 1.000 < n ≤ 5.000 thì lấy 18 mẫu;+ Nếu 5.000 < n ≤ 10.000 thì lấy 27 mẫu;+ Nếu 5.000 < n ≤ 10.000 thì lấy 27 mẫu;+ Nếu 5.000 < n ≤ 10.000 thì lấy 27 mẫu;+ Nếu n > 10.000 thì lấy 36 mẫu.+ Nếu n > 10.000 thì lấy 36 mẫu.+ Nếu n > 10.000 thì lấy 36 mẫu.- Thử nghiệm lô lần kế tiếp:- Thử nghiệm lô lần kế tiếp:- Thử nghiệm lô lần kế tiếp:+ Nếu n ≤ 1.000 thì lấy 07 mẫu;+ Nếu n ≤ 1.000 thì lấy 07 mẫu;+ Nếu n ≤ 1.000 thì lấy 07 mẫu;+ Nếu 1.000 < n ≤ 5.000 thì lấy 14 mẫu;+ Nếu 1.000 < n ≤ 5.000 thì lấy 14 mẫu;+ Nếu 1.000 < n ≤ 5.000 thì lấy 14 mẫu;+ Nếu 5.000 < n ≤ 10.000 thì lấy 21 mẫu;+ Nếu 5.000 < n ≤ 10.000 thì lấy 21 mẫu;+ Nếu 5.000 < n ≤ 10.000 thì lấy 21 mẫu;+ Nếu n > 10.000 thì lấy 28 mẫu.+ Nếu n > 10.000 thì lấy 28 mẫu.+ Nếu n > 10.000 thì lấy 28 mẫu.",8531.10.308531.10.308531.10.30
2.4.2.2.4.2.2.4.2.,Đầu báo cháy khói kiểu điểmĐầu báo cháy khói kiểu điểmĐầu báo cháy khói kiểu điểm,3. Khả năng tái tạo3. Khả năng tái tạo3. Khả năng tái tạo,5.4.35.4.35.4.3TCVN 7568-7:2015TCVN 7568TCVN 7568-7:2015-7:2015,5.4.25.4.25.4.2TCVN 7568-7:2015TCVN 7568-7:2015TCVN 7568-7:2015,"Mẫu được lấy ngẫu nhiên tại lô phương tiện, số lượng mẫu được lấy phụ thuộc vào số lượng phương tiện trong lô (n), cụ thể như sau:Mẫu được lấy ngẫu nhiên tại lô phương tiện, số lượng mẫu được lấy phụ thuộc vào số lượng phương tiện trong lô (n), cụ thể như sau:Mẫu được lấy ngẫu nhiên tại lô phương tiện, số lượng mẫu được lấy phụ thuộc vào số lượng phương tiện trong lô (n), cụ thể như sau:- Thử nghiệm lô lần đầu:- Thử nghiệm lô lần đầu:- Thử nghiệm lô lần đầu:+ Nếu n ≤ 1.000 thì lấy 09 mẫu;+ Nếu n ≤ 1.000 thì lấy 09 mẫu;+ Nếu n ≤ 1.000 thì lấy 09 mẫu;+ Nếu 1.000 < n ≤ 5.000 thì lấy 18 mẫu;+ Nếu 1.000 < n ≤ 5.000 thì lấy 18 mẫu;+ Nếu 1.000 < n ≤ 5.000 thì lấy 18 mẫu;+ Nếu 5.000 < n ≤ 10.000 thì lấy 27 mẫu;+ Nếu 5.000 < n ≤ 10.000 thì lấy 27 mẫu;+ Nếu 5.000 < n ≤ 10.000 thì lấy 27 mẫu;+ Nếu n > 10.000 thì lấy 36 mẫu.+ Nếu n > 10.000 thì lấy 36 mẫu.+ Nếu n > 10.000 thì lấy 36 mẫu.- Thử nghiệm lô lần kế tiếp:- Thử nghiệm lô lần kế tiếp:- Thử nghiệm lô lần kế tiếp:+ Nếu n ≤ 1.000 thì lấy 07 mẫu;+ Nếu n ≤ 1.000 thì lấy 07 mẫu;+ Nếu n ≤ 1.000 thì lấy 07 mẫu;+ Nếu 1.000 < n ≤ 5.000 thì lấy 14 mẫu;+ Nếu 1.000 < n ≤ 5.000 thì lấy 14 mẫu;+ Nếu 1.000 < n ≤ 5.000 thì lấy 14 mẫu;+ Nếu 5.000 < n ≤ 10.000 thì lấy 21 mẫu;+ Nếu 5.000 < n ≤ 10.000 thì lấy 21 mẫu;+ Nếu 5.000 < n ≤ 10.000 thì lấy 21 mẫu;+ Nếu n > 10.000 thì lấy 28 mẫu.+ Nếu n > 10.000 thì lấy 28 mẫu.+ Nếu n > 10.000 thì lấy 28 mẫu.",8531.10.308531.10.308531.10.30
2.4.2.2.4.2.2.4.2.,Đầu báo cháy khói kiểu điểmĐầu báo cháy khói kiểu điểmĐầu báo cháy khói kiểu điểm,4. Biến đổi của các thông số nguồn cấp điện4. Biến đổi của các thông số nguồn cấp điện4. Biến đổi của các thông số nguồn cấp điện,5.5.35.5.35.5.3TCVN 7568-7:2015TCVN 7568-7:2015TCVN 7568-7:2015,5.5.25.5.25.5.2TCVN 7568-7:2015TCVN 7568-7:2015TCVN 7568-7:2015,"Mẫu được lấy ngẫu nhiên tại lô phương tiện, số lượng mẫu được lấy phụ thuộc vào số lượng phương tiện trong lô (n), cụ thể như sau:Mẫu được lấy ngẫu nhiên tại lô phương tiện, số lượng mẫu được lấy phụ thuộc vào số lượng phương tiện trong lô (n), cụ thể như sau:Mẫu được lấy ngẫu nhiên tại lô phương tiện, số lượng mẫu được lấy phụ thuộc vào số lượng phương tiện trong lô (n), cụ thể như sau:- Thử nghiệm lô lần đầu:- Thử nghiệm lô lần đầu:- Thử nghiệm lô lần đầu:+ Nếu n ≤ 1.000 thì lấy 09 mẫu;+ Nếu n ≤ 1.000 thì lấy 09 mẫu;+ Nếu n ≤ 1.000 thì lấy 09 mẫu;+ Nếu 1.000 < n ≤ 5.000 thì lấy 18 mẫu;+ Nếu 1.000 < n ≤ 5.000 thì lấy 18 mẫu;+ Nếu 1.000 < n ≤ 5.000 thì lấy 18 mẫu;+ Nếu 5.000 < n ≤ 10.000 thì lấy 27 mẫu;+ Nếu 5.000 < n ≤ 10.000 thì lấy 27 mẫu;+ Nếu 5.000 < n ≤ 10.000 thì lấy 27 mẫu;+ Nếu n > 10.000 thì lấy 36 mẫu.+ Nếu n > 10.000 thì lấy 36 mẫu.+ Nếu n > 10.000 thì lấy 36 mẫu.- Thử nghiệm lô lần kế tiếp:- Thử nghiệm lô lần kế tiếp:- Thử nghiệm lô lần kế tiếp:+ Nếu n ≤ 1.000 thì lấy 07 mẫu;+ Nếu n ≤ 1.000 thì lấy 07 mẫu;+ Nếu n ≤ 1.000 thì lấy 07 mẫu;+ Nếu 1.000 < n ≤ 5.000 thì lấy 14 mẫu;+ Nếu 1.000 < n ≤ 5.000 thì lấy 14 mẫu;+ Nếu 1.000 < n ≤ 5.000 thì lấy 14 mẫu;+ Nếu 5.000 < n ≤ 10.000 thì lấy 21 mẫu;+ Nếu 5.000 < n ≤ 10.000 thì lấy 21 mẫu;+ Nếu 5.000 < n ≤ 10.000 thì lấy 21 mẫu;+ Nếu n > 10.000 thì lấy 28 mẫu.+ Nếu n > 10.000 thì lấy 28 mẫu.+ Nếu n > 10.000 thì lấy 28 mẫu.",8531.10.308531.10.308531.10.30
2.4.2.2.4.2.2.4.2.,Đầu báo cháy khói kiểu điểmĐầu báo cháy khói kiểu điểmĐầu báo cháy khói kiểu điểm,5. Chuyển động của gió (không khí)5. Chuyển động của gió (không khí)5. Chuyển động của gió (không khí),5.6.35.6.35.6.3TCVN 7568-7:2015TCVN 7568-7:2015TCVN 7568-7:2015,5.6.25.6.25.6.2TCVN 7568-7:2015TCVN 7568-7:2015TCVN 7568-7:2015,"Mẫu được lấy ngẫu nhiên tại lô phương tiện, số lượng mẫu được lấy phụ thuộc vào số lượng phương tiện trong lô (n), cụ thể như sau:Mẫu được lấy ngẫu nhiên tại lô phương tiện, số lượng mẫu được lấy phụ thuộc vào số lượng phương tiện trong lô (n), cụ thể như sau:Mẫu được lấy ngẫu nhiên tại lô phương tiện, số lượng mẫu được lấy phụ thuộc vào số lượng phương tiện trong lô (n), cụ thể như sau:- Thử nghiệm lô lần đầu:- Thử nghiệm lô lần đầu:- Thử nghiệm lô lần đầu:+ Nếu n ≤ 1.000 thì lấy 09 mẫu;+ Nếu n ≤ 1.000 thì lấy 09 mẫu;+ Nếu n ≤ 1.000 thì lấy 09 mẫu;+ Nếu 1.000 < n ≤ 5.000 thì lấy 18 mẫu;+ Nếu 1.000 < n ≤ 5.000 thì lấy 18 mẫu;+ Nếu 1.000 < n ≤ 5.000 thì lấy 18 mẫu;+ Nếu 5.000 < n ≤ 10.000 thì lấy 27 mẫu;+ Nếu 5.000 < n ≤ 10.000 thì lấy 27 mẫu;+ Nếu 5.000 < n ≤ 10.000 thì lấy 27 mẫu;+ Nếu n > 10.000 thì lấy 36 mẫu.+ Nếu n > 10.000 thì lấy 36 mẫu.+ Nếu n > 10.000 thì lấy 36 mẫu.- Thử nghiệm lô lần kế tiếp:- Thử nghiệm lô lần kế tiếp:- Thử nghiệm lô lần kế tiếp:+ Nếu n ≤ 1.000 thì lấy 07 mẫu;+ Nếu n ≤ 1.000 thì lấy 07 mẫu;+ Nếu n ≤ 1.000 thì lấy 07 mẫu;+ Nếu 1.000 < n ≤ 5.000 thì lấy 14 mẫu;+ Nếu 1.000 < n ≤ 5.000 thì lấy 14 mẫu;+ Nếu 1.000 < n ≤ 5.000 thì lấy 14 mẫu;+ Nếu 5.000 < n ≤ 10.000 thì lấy 21 mẫu;+ Nếu 5.000 < n ≤ 10.000 thì lấy 21 mẫu;+ Nếu 5.000 < n ≤ 10.000 thì lấy 21 mẫu;+ Nếu n > 10.000 thì lấy 28 mẫu.+ Nếu n > 10.000 thì lấy 28 mẫu.+ Nếu n > 10.000 thì lấy 28 mẫu.",8531.10.308531.10.308531.10.30
2.4.2.2.4.2.2.4.2.,Đầu báo cháy khói kiểu điểmĐầu báo cháy khói kiểu điểmĐầu báo cháy khói kiểu điểm,6. Sự lóa mắt6. Sự lóa mắt6. Sự lóa mắt,5.7.35.7.35.7.3TCVN 7568-7:2015TCVN 7568-7:2015TCVN 7568-7:2015,5.7.25.5.7.27.2TCVN 7568-7:2015TCVN 7568-7:2015TCVN 7568-7:2015,"Mẫu được lấy ngẫu nhiên tại lô phương tiện, số lượng mẫu được lấy phụ thuộc vào số lượng phương tiện trong lô (n), cụ thể như sau:Mẫu được lấy ngẫu nhiên tại lô phương tiện, số lượng mẫu được lấy phụ thuộc vào số lượng phương tiện trong lô (n), cụ thể như sau:Mẫu được lấy ngẫu nhiên tại lô phương tiện, số lượng mẫu được lấy phụ thuộc vào số lượng phương tiện trong lô (n), cụ thể như sau:- Thử nghiệm lô lần đầu:- Thử nghiệm lô lần đầu:- Thử nghiệm lô lần đầu:+ Nếu n ≤ 1.000 thì lấy 09 mẫu;+ Nếu n ≤ 1.000 thì lấy 09 mẫu;+ Nếu n ≤ 1.000 thì lấy 09 mẫu;+ Nếu 1.000 < n ≤ 5.000 thì lấy 18 mẫu;+ Nếu 1.000 < n ≤ 5.000 thì lấy 18 mẫu;+ Nếu 1.000 < n ≤ 5.000 thì lấy 18 mẫu;+ Nếu 5.000 < n ≤ 10.000 thì lấy 27 mẫu;+ Nếu 5.000 < n ≤ 10.000 thì lấy 27 mẫu;+ Nếu 5.000 < n ≤ 10.000 thì lấy 27 mẫu;+ Nếu n > 10.000 thì lấy 36 mẫu.+ Nếu n > 10.000 thì lấy 36 mẫu.+ Nếu n > 10.000 thì lấy 36 mẫu.- Thử nghiệm lô lần kế tiếp:- Thử nghiệm lô lần kế tiếp:- Thử nghiệm lô lần kế tiếp:+ Nếu n ≤ 1.000 thì lấy 07 mẫu;+ Nếu n ≤ 1.000 thì lấy 07 mẫu;+ Nếu n ≤ 1.000 thì lấy 07 mẫu;+ Nếu 1.000 < n ≤ 5.000 thì lấy 14 mẫu;+ Nếu 1.000 < n ≤ 5.000 thì lấy 14 mẫu;+ Nếu 1.000 < n ≤ 5.000 thì lấy 14 mẫu;+ Nếu 5.000 < n ≤ 10.000 thì lấy 21 mẫu;+ Nếu 5.000 < n ≤ 10.000 thì lấy 21 mẫu;+ Nếu 5.000 < n ≤ 10.000 thì lấy 21 mẫu;+ Nếu n > 10.000 thì lấy 28 mẫu.+ Nếu n > 10.000 thì lấy 28 mẫu.+ Nếu n > 10.000 thì lấy 28 mẫu.",8531.10.308531.10.308531.10.30
2.4.2.2.4.2.2.4.2.,Đầu báo cháy khói kiểu điểmĐầu báo cháy khói kiểu điểmĐầu báo cháy khói kiểu điểm,7 Nóng khô (vận hành)7 Nóng khô (vận hành)7 Nóng khô (vận hành),5.8.35.8.35.8.3TCVN 7568-7:2015TCVN 7568-7:2015TCVN 7568-7:2015,5.8.25.8.25.8.2TCVN 7568-7:2015TCVN 7568-7:2015TCVN 7568-7:2015,"Mẫu được lấy ngẫu nhiên tại lô phương tiện, số lượng mẫu được lấy phụ thuộc vào số lượng phương tiện trong lô (n), cụ thể như sau:Mẫu được lấy ngẫu nhiên tại lô phương tiện, số lượng mẫu được lấy phụ thuộc vào số lượng phương tiện trong lô (n), cụ thể như sau:Mẫu được lấy ngẫu nhiên tại lô phương tiện, số lượng mẫu được lấy phụ thuộc vào số lượng phương tiện trong lô (n), cụ thể như sau:- Thử nghiệm lô lần đầu:- Thử nghiệm lô lần đầu:- Thử nghiệm lô lần đầu:+ Nếu n ≤ 1.000 thì lấy 09 mẫu;+ Nếu n ≤ 1.000 thì lấy 09 mẫu;+ Nếu n ≤ 1.000 thì lấy 09 mẫu;+ Nếu 1.000 < n ≤ 5.000 thì lấy 18 mẫu;+ Nếu 1.000 < n ≤ 5.000 thì lấy 18 mẫu;+ Nếu 1.000 < n ≤ 5.000 thì lấy 18 mẫu;+ Nếu 5.000 < n ≤ 10.000 thì lấy 27 mẫu;+ Nếu 5.000 < n ≤ 10.000 thì lấy 27 mẫu;+ Nếu 5.000 < n ≤ 10.000 thì lấy 27 mẫu;+ Nếu n > 10.000 thì lấy 36 mẫu.+ Nếu n > 10.000 thì lấy 36 mẫu.+ Nếu n > 10.000 thì lấy 36 mẫu.- Thử nghiệm lô lần kế tiếp:- Thử nghiệm lô lần kế tiếp:- Thử nghiệm lô lần kế tiếp:+ Nếu n ≤ 1.000 thì lấy 07 mẫu;+ Nếu n ≤ 1.000 thì lấy 07 mẫu;+ Nếu n ≤ 1.000 thì lấy 07 mẫu;+ Nếu 1.000 < n ≤ 5.000 thì lấy 14 mẫu;+ Nếu 1.000 < n ≤ 5.000 thì lấy 14 mẫu;+ Nếu 1.000 < n ≤ 5.000 thì lấy 14 mẫu;+ Nếu 5.000 < n ≤ 10.000 thì lấy 21 mẫu;+ Nếu 5.000 < n ≤ 10.000 thì lấy 21 mẫu;+ Nếu 5.000 < n ≤ 10.000 thì lấy 21 mẫu;+ Nếu n > 10.000 thì lấy 28 mẫu.+ Nếu n > 10.000 thì lấy 28 mẫu.+ Nếu n > 10.000 thì lấy 28 mẫu.",8531.10.308531.10.308531.10.30
2.4.2.2.4.2.2.4.2.,Đầu báo cháy khói kiểu điểmĐầu báo cháy khói kiểu điểmĐầu báo cháy khói kiểu điểm,"8. Nóng ẩm, trạng thái ổn định (vận hành)8. Nóng ẩm, trạng thái ổn định (vận hành)8. Nóng ẩm, trạng thái ổn định (vận hành)",5.10.35.10.35.10.3TCVN 7568-7:2015TCVN 7568-7:2015TCVN 7568-7:2015,5.10.25.10.25.10.2TCVN 7568-7:2015TCVN 7568-7:2015TCVN 7568-7:2015,"Mẫu được lấy ngẫu nhiên tại lô phương tiện, số lượng mẫu được lấy phụ thuộc vào số lượng phương tiện trong lô (n), cụ thể như sau:Mẫu được lấy ngẫu nhiên tại lô phương tiện, số lượng mẫu được lấy phụ thuộc vào số lượng phương tiện trong lô (n), cụ thể như sau:Mẫu được lấy ngẫu nhiên tại lô phương tiện, số lượng mẫu được lấy phụ thuộc vào số lượng phương tiện trong lô (n), cụ thể như sau:- Thử nghiệm lô lần đầu:- Thử nghiệm lô lần đầu:- Thử nghiệm lô lần đầu:+ Nếu n ≤ 1.000 thì lấy 09 mẫu;+ Nếu n ≤ 1.000 thì lấy 09 mẫu;+ Nếu n ≤ 1.000 thì lấy 09 mẫu;+ Nếu 1.000 < n ≤ 5.000 thì lấy 18 mẫu;+ Nếu 1.000 < n ≤ 5.000 thì lấy 18 mẫu;+ Nếu 1.000 < n ≤ 5.000 thì lấy 18 mẫu;+ Nếu 5.000 < n ≤ 10.000 thì lấy 27 mẫu;+ Nếu 5.000 < n ≤ 10.000 thì lấy 27 mẫu;+ Nếu 5.000 < n ≤ 10.000 thì lấy 27 mẫu;+ Nếu n > 10.000 thì lấy 36 mẫu.+ Nếu n > 10.000 thì lấy 36 mẫu.+ Nếu n > 10.000 thì lấy 36 mẫu.- Thử nghiệm lô lần kế tiếp:- Thử nghiệm lô lần kế tiếp:- Thử nghiệm lô lần kế tiếp:+ Nếu n ≤ 1.000 thì lấy 07 mẫu;+ Nếu n ≤ 1.000 thì lấy 07 mẫu;+ Nếu n ≤ 1.000 thì lấy 07 mẫu;+ Nếu 1.000 < n ≤ 5.000 thì lấy 14 mẫu;+ Nếu 1.000 < n ≤ 5.000 thì lấy 14 mẫu;+ Nếu 1.000 < n ≤ 5.000 thì lấy 14 mẫu;+ Nếu 5.000 < n ≤ 10.000 thì lấy 21 mẫu;+ Nếu 5.000 < n ≤ 10.000 thì lấy 21 mẫu;+ Nếu 5.000 < n ≤ 10.000 thì lấy 21 mẫu;+ Nếu n > 10.000 thì lấy 28 mẫu.+ Nếu n > 10.000 thì lấy 28 mẫu.+ Nếu n > 10.000 thì lấy 28 mẫu.",8531.10.308531.10.308531.10.30
2.4.2.2.4.2.2.4.2.,Đầu báo cháy khói kiểu điểmĐầu báo cháy khói kiểu điểmĐầu báo cháy khói kiểu điểm,9. Ăn mòn sunfua dioxide (SO2) (*)9. Ăn mòn sunfua dioxide (SO9. Ăn mòn sunfua dioxide (SO22) (*)) (*),5.12.35.12.35.12.3TCVN 7568-7:2015TCVN 7568-7:2015TCVN 7568-7:2015,5.12.25.15.12.22.2TCVN 7568-7:2015TCVN 7568-7:2015TCVN 7568-7:2015,"Mẫu được lấy ngẫu nhiên tại lô phương tiện, số lượng mẫu được lấy phụ thuộc vào số lượng phương tiện trong lô (n), cụ thể như sau:Mẫu được lấy ngẫu nhiên tại lô phương tiện, số lượng mẫu được lấy phụ thuộc vào số lượng phương tiện trong lô (n), cụ thể như sau:Mẫu được lấy ngẫu nhiên tại lô phương tiện, số lượng mẫu được lấy phụ thuộc vào số lượng phương tiện trong lô (n), cụ thể như sau:- Thử nghiệm lô lần đầu:- Thử nghiệm lô lần đầu:- Thử nghiệm lô lần đầu:+ Nếu n ≤ 1.000 thì lấy 09 mẫu;+ Nếu n ≤ 1.000 thì lấy 09 mẫu;+ Nếu n ≤ 1.000 thì lấy 09 mẫu;+ Nếu 1.000 < n ≤ 5.000 thì lấy 18 mẫu;+ Nếu 1.000 < n ≤ 5.000 thì lấy 18 mẫu;+ Nếu 1.000 < n ≤ 5.000 thì lấy 18 mẫu;+ Nếu 5.000 < n ≤ 10.000 thì lấy 27 mẫu;+ Nếu 5.000 < n ≤ 10.000 thì lấy 27 mẫu;+ Nếu 5.000 < n ≤ 10.000 thì lấy 27 mẫu;+ Nếu n > 10.000 thì lấy 36 mẫu.+ Nếu n > 10.000 thì lấy 36 mẫu.+ Nếu n > 10.000 thì lấy 36 mẫu.- Thử nghiệm lô lần kế tiếp:- Thử nghiệm lô lần kế tiếp:- Thử nghiệm lô lần kế tiếp:+ Nếu n ≤ 1.000 thì lấy 07 mẫu;+ Nếu n ≤ 1.000 thì lấy 07 mẫu;+ Nếu n ≤ 1.000 thì lấy 07 mẫu;+ Nếu 1.000 < n ≤ 5.000 thì lấy 14 mẫu;+ Nếu 1.000 < n ≤ 5.000 thì lấy 14 mẫu;+ Nếu 1.000 < n ≤ 5.000 thì lấy 14 mẫu;+ Nếu 5.000 < n ≤ 10.000 thì lấy 21 mẫu;+ Nếu 5.000 < n ≤ 10.000 thì lấy 21 mẫu;+ Nếu 5.000 < n ≤ 10.000 thì lấy 21 mẫu;+ Nếu n > 10.000 thì lấy 28 mẫu.+ Nếu n > 10.000 thì lấy 28 mẫu.+ Nếu n > 10.000 thì lấy 28 mẫu.",8531.10.308531.10.308531.10.30
2.4.2.2.4.2.2.4.2.,Đầu báo cháy khói kiểu điểmĐầu báo cháy khói kiểu điểmĐầu báo cháy khói kiểu điểm,10. Rung lắc mạnh (vận hành)10. Rung lắc mạnh (vận hành)10. Rung lắc mạnh (vận hành),5.13.35.13.35.13.3TCVN 7568-7:2015TCVN 7568-7:2015TCVN 7568-7:2015,5.13.25.13.25.13.2TCVN 7568-7:2015TCVN 7568-7:2015TCVN 7568-7:2015,"Mẫu được lấy ngẫu nhiên tại lô phương tiện, số lượng mẫu được lấy phụ thuộc vào số lượng phương tiện trong lô (n), cụ thể như sau:Mẫu được lấy ngẫu nhiên tại lô phương tiện, số lượng mẫu được lấy phụ thuộc vào số lượng phương tiện trong lô (n), cụ thể như sau:Mẫu được lấy ngẫu nhiên tại lô phương tiện, số lượng mẫu được lấy phụ thuộc vào số lượng phương tiện trong lô (n), cụ thể như sau:- Thử nghiệm lô lần đầu:- Thử nghiệm lô lần đầu:- Thử nghiệm lô lần đầu:+ Nếu n ≤ 1.000 thì lấy 09 mẫu;+ Nếu n ≤ 1.000 thì lấy 09 mẫu;+ Nếu n ≤ 1.000 thì lấy 09 mẫu;+ Nếu 1.000 < n ≤ 5.000 thì lấy 18 mẫu;+ Nếu 1.000 < n ≤ 5.000 thì lấy 18 mẫu;+ Nếu 1.000 < n ≤ 5.000 thì lấy 18 mẫu;+ Nếu 5.000 < n ≤ 10.000 thì lấy 27 mẫu;+ Nếu 5.000 < n ≤ 10.000 thì lấy 27 mẫu;+ Nếu 5.000 < n ≤ 10.000 thì lấy 27 mẫu;+ Nếu n > 10.000 thì lấy 36 mẫu.+ Nếu n > 10.000 thì lấy 36 mẫu.+ Nếu n > 10.000 thì lấy 36 mẫu.- Thử nghiệm lô lần kế tiếp:- Thử nghiệm lô lần kế tiếp:- Thử nghiệm lô lần kế tiếp:+ Nếu n ≤ 1.000 thì lấy 07 mẫu;+ Nếu n ≤ 1.000 thì lấy 07 mẫu;+ Nếu n ≤ 1.000 thì lấy 07 mẫu;+ Nếu 1.000 < n ≤ 5.000 thì lấy 14 mẫu;+ Nếu 1.000 < n ≤ 5.000 thì lấy 14 mẫu;+ Nếu 1.000 < n ≤ 5.000 thì lấy 14 mẫu;+ Nếu 5.000 < n ≤ 10.000 thì lấy 21 mẫu;+ Nếu 5.000 < n ≤ 10.000 thì lấy 21 mẫu;+ Nếu 5.000 < n ≤ 10.000 thì lấy 21 mẫu;+ Nếu n > 10.000 thì lấy 28 mẫu.+ Nếu n > 10.000 thì lấy 28 mẫu.+ Nếu n > 10.000 thì lấy 28 mẫu.",8531.10.308531.10.308531.10.30
2.4.2.2.4.2.2.4.2.,Đầu báo cháy khói kiểu điểmĐầu báo cháy khói kiểu điểmĐầu báo cháy khói kiểu điểm,11. Va đập (vận hành) (*)11. Va đập (vận hành) (*)11. Va đập (vận hành) (*),5.14.35.14.35.14.3TCVN 7568-7:2015TCVN 7568-7:2015TCVN 7568-7:2015,5.14.25.14.25.14.2TCVN 7568-7:2015TCVN 7568-7:2015TCVN 7568-7:2015,"Mẫu được lấy ngẫu nhiên tại lô phương tiện, số lượng mẫu được lấy phụ thuộc vào số lượng phương tiện trong lô (n), cụ thể như sau:Mẫu được lấy ngẫu nhiên tại lô phương tiện, số lượng mẫu được lấy phụ thuộc vào số lượng phương tiện trong lô (n), cụ thể như sau:Mẫu được lấy ngẫu nhiên tại lô phương tiện, số lượng mẫu được lấy phụ thuộc vào số lượng phương tiện trong lô (n), cụ thể như sau:- Thử nghiệm lô lần đầu:- Thử nghiệm lô lần đầu:- Thử nghiệm lô lần đầu:+ Nếu n ≤ 1.000 thì lấy 09 mẫu;+ Nếu n ≤ 1.000 thì lấy 09 mẫu;+ Nếu n ≤ 1.000 thì lấy 09 mẫu;+ Nếu 1.000 < n ≤ 5.000 thì lấy 18 mẫu;+ Nếu 1.000 < n ≤ 5.000 thì lấy 18 mẫu;+ Nếu 1.000 < n ≤ 5.000 thì lấy 18 mẫu;+ Nếu 5.000 < n ≤ 10.000 thì lấy 27 mẫu;+ Nếu 5.000 < n ≤ 10.000 thì lấy 27 mẫu;+ Nếu 5.000 < n ≤ 10.000 thì lấy 27 mẫu;+ Nếu n > 10.000 thì lấy 36 mẫu.+ Nếu n > 10.000 thì lấy 36 mẫu.+ Nếu n > 10.000 thì lấy 36 mẫu.- Thử nghiệm lô lần kế tiếp:- Thử nghiệm lô lần kế tiếp:- Thử nghiệm lô lần kế tiếp:+ Nếu n ≤ 1.000 thì lấy 07 mẫu;+ Nếu n ≤ 1.000 thì lấy 07 mẫu;+ Nếu n ≤ 1.000 thì lấy 07 mẫu;+ Nếu 1.000 < n ≤ 5.000 thì lấy 14 mẫu;+ Nếu 1.000 < n ≤ 5.000 thì lấy 14 mẫu;+ Nếu 1.000 < n ≤ 5.000 thì lấy 14 mẫu;+ Nếu 5.000 < n ≤ 10.000 thì lấy 21 mẫu;+ Nếu 5.000 < n ≤ 10.000 thì lấy 21 mẫu;+ Nếu 5.000 < n ≤ 10.000 thì lấy 21 mẫu;+ Nếu n > 10.000 thì lấy 28 mẫu.+ Nếu n > 10.000 thì lấy 28 mẫu.+ Nếu n > 10.000 thì lấy 28 mẫu.",8531.10.308531.10.308531.10.30
2.4.2.2.4.2.2.4.2.,Đầu báo cháy khói kiểu điểmĐầu báo cháy khói kiểu điểmĐầu báo cháy khói kiểu điểm,"12. Rung, hình sin (vận hành)12. Rung, hình sin (vận hành)12. Rung, hình sin (vận hành)",5.15.35.15.35.15.3TCVN 7568-7:2015TCVN 7568-7:2015TCVN 7568-7:2015,5.15.25.15.25.15.2TCVN 7568-7:2015TCVN 756TCVN 7568-7:20158-7:2015,"Mẫu được lấy ngẫu nhiên tại lô phương tiện, số lượng mẫu được lấy phụ thuộc vào số lượng phương tiện trong lô (n), cụ thể như sau:Mẫu được lấy ngẫu nhiên tại lô phương tiện, số lượng mẫu được lấy phụ thuộc vào số lượng phương tiện trong lô (n), cụ thể như sau:Mẫu được lấy ngẫu nhiên tại lô phương tiện, số lượng mẫu được lấy phụ thuộc vào số lượng phương tiện trong lô (n), cụ thể như sau:- Thử nghiệm lô lần đầu:- Thử nghiệm lô lần đầu:- Thử nghiệm lô lần đầu:+ Nếu n ≤ 1.000 thì lấy 09 mẫu;+ Nếu n ≤ 1.000 thì lấy 09 mẫu;+ Nếu n ≤ 1.000 thì lấy 09 mẫu;+ Nếu 1.000 < n ≤ 5.000 thì lấy 18 mẫu;+ Nếu 1.000 < n ≤ 5.000 thì lấy 18 mẫu;+ Nếu 1.000 < n ≤ 5.000 thì lấy 18 mẫu;+ Nếu 5.000 < n ≤ 10.000 thì lấy 27 mẫu;+ Nếu 5.000 < n ≤ 10.000 thì lấy 27 mẫu;+ Nếu 5.000 < n ≤ 10.000 thì lấy 27 mẫu;+ Nếu n > 10.000 thì lấy 36 mẫu.+ Nếu n > 10.000 thì lấy 36 mẫu.+ Nếu n > 10.000 thì lấy 36 mẫu.- Thử nghiệm lô lần kế tiếp:- Thử nghiệm lô lần kế tiếp:- Thử nghiệm lô lần kế tiếp:+ Nếu n ≤ 1.000 thì lấy 07 mẫu;+ Nếu n ≤ 1.000 thì lấy 07 mẫu;+ Nếu n ≤ 1.000 thì lấy 07 mẫu;+ Nếu 1.000 < n ≤ 5.000 thì lấy 14 mẫu;+ Nếu 1.000 < n ≤ 5.000 thì lấy 14 mẫu;+ Nếu 1.000 < n ≤ 5.000 thì lấy 14 mẫu;+ Nếu 5.000 < n ≤ 10.000 thì lấy 21 mẫu;+ Nếu 5.000 < n ≤ 10.000 thì lấy 21 mẫu;+ Nếu 5.000 < n ≤ 10.000 thì lấy 21 mẫu;+ Nếu n > 10.000 thì lấy 28 mẫu.+ Nếu n > 10.000 thì lấy 28 mẫu.+ Nếu n > 10.000 thì lấy 28 mẫu.",8531.10.308531.10.308531.10.30
2.4.2.2.4.2.2.4.2.,Đầu báo cháy khói kiểu điểmĐầu báo cháy khói kiểu điểmĐầu báo cháy khói kiểu điểm,"13. Rung, hình sin (khả năng chịu đựng) (*)13. Rung, hình sin (khả năng chịu đựng) (*)13. Rung, hình sin (khả năng chịu đựng) (*)",5.16.35.16.35.16.3TCVN 7568-7:2015TCVN 7568-7:2015TCVN 7568-7:2015,5.16.25.16.25.16.2TCVN 7568-7:2015TCVN 7568-7:2015TCVN 7568-7:2015,"Mẫu được lấy ngẫu nhiên tại lô phương tiện, số lượng mẫu được lấy phụ thuộc vào số lượng phương tiện trong lô (n), cụ thể như sau:Mẫu được lấy ngẫu nhiên tại lô phương tiện, số lượng mẫu được lấy phụ thuộc vào số lượng phương tiện trong lô (n), cụ thể như sau:Mẫu được lấy ngẫu nhiên tại lô phương tiện, số lượng mẫu được lấy phụ thuộc vào số lượng phương tiện trong lô (n), cụ thể như sau:- Thử nghiệm lô lần đầu:- Thử nghiệm lô lần đầu:- Thử nghiệm lô lần đầu:+ Nếu n ≤ 1.000 thì lấy 09 mẫu;+ Nếu n ≤ 1.000 thì lấy 09 mẫu;+ Nếu n ≤ 1.000 thì lấy 09 mẫu;+ Nếu 1.000 < n ≤ 5.000 thì lấy 18 mẫu;+ Nếu 1.000 < n ≤ 5.000 thì lấy 18 mẫu;+ Nếu 1.000 < n ≤ 5.000 thì lấy 18 mẫu;+ Nếu 5.000 < n ≤ 10.000 thì lấy 27 mẫu;+ Nếu 5.000 < n ≤ 10.000 thì lấy 27 mẫu;+ Nếu 5.000 < n ≤ 10.000 thì lấy 27 mẫu;+ Nếu n > 10.000 thì lấy 36 mẫu.+ Nếu n > 10.000 thì lấy 36 mẫu.+ Nếu n > 10.000 thì lấy 36 mẫu.- Thử nghiệm lô lần kế tiếp:- Thử nghiệm lô lần kế tiếp:- Thử nghiệm lô lần kế tiếp:+ Nếu n ≤ 1.000 thì lấy 07 mẫu;+ Nếu n ≤ 1.000 thì lấy 07 mẫu;+ Nếu n ≤ 1.000 thì lấy 07 mẫu;+ Nếu 1.000 < n ≤ 5.000 thì lấy 14 mẫu;+ Nếu 1.000 < n ≤ 5.000 thì lấy 14 mẫu;+ Nếu 1.000 < n ≤ 5.000 thì lấy 14 mẫu;+ Nếu 5.000 < n ≤ 10.000 thì lấy 21 mẫu;+ Nếu 5.000 < n ≤ 10.000 thì lấy 21 mẫu;+ Nếu 5.000 < n ≤ 10.000 thì lấy 21 mẫu;+ Nếu n > 10.000 thì lấy 28 mẫu.+ Nếu n > 10.000 thì lấy 28 mẫu.+ Nếu n > 10.000 thì lấy 28 mẫu.",8531.10.308531.10.308531.10.30
2.4.2.2.4.2.2.4.2.,Đầu báo cháy khói kiểu điểmĐầu báo cháy khói kiểu điểmĐầu báo cháy khói kiểu điểm,14. Suy hao tín hiệu tại hiện trường (***)14. Suy hao tín hiệu tại hiện trường (***)14. Suy hao tín hiệu tại hiện trường (***),4.2.14.2.14.2.1TCVN 7568-25:2023TCVN 7568-25:2023TCVN 7568-25:2023,8.2.28.2.28.2.2TCVN 7568-25:2023TCVN 7568-25:2023TCVN 7568-25:2023,"Mẫu được lấy ngẫu nhiên tại lô phương tiện, số lượng mẫu được lấy phụ thuộc vào số lượng phương tiện trong lô (n), cụ thể như sau:Mẫu được lấy ngẫu nhiên tại lô phương tiện, số lượng mẫu được lấy phụ thuộc vào số lượng phương tiện trong lô (n), cụ thể như sau:Mẫu được lấy ngẫu nhiên tại lô phương tiện, số lượng mẫu được lấy phụ thuộc vào số lượng phương tiện trong lô (n), cụ thể như sau:- Thử nghiệm lô lần đầu:- Thử nghiệm lô lần đầu:- Thử nghiệm lô lần đầu:+ Nếu n ≤ 1.000 thì lấy 09 mẫu;+ Nếu n ≤ 1.000 thì lấy 09 mẫu;+ Nếu n ≤ 1.000 thì lấy 09 mẫu;+ Nếu 1.000 < n ≤ 5.000 thì lấy 18 mẫu;+ Nếu 1.000 < n ≤ 5.000 thì lấy 18 mẫu;+ Nếu 1.000 < n ≤ 5.000 thì lấy 18 mẫu;+ Nếu 5.000 < n ≤ 10.000 thì lấy 27 mẫu;+ Nếu 5.000 < n ≤ 10.000 thì lấy 27 mẫu;+ Nếu 5.000 < n ≤ 10.000 thì lấy 27 mẫu;+ Nếu n > 10.000 thì lấy 36 mẫu.+ Nếu n > 10.000 thì lấy 36 mẫu.+ Nếu n > 10.000 thì lấy 36 mẫu.- Thử nghiệm lô lần kế tiếp:- Thử nghiệm lô lần kế tiếp:- Thử nghiệm lô lần kế tiếp:+ Nếu n ≤ 1.000 thì lấy 07 mẫu;+ Nếu n ≤ 1.000 thì lấy 07 mẫu;+ Nếu n ≤ 1.000 thì lấy 07 mẫu;+ Nếu 1.000 < n ≤ 5.000 thì lấy 14 mẫu;+ Nếu 1.000 < n ≤ 5.000 thì lấy 14 mẫu;+ Nếu 1.000 < n ≤ 5.000 thì lấy 14 mẫu;+ Nếu 5.000 < n ≤ 10.000 thì lấy 21 mẫu;+ Nếu 5.000 < n ≤ 10.000 thì lấy 21 mẫu;+ Nếu 5.000 < n ≤ 10.000 thì lấy 21 mẫu;+ Nếu n > 10.000 thì lấy 28 mẫu.+ Nếu n > 10.000 thì lấy 28 mẫu.+ Nếu n > 10.000 thì lấy 28 mẫu.",8531.10.308531.10.308531.10.30
2.4.2.2.4.2.2.4.2.,Đầu báo cháy khói kiểu điểmĐầu báo cháy khói kiểu điểmĐầu báo cháy khói kiểu điểm,15. Tính toàn vẹn của tín hiệu cảnh báo (***)15. Tính toàn vẹn của tín hiệu cảnh báo (***)15. Tính toàn vẹn của tín hiệu cảnh báo (***),4.2.24.24.2.2.2TCVN 7568-25:2023TCVN 7568-25:2023TCVN 7568-25:2023,8.2.38.2.38.2.3TCVN 7568-25:2023TCVN 7568-25:2023TCVN 7568-25:2023,"Mẫu được lấy ngẫu nhiên tại lô phương tiện, số lượng mẫu được lấy phụ thuộc vào số lượng phương tiện trong lô (n), cụ thể như sau:Mẫu được lấy ngẫu nhiên tại lô phương tiện, số lượng mẫu được lấy phụ thuộc vào số lượng phương tiện trong lô (n), cụ thể như sau:Mẫu được lấy ngẫu nhiên tại lô phương tiện, số lượng mẫu được lấy phụ thuộc vào số lượng phương tiện trong lô (n), cụ thể như sau:- Thử nghiệm lô lần đầu:- Thử nghiệm lô lần đầu:- Thử nghiệm lô lần đầu:+ Nếu n ≤ 1.000 thì lấy 09 mẫu;+ Nếu n ≤ 1.000 thì lấy 09 mẫu;+ Nếu n ≤ 1.000 thì lấy 09 mẫu;+ Nếu 1.000 < n ≤ 5.000 thì lấy 18 mẫu;+ Nếu 1.000 < n ≤ 5.000 thì lấy 18 mẫu;+ Nếu 1.000 < n ≤ 5.000 thì lấy 18 mẫu;+ Nếu 5.000 < n ≤ 10.000 thì lấy 27 mẫu;+ Nếu 5.000 < n ≤ 10.000 thì lấy 27 mẫu;+ Nếu 5.000 < n ≤ 10.000 thì lấy 27 mẫu;+ Nếu n > 10.000 thì lấy 36 mẫu.+ Nếu n > 10.000 thì lấy 36 mẫu.+ Nếu n > 10.000 thì lấy 36 mẫu.- Thử nghiệm lô lần kế tiếp:- Thử nghiệm lô lần kế tiếp:- Thử nghiệm lô lần kế tiếp:+ Nếu n ≤ 1.000 thì lấy 07 mẫu;+ Nếu n ≤ 1.000 thì lấy 07 mẫu;+ Nếu n ≤ 1.000 thì lấy 07 mẫu;+ Nếu 1.000 < n ≤ 5.000 thì lấy 14 mẫu;+ Nếu 1.000 < n ≤ 5.000 thì lấy 14 mẫu;+ Nếu 1.000 < n ≤ 5.000 thì lấy 14 mẫu;+ Nếu 5.000 < n ≤ 10.000 thì lấy 21 mẫu;+ Nếu 5.000 < n ≤ 10.000 thì lấy 21 mẫu;+ Nếu 5.000 < n ≤ 10.000 thì lấy 21 mẫu;+ Nếu n > 10.000 thì lấy 28 mẫu.+ Nếu n > 10.000 thì lấy 28 mẫu.+ Nếu n > 10.000 thì lấy 28 mẫu.",8531.10.308531.10.308531.10.30
2.4.2.2.4.2.2.4.2.,Đầu báo cháy khói kiểu điểmĐầu báo cháy khói kiểu điểmĐầu báo cháy khói kiểu điểm,16. Định danh của các thiết bị sử dụng đường truyền vô tuyến (***)16. Định danh của các thiết bị sử dụng đường truyền vô tuyến (***)16. Định danh của các thiết bị sử dụng đường truyền vô tuyến (***),4.2.34.2.34.2.3TCVN 7568-25:2023TCVN 7568-25:2023TCVN 7568-25:2023,8.2.48.2.48.2.4TCVN 7568-25:2023TCVN 7568-25:2023TCVN 7568-25:2023,"Mẫu được lấy ngẫu nhiên tại lô phương tiện, số lượng mẫu được lấy phụ thuộc vào số lượng phương tiện trong lô (n), cụ thể như sau:Mẫu được lấy ngẫu nhiên tại lô phương tiện, số lượng mẫu được lấy phụ thuộc vào số lượng phương tiện trong lô (n), cụ thể như sau:Mẫu được lấy ngẫu nhiên tại lô phương tiện, số lượng mẫu được lấy phụ thuộc vào số lượng phương tiện trong lô (n), cụ thể như sau:- Thử nghiệm lô lần đầu:- Thử nghiệm lô lần đầu:- Thử nghiệm lô lần đầu:+ Nếu n ≤ 1.000 thì lấy 09 mẫu;+ Nếu n ≤ 1.000 thì lấy 09 mẫu;+ Nếu n ≤ 1.000 thì lấy 09 mẫu;+ Nếu 1.000 < n ≤ 5.000 thì lấy 18 mẫu;+ Nếu 1.000 < n ≤ 5.000 thì lấy 18 mẫu;+ Nếu 1.000 < n ≤ 5.000 thì lấy 18 mẫu;+ Nếu 5.000 < n ≤ 10.000 thì lấy 27 mẫu;+ Nếu 5.000 < n ≤ 10.000 thì lấy 27 mẫu;+ Nếu 5.000 < n ≤ 10.000 thì lấy 27 mẫu;+ Nếu n > 10.000 thì lấy 36 mẫu.+ Nếu n > 10.000 thì lấy 36 mẫu.+ Nếu n > 10.000 thì lấy 36 mẫu.- Thử nghiệm lô lần kế tiếp:- Thử nghiệm lô lần kế tiếp:- Thử nghiệm lô lần kế tiếp:+ Nếu n ≤ 1.000 thì lấy 07 mẫu;+ Nếu n ≤ 1.000 thì lấy 07 mẫu;+ Nếu n ≤ 1.000 thì lấy 07 mẫu;+ Nếu 1.000 < n ≤ 5.000 thì lấy 14 mẫu;+ Nếu 1.000 < n ≤ 5.000 thì lấy 14 mẫu;+ Nếu 1.000 < n ≤ 5.000 thì lấy 14 mẫu;+ Nếu 5.000 < n ≤ 10.000 thì lấy 21 mẫu;+ Nếu 5.000 < n ≤ 10.000 thì lấy 21 mẫu;+ Nếu 5.000 < n ≤ 10.000 thì lấy 21 mẫu;+ Nếu n > 10.000 thì lấy 28 mẫu.+ Nếu n > 10.000 thì lấy 28 mẫu.+ Nếu n > 10.000 thì lấy 28 mẫu.",8531.10.308531.10.308531.10.30
2.4.2.2.4.2.2.4.2.,Đầu báo cháy khói kiểu điểmĐầu báo cháy khói kiểu điểmĐầu báo cháy khói kiểu điểm,17. Ăng ten (***)17. Ăng ten (***)17. Ăng ten (***),4.2.74.2.74.2.7TCVN 7568-25:2023TCVN 7568-25:2023TCVN 7568-25:2023,8.2.98.2.98.2.9TCVN 7568-25:2023TCVN 7568-25:2023TCVN 7568-25:2023,"Mẫu được lấy ngẫu nhiên tại lô phương tiện, số lượng mẫu được lấy phụ thuộc vào số lượng phương tiện trong lô (n), cụ thể như sau:Mẫu được lấy ngẫu nhiên tại lô phương tiện, số lượng mẫu được lấy phụ thuộc vào số lượng phương tiện trong lô (n), cụ thể như sau:Mẫu được lấy ngẫu nhiên tại lô phương tiện, số lượng mẫu được lấy phụ thuộc vào số lượng phương tiện trong lô (n), cụ thể như sau:- Thử nghiệm lô lần đầu:- Thử nghiệm lô lần đầu:- Thử nghiệm lô lần đầu:+ Nếu n ≤ 1.000 thì lấy 09 mẫu;+ Nếu n ≤ 1.000 thì lấy 09 mẫu;+ Nếu n ≤ 1.000 thì lấy 09 mẫu;+ Nếu 1.000 < n ≤ 5.000 thì lấy 18 mẫu;+ Nếu 1.000 < n ≤ 5.000 thì lấy 18 mẫu;+ Nếu 1.000 < n ≤ 5.000 thì lấy 18 mẫu;+ Nếu 5.000 < n ≤ 10.000 thì lấy 27 mẫu;+ Nếu 5.000 < n ≤ 10.000 thì lấy 27 mẫu;+ Nếu 5.000 < n ≤ 10.000 thì lấy 27 mẫu;+ Nếu n > 10.000 thì lấy 36 mẫu.+ Nếu n > 10.000 thì lấy 36 mẫu.+ Nếu n > 10.000 thì lấy 36 mẫu.- Thử nghiệm lô lần kế tiếp:- Thử nghiệm lô lần kế tiếp:- Thử nghiệm lô lần kế tiếp:+ Nếu n ≤ 1.000 thì lấy 07 mẫu;+ Nếu n ≤ 1.000 thì lấy 07 mẫu;+ Nếu n ≤ 1.000 thì lấy 07 mẫu;+ Nếu 1.000 < n ≤ 5.000 thì lấy 14 mẫu;+ Nếu 1.000 < n ≤ 5.000 thì lấy 14 mẫu;+ Nếu 1.000 < n ≤ 5.000 thì lấy 14 mẫu;+ Nếu 5.000 < n ≤ 10.000 thì lấy 21 mẫu;+ Nếu 5.000 < n ≤ 10.000 thì lấy 21 mẫu;+ Nếu 5.000 < n ≤ 10.000 thì lấy 21 mẫu;+ Nếu n > 10.000 thì lấy 28 mẫu.+ Nếu n > 10.000 thì lấy 28 mẫu.+ Nếu n > 10.000 thì lấy 28 mẫu.",8531.10.308531.10.308531.10.30
2.4.2.2.4.2.2.4.2.,Đầu báo cháy khói kiểu điểmĐầu báo cháy khói kiểu điểmĐầu báo cháy khói kiểu điểm,18. Tuổi thọ nguồn độc lập (***)18. Tuổi thọ nguồn độc lập (***)18. Tuổi thọ nguồn độc lập (***),5.3.25.3.25.3.2TCVN 7568-25:2023TCVN 7568-25:2023TCVN 7568-25:2023,8.3.38.3.38.3.3TCVN 7568-25:2023TCVN 7568-25:2023TCVN 7568-25:2023,"Mẫu được lấy ngẫu nhiên tại lô phương tiện, số lượng mẫu được lấy phụ thuộc vào số lượng phương tiện trong lô (n), cụ thể như sau:Mẫu được lấy ngẫu nhiên tại lô phương tiện, số lượng mẫu được lấy phụ thuộc vào số lượng phương tiện trong lô (n), cụ thể như sau:Mẫu được lấy ngẫu nhiên tại lô phương tiện, số lượng mẫu được lấy phụ thuộc vào số lượng phương tiện trong lô (n), cụ thể như sau:- Thử nghiệm lô lần đầu:- Thử nghiệm lô lần đầu:- Thử nghiệm lô lần đầu:+ Nếu n ≤ 1.000 thì lấy 09 mẫu;+ Nếu n ≤ 1.000 thì lấy 09 mẫu;+ Nếu n ≤ 1.000 thì lấy 09 mẫu;+ Nếu 1.000 < n ≤ 5.000 thì lấy 18 mẫu;+ Nếu 1.000 < n ≤ 5.000 thì lấy 18 mẫu;+ Nếu 1.000 < n ≤ 5.000 thì lấy 18 mẫu;+ Nếu 5.000 < n ≤ 10.000 thì lấy 27 mẫu;+ Nếu 5.000 < n ≤ 10.000 thì lấy 27 mẫu;+ Nếu 5.000 < n ≤ 10.000 thì lấy 27 mẫu;+ Nếu n > 10.000 thì lấy 36 mẫu.+ Nếu n > 10.000 thì lấy 36 mẫu.+ Nếu n > 10.000 thì lấy 36 mẫu.- Thử nghiệm lô lần kế tiếp:- Thử nghiệm lô lần kế tiếp:- Thử nghiệm lô lần kế tiếp:+ Nếu n ≤ 1.000 thì lấy 07 mẫu;+ Nếu n ≤ 1.000 thì lấy 07 mẫu;+ Nếu n ≤ 1.000 thì lấy 07 mẫu;+ Nếu 1.000 < n ≤ 5.000 thì lấy 14 mẫu;+ Nếu 1.000 < n ≤ 5.000 thì lấy 14 mẫu;+ Nếu 1.000 < n ≤ 5.000 thì lấy 14 mẫu;+ Nếu 5.000 < n ≤ 10.000 thì lấy 21 mẫu;+ Nếu 5.000 < n ≤ 10.000 thì lấy 21 mẫu;+ Nếu 5.000 < n ≤ 10.000 thì lấy 21 mẫu;+ Nếu n > 10.000 thì lấy 28 mẫu.+ Nếu n > 10.000 thì lấy 28 mẫu.+ Nếu n > 10.000 thì lấy 28 mẫu.",8531.10.308531.10.308531.10.30
2.4.2.2.4.2.2.4.2.,Đầu báo cháy khói kiểu điểmĐầu báo cháy khói kiểu điểmĐầu báo cháy khói kiểu điểm,19. Xuyên nhiễu giữa các hệ thống của cùng một nhà sản xuất (***)19. Xuyên nhiễu giữa các hệ thống của cùng một nhà sản xuất (***)19. Xuyên nhiễu giữa các hệ thống của cùng một nhà sản xuất (***),4.2.5.24.2.5.24.2.5.2TCVN 7568-25:2023TCVN 7568-25:2023TCVN 7568-25:2023,8.2.68.2.68.2.6TCVN 7568-25:2023TCVN 7568-25:2023TCVN 7568-25:2023,"Mẫu được lấy ngẫu nhiên tại lô phương tiện, số lượng mẫu được lấy phụ thuộc vào số lượng phương tiện trong lô (n), cụ thể như sau:Mẫu được lấy ngẫu nhiên tại lô phương tiện, số lượng mẫu được lấy phụ thuộc vào số lượng phương tiện trong lô (n), cụ thể như sau:Mẫu được lấy ngẫu nhiên tại lô phương tiện, số lượng mẫu được lấy phụ thuộc vào số lượng phương tiện trong lô (n), cụ thể như sau:- Thử nghiệm lô lần đầu:- Thử nghiệm lô lần đầu:- Thử nghiệm lô lần đầu:+ Nếu n ≤ 1.000 thì lấy 09 mẫu;+ Nếu n ≤ 1.000 thì lấy 09 mẫu;+ Nếu n ≤ 1.000 thì lấy 09 mẫu;+ Nếu 1.000 < n ≤ 5.000 thì lấy 18 mẫu;+ Nếu 1.000 < n ≤ 5.000 thì lấy 18 mẫu;+ Nếu 1.000 < n ≤ 5.000 thì lấy 18 mẫu;+ Nếu 5.000 < n ≤ 10.000 thì lấy 27 mẫu;+ Nếu 5.000 < n ≤ 10.000 thì lấy 27 mẫu;+ Nếu 5.000 < n ≤ 10.000 thì lấy 27 mẫu;+ Nếu n > 10.000 thì lấy 36 mẫu.+ Nếu n > 10.000 thì lấy 36 mẫu.+ Nếu n > 10.000 thì lấy 36 mẫu.- Thử nghiệm lô lần kế tiếp:- Thử nghiệm lô lần kế tiếp:- Thử nghiệm lô lần kế tiếp:+ Nếu n ≤ 1.000 thì lấy 07 mẫu;+ Nếu n ≤ 1.000 thì lấy 07 mẫu;+ Nếu n ≤ 1.000 thì lấy 07 mẫu;+ Nếu 1.000 < n ≤ 5.000 thì lấy 14 mẫu;+ Nếu 1.000 < n ≤ 5.000 thì lấy 14 mẫu;+ Nếu 1.000 < n ≤ 5.000 thì lấy 14 mẫu;+ Nếu 5.000 < n ≤ 10.000 thì lấy 21 mẫu;+ Nếu 5.000 < n ≤ 10.000 thì lấy 21 mẫu;+ Nếu 5.000 < n ≤ 10.000 thì lấy 21 mẫu;+ Nếu n > 10.000 thì lấy 28 mẫu.+ Nếu n > 10.000 thì lấy 28 mẫu.+ Nếu n > 10.000 thì lấy 28 mẫu.",8531.10.308531.10.308531.10.30
2.4.3.2.4.3.2.4.3.,Đầu báo cháy nhiệt kiểu điểmĐầu báo cháy nhiệt kiểu điểmĐầu báo cháy nhiệt kiểu điểm,1. Sự phụ thuộc hướng1. Sự phụ thuộc hướng1. Sự phụ thuộc hướng,5.2.35.2.35.2.3TCVN 7568-5:2013TCTCVN 7568-5:2013VN 7568-5:2013,5.2.25.2.25.2.2TCVN 7568-5:2013TCVN 7568-5:2013TCVN 7568-5:2013,"Mẫu được lấy ngẫu nhiên tại lô phương tiện, số lượng mẫu được lấy phụ thuộc vào số lượng phương tiện trong lô (n), cụ thể như sau:Mẫu được lấy ngẫu nhiên tại lô phương tiện, số lượng mẫu được lấy phụ thuộc vào số lượng phương tiện trong lô (n), cụ thể như sau:Mẫu được lấy ngẫu nhiên tại lô phương tiện, số lượng mẫu được lấy phụ thuộc vào số lượng phương tiện trong lô (n), cụ thể như sau:- Thử nghiệm lô lần đầu:- Thử nghiệm lô lần đầu:- Thử nghiệm lô lần đầu:+ Nếu n ≤ 1.000 thì lấy 10 mẫu;+ Nếu n ≤ 1.000 thì lấy 10 mẫu;+ Nếu n ≤ 1.000 thì lấy 10 mẫu;+ Nếu 1.000 < n ≤ 5.000 thì lấy 20 mẫu;+ Nếu 1.000 < n ≤ 5.000 thì lấy 20 mẫu;+ Nếu 1.000 < n ≤ 5.000 thì lấy 20 mẫu;+ Nếu 5.000 < n ≤ 10.000 thì lấy 30 mẫu;+ Nếu 5.000 < n ≤ 10.000 thì lấy 30 mẫu;+ Nếu 5.000 < n ≤ 10.000 thì lấy 30 mẫu;+ Nếu n > 10.000 thì lấy 40 mẫu.+ Nếu n > 10.000 thì lấy 40 mẫu.+ Nếu n > 10.000 thì lấy 40 mẫu.- Thử nghiệm lô lần kế tiếp:- Thử nghiệm lô lần kế tiếp:- Thử nghiệm lô lần kế tiếp:+ Nếu n ≤ 1.000 thì lấy 08 mẫu;+ Nếu n ≤ 1.000 thì lấy 08 mẫu;+ Nếu n ≤ 1.000 thì lấy 08 mẫu;+ Nếu 1.000 < n ≤ 5.000 thì lấy 16 mẫu;+ Nếu 1.000 < n ≤ 5.000 thì lấy 16 mẫu;+ Nếu 1.000 < n ≤ 5.000 thì lấy 16 mẫu;+ Nếu 5.000 < n ≤ 10.000 thì lấy 24 mẫu;+ Nếu 5.000 < n ≤ 10.000 thì lấy 24 mẫu;+ Nếu 5.000 < n ≤ 10.000 thì lấy 24 mẫu;+ Nếu n > 10.000 thì lấy 32 mẫu.+ Nếu n > 10.000 thì lấy 32 mẫ+ Nếu n > 10.000 thì lấy 32 mẫu.u.",8531.10.208531.10.208531.10.20
2.4.3.2.4.3.2.4.3.,Đầu báo cháy nhiệt kiểu điểmĐầu báo cháy nhiệt kiểu điểmĐầu báo cháy nhiệt kiểu điểm,2. Nhiệt độ nhạy cảm tĩnh2. Nhiệt độ nhạy cảm tĩnh2. Nhiệt độ nhạy cảm tĩnh,5.3.35.3.35.3.3TCVN 7568-5:2013TCVN 7568-5:2013TCVN 7568-5:2013,5.3.25.3.25.3.2TCVN 7568-5:2013TCVN 7568-5:2013TCVN 7568-5:2013,"Mẫu được lấy ngẫu nhiên tại lô phương tiện, số lượng mẫu được lấy phụ thuộc vào số lượng phương tiện trong lô (n), cụ thể như sau:Mẫu được lấy ngẫu nhiên tại lô phương tiện, số lượng mẫu được lấy phụ thuộc vào số lượng phương tiện trong lô (n), cụ thể như sau:Mẫu được lấy ngẫu nhiên tại lô phương tiện, số lượng mẫu được lấy phụ thuộc vào số lượng phương tiện trong lô (n), cụ thể như sau:- Thử nghiệm lô lần đầu:- Thử nghiệm lô lần đầu:- Thử nghiệm lô lần đầu:+ Nếu n ≤ 1.000 thì lấy 10 mẫu;+ Nếu n ≤ 1.000 thì lấy 10 mẫu;+ Nếu n ≤ 1.000 thì lấy 10 mẫu;+ Nếu 1.000 < n ≤ 5.000 thì lấy 20 mẫu;+ Nếu 1.000 < n ≤ 5.000 thì lấy 20 mẫu;+ Nếu 1.000 < n ≤ 5.000 thì lấy 20 mẫu;+ Nếu 5.000 < n ≤ 10.000 thì lấy 30 mẫu;+ Nếu 5.000 < n ≤ 10.000 thì lấy 30 mẫu;+ Nếu 5.000 < n ≤ 10.000 thì lấy 30 mẫu;+ Nếu n > 10.000 thì lấy 40 mẫu.+ Nếu n > 10.000 thì lấy 40 mẫu.+ Nếu n > 10.000 thì lấy 40 mẫu.- Thử nghiệm lô lần kế tiếp:- Thử nghiệm lô lần kế tiếp:- Thử nghiệm lô lần kế tiếp:+ Nếu n ≤ 1.000 thì lấy 08 mẫu;+ Nếu n ≤ 1.000 thì lấy 08 mẫu;+ Nếu n ≤ 1.000 thì lấy 08 mẫu;+ Nếu 1.000 < n ≤ 5.000 thì lấy 16 mẫu;+ Nếu 1.000 < n ≤ 5.000 thì lấy 16 mẫu;+ Nếu 1.000 < n ≤ 5.000 thì lấy 16 mẫu;+ Nếu 5.000 < n ≤ 10.000 thì lấy 24 mẫu;+ Nếu 5.000 < n ≤ 10.000 thì lấy 24 mẫu;+ Nếu 5.000 < n ≤ 10.000 thì lấy 24 mẫu;+ Nếu n > 10.000 thì lấy 32 mẫu.+ Nếu n > 10.000 thì lấy 32 mẫ+ Nếu n > 10.000 thì lấy 32 mẫu.u.",8531.10.208531.10.208531.10.20
2.4.3.2.4.3.2.4.3.,Đầu báo cháy nhiệt kiểu điểmĐầu báo cháy nhiệt kiểu điểmĐầu báo cháy nhiệt kiểu điểm,3. Thời gian nhạy cảm từ nhiệt độ sử dụng điển hình3. Thời gian nhạy cảm từ nhiệt độ sử dụng điển hình3. Thời gian nhạy cảm từ nhiệt độ sử dụng điển hình,5.4.35.4.35.4.3TCVN 7568-5:2013TCVN 7568-5:2013TCVN 7568-5:2013,5.4.25.4.25.4.2TCVN 7568-5:2013TCVN 7568-5:2013TCVN 7568-5:2013,"Mẫu được lấy ngẫu nhiên tại lô phương tiện, số lượng mẫu được lấy phụ thuộc vào số lượng phương tiện trong lô (n), cụ thể như sau:Mẫu được lấy ngẫu nhiên tại lô phương tiện, số lượng mẫu được lấy phụ thuộc vào số lượng phương tiện trong lô (n), cụ thể như sau:Mẫu được lấy ngẫu nhiên tại lô phương tiện, số lượng mẫu được lấy phụ thuộc vào số lượng phương tiện trong lô (n), cụ thể như sau:- Thử nghiệm lô lần đầu:- Thử nghiệm lô lần đầu:- Thử nghiệm lô lần đầu:+ Nếu n ≤ 1.000 thì lấy 10 mẫu;+ Nếu n ≤ 1.000 thì lấy 10 mẫu;+ Nếu n ≤ 1.000 thì lấy 10 mẫu;+ Nếu 1.000 < n ≤ 5.000 thì lấy 20 mẫu;+ Nếu 1.000 < n ≤ 5.000 thì lấy 20 mẫu;+ Nếu 1.000 < n ≤ 5.000 thì lấy 20 mẫu;+ Nếu 5.000 < n ≤ 10.000 thì lấy 30 mẫu;+ Nếu 5.000 < n ≤ 10.000 thì lấy 30 mẫu;+ Nếu 5.000 < n ≤ 10.000 thì lấy 30 mẫu;+ Nếu n > 10.000 thì lấy 40 mẫu.+ Nếu n > 10.000 thì lấy 40 mẫu.+ Nếu n > 10.000 thì lấy 40 mẫu.- Thử nghiệm lô lần kế tiếp:- Thử nghiệm lô lần kế tiếp:- Thử nghiệm lô lần kế tiếp:+ Nếu n ≤ 1.000 thì lấy 08 mẫu;+ Nếu n ≤ 1.000 thì lấy 08 mẫu;+ Nếu n ≤ 1.000 thì lấy 08 mẫu;+ Nếu 1.000 < n ≤ 5.000 thì lấy 16 mẫu;+ Nếu 1.000 < n ≤ 5.000 thì lấy 16 mẫu;+ Nếu 1.000 < n ≤ 5.000 thì lấy 16 mẫu;+ Nếu 5.000 < n ≤ 10.000 thì lấy 24 mẫu;+ Nếu 5.000 < n ≤ 10.000 thì lấy 24 mẫu;+ Nếu 5.000 < n ≤ 10.000 thì lấy 24 mẫu;+ Nếu n > 10.000 thì lấy 32 mẫu.+ Nếu n > 10.000 thì lấy 32 mẫ+ Nếu n > 10.000 thì lấy 32 mẫu.u.",8531.10.208531.10.208531.10.20
2.4.3.2.4.3.2.4.3.,Đầu báo cháy nhiệt kiểu điểmĐầu báo cháy nhiệt kiểu điểmĐầu báo cháy nhiệt kiểu điểm,4. Thời gian nhạy cảm từ 25°c4. Thời gian nhạy cảm từ 25°c4. Thời gian nhạy cảm từ 25°c,5.5.3 TCVN 7568-5:20135.5.3 TCVN 7568-5:20135.5.3 TCVN 7568-5:2013,5.5.2 TCVN 7568-5:20135.5.2 5.5.2 TCVN 7568-5:2013TCVN 7568-5:2013,"Mẫu được lấy ngẫu nhiên tại lô phương tiện, số lượng mẫu được lấy phụ thuộc vào số lượng phương tiện trong lô (n), cụ thể như sau:Mẫu được lấy ngẫu nhiên tại lô phương tiện, số lượng mẫu được lấy phụ thuộc vào số lượng phương tiện trong lô (n), cụ thể như sau:Mẫu được lấy ngẫu nhiên tại lô phương tiện, số lượng mẫu được lấy phụ thuộc vào số lượng phương tiện trong lô (n), cụ thể như sau:- Thử nghiệm lô lần đầu:- Thử nghiệm lô lần đầu:- Thử nghiệm lô lần đầu:+ Nếu n ≤ 1.000 thì lấy 10 mẫu;+ Nếu n ≤ 1.000 thì lấy 10 mẫu;+ Nếu n ≤ 1.000 thì lấy 10 mẫu;+ Nếu 1.000 < n ≤ 5.000 thì lấy 20 mẫu;+ Nếu 1.000 < n ≤ 5.000 thì lấy 20 mẫu;+ Nếu 1.000 < n ≤ 5.000 thì lấy 20 mẫu;+ Nếu 5.000 < n ≤ 10.000 thì lấy 30 mẫu;+ Nếu 5.000 < n ≤ 10.000 thì lấy 30 mẫu;+ Nếu 5.000 < n ≤ 10.000 thì lấy 30 mẫu;+ Nếu n > 10.000 thì lấy 40 mẫu.+ Nếu n > 10.000 thì lấy 40 mẫu.+ Nếu n > 10.000 thì lấy 40 mẫu.- Thử nghiệm lô lần kế tiếp:- Thử nghiệm lô lần kế tiếp:- Thử nghiệm lô lần kế tiếp:+ Nếu n ≤ 1.000 thì lấy 08 mẫu;+ Nếu n ≤ 1.000 thì lấy 08 mẫu;+ Nếu n ≤ 1.000 thì lấy 08 mẫu;+ Nếu 1.000 < n ≤ 5.000 thì lấy 16 mẫu;+ Nếu 1.000 < n ≤ 5.000 thì lấy 16 mẫu;+ Nếu 1.000 < n ≤ 5.000 thì lấy 16 mẫu;+ Nếu 5.000 < n ≤ 10.000 thì lấy 24 mẫu;+ Nếu 5.000 < n ≤ 10.000 thì lấy 24 mẫu;+ Nếu 5.000 < n ≤ 10.000 thì lấy 24 mẫu;+ Nếu n > 10.000 thì lấy 32 mẫu.+ Nếu n > 10.000 thì lấy 32 mẫ+ Nếu n > 10.000 thì lấy 32 mẫu.u.",8531.10.208531.10.208531.10.20
2.4.3.2.4.3.2.4.3.,Đầu báo cháy nhiệt kiểu điểmĐầu báo cháy nhiệt kiểu điểmĐầu báo cháy nhiệt kiểu điểm,"5. Thời gian nhạy cảm từ nhiệt độ môi trường cao, nóng khô (vận hành)5. Thời gian nhạy cảm từ nhiệt độ môi trường cao, nóng khô (vận hành)5. Thời gian nhạy cảm từ nhiệt độ môi trường cao, nóng khô (vận hành)",5.6.35.6.35.6.3TCVN 7568-5:2013TCVN 7568-5:2013TCVN 7568-5:2013,5.6.25.6.25.6.2TCVN 7568-5:2013TCVN 7568-5:2013TCVN 7568-5:2013,"Mẫu được lấy ngẫu nhiên tại lô phương tiện, số lượng mẫu được lấy phụ thuộc vào số lượng phương tiện trong lô (n), cụ thể như sau:Mẫu được lấy ngẫu nhiên tại lô phương tiện, số lượng mẫu được lấy phụ thuộc vào số lượng phương tiện trong lô (n), cụ thể như sau:Mẫu được lấy ngẫu nhiên tại lô phương tiện, số lượng mẫu được lấy phụ thuộc vào số lượng phương tiện trong lô (n), cụ thể như sau:- Thử nghiệm lô lần đầu:- Thử nghiệm lô lần đầu:- Thử nghiệm lô lần đầu:+ Nếu n ≤ 1.000 thì lấy 10 mẫu;+ Nếu n ≤ 1.000 thì lấy 10 mẫu;+ Nếu n ≤ 1.000 thì lấy 10 mẫu;+ Nếu 1.000 < n ≤ 5.000 thì lấy 20 mẫu;+ Nếu 1.000 < n ≤ 5.000 thì lấy 20 mẫu;+ Nếu 1.000 < n ≤ 5.000 thì lấy 20 mẫu;+ Nếu 5.000 < n ≤ 10.000 thì lấy 30 mẫu;+ Nếu 5.000 < n ≤ 10.000 thì lấy 30 mẫu;+ Nếu 5.000 < n ≤ 10.000 thì lấy 30 mẫu;+ Nếu n > 10.000 thì lấy 40 mẫu.+ Nếu n > 10.000 thì lấy 40 mẫu.+ Nếu n > 10.000 thì lấy 40 mẫu.- Thử nghiệm lô lần kế tiếp:- Thử nghiệm lô lần kế tiếp:- Thử nghiệm lô lần kế tiếp:+ Nếu n ≤ 1.000 thì lấy 08 mẫu;+ Nếu n ≤ 1.000 thì lấy 08 mẫu;+ Nếu n ≤ 1.000 thì lấy 08 mẫu;+ Nếu 1.000 < n ≤ 5.000 thì lấy 16 mẫu;+ Nếu 1.000 < n ≤ 5.000 thì lấy 16 mẫu;+ Nếu 1.000 < n ≤ 5.000 thì lấy 16 mẫu;+ Nếu 5.000 < n ≤ 10.000 thì lấy 24 mẫu;+ Nếu 5.000 < n ≤ 10.000 thì lấy 24 mẫu;+ Nếu 5.000 < n ≤ 10.000 thì lấy 24 mẫu;+ Nếu n > 10.000 thì lấy 32 mẫu.+ Nếu n > 10.000 thì lấy 32 mẫ+ Nếu n > 10.000 thì lấy 32 mẫu.u.",8531.10.208531.10.208531.10.20
2.4.3.2.4.3.2.4.3.,Đầu báo cháy nhiệt kiểu điểmĐầu báo cháy nhiệt kiểu điểmĐầu báo cháy nhiệt kiểu điểm,6. Biến đổi trong các thông số cung cấp6. Biến đổi trong các thông số cung cấp6. Biến đổi trong các thông số cung cấp,5.7.35.7.35.7.3TCVN 7568-5:2013TCVN 7568-5:2013TCVN 7568-5:2013,5.7.25.7.25.7.2TCVN 7568-5:2013TCVN 7568-5:2013TCVN 7568-5:2013,"Mẫu được lấy ngẫu nhiên tại lô phương tiện, số lượng mẫu được lấy phụ thuộc vào số lượng phương tiện trong lô (n), cụ thể như sau:Mẫu được lấy ngẫu nhiên tại lô phương tiện, số lượng mẫu được lấy phụ thuộc vào số lượng phương tiện trong lô (n), cụ thể như sau:Mẫu được lấy ngẫu nhiên tại lô phương tiện, số lượng mẫu được lấy phụ thuộc vào số lượng phương tiện trong lô (n), cụ thể như sau:- Thử nghiệm lô lần đầu:- Thử nghiệm lô lần đầu:- Thử nghiệm lô lần đầu:+ Nếu n ≤ 1.000 thì lấy 10 mẫu;+ Nếu n ≤ 1.000 thì lấy 10 mẫu;+ Nếu n ≤ 1.000 thì lấy 10 mẫu;+ Nếu 1.000 < n ≤ 5.000 thì lấy 20 mẫu;+ Nếu 1.000 < n ≤ 5.000 thì lấy 20 mẫu;+ Nếu 1.000 < n ≤ 5.000 thì lấy 20 mẫu;+ Nếu 5.000 < n ≤ 10.000 thì lấy 30 mẫu;+ Nếu 5.000 < n ≤ 10.000 thì lấy 30 mẫu;+ Nếu 5.000 < n ≤ 10.000 thì lấy 30 mẫu;+ Nếu n > 10.000 thì lấy 40 mẫu.+ Nếu n > 10.000 thì lấy 40 mẫu.+ Nếu n > 10.000 thì lấy 40 mẫu.- Thử nghiệm lô lần kế tiếp:- Thử nghiệm lô lần kế tiếp:- Thử nghiệm lô lần kế tiếp:+ Nếu n ≤ 1.000 thì lấy 08 mẫu;+ Nếu n ≤ 1.000 thì lấy 08 mẫu;+ Nếu n ≤ 1.000 thì lấy 08 mẫu;+ Nếu 1.000 < n ≤ 5.000 thì lấy 16 mẫu;+ Nếu 1.000 < n ≤ 5.000 thì lấy 16 mẫu;+ Nếu 1.000 < n ≤ 5.000 thì lấy 16 mẫu;+ Nếu 5.000 < n ≤ 10.000 thì lấy 24 mẫu;+ Nếu 5.000 < n ≤ 10.000 thì lấy 24 mẫu;+ Nếu 5.000 < n ≤ 10.000 thì lấy 24 mẫu;+ Nếu n > 10.000 thì lấy 32 mẫu.+ Nếu n > 10.000 thì lấy 32 mẫ+ Nếu n > 10.000 thì lấy 32 mẫu.u.",8531.10.208531.10.208531.10.20
2.4.3.2.4.3.2.4.3.,Đầu báo cháy nhiệt kiểu điểmĐầu báo cháy nhiệt kiểu điểmĐầu báo cháy nhiệt kiểu điểm,7. Khả năng tái tạo lại được (thời gian nhạy cảm trước thử nghiệm về môi trường)7. Khả năng tái tạo lại được (thời gian nhạy cảm trước thử nghiệm về môi trường)7. Khả năng tái tạo lại được (thời gian nhạy cảm trước thử nghiệm về môi trường),5.8.35.8.35.8.3TCVN 7568-5:2013TCVN 7568-5:2013TCVN 7568-5:2013,5.8.25.8.25.8.2TCVN 7568-5:2013TCVN 7568-5:2013TCVN 7568-5:2013,"Mẫu được lấy ngẫu nhiên tại lô phương tiện, số lượng mẫu được lấy phụ thuộc vào số lượng phương tiện trong lô (n), cụ thể như sau:Mẫu được lấy ngẫu nhiên tại lô phương tiện, số lượng mẫu được lấy phụ thuộc vào số lượng phương tiện trong lô (n), cụ thể như sau:Mẫu được lấy ngẫu nhiên tại lô phương tiện, số lượng mẫu được lấy phụ thuộc vào số lượng phương tiện trong lô (n), cụ thể như sau:- Thử nghiệm lô lần đầu:- Thử nghiệm lô lần đầu:- Thử nghiệm lô lần đầu:+ Nếu n ≤ 1.000 thì lấy 10 mẫu;+ Nếu n ≤ 1.000 thì lấy 10 mẫu;+ Nếu n ≤ 1.000 thì lấy 10 mẫu;+ Nếu 1.000 < n ≤ 5.000 thì lấy 20 mẫu;+ Nếu 1.000 < n ≤ 5.000 thì lấy 20 mẫu;+ Nếu 1.000 < n ≤ 5.000 thì lấy 20 mẫu;+ Nếu 5.000 < n ≤ 10.000 thì lấy 30 mẫu;+ Nếu 5.000 < n ≤ 10.000 thì lấy 30 mẫu;+ Nếu 5.000 < n ≤ 10.000 thì lấy 30 mẫu;+ Nếu n > 10.000 thì lấy 40 mẫu.+ Nếu n > 10.000 thì lấy 40 mẫu.+ Nếu n > 10.000 thì lấy 40 mẫu.- Thử nghiệm lô lần kế tiếp:- Thử nghiệm lô lần kế tiếp:- Thử nghiệm lô lần kế tiếp:+ Nếu n ≤ 1.000 thì lấy 08 mẫu;+ Nếu n ≤ 1.000 thì lấy 08 mẫu;+ Nếu n ≤ 1.000 thì lấy 08 mẫu;+ Nếu 1.000 < n ≤ 5.000 thì lấy 16 mẫu;+ Nếu 1.000 < n ≤ 5.000 thì lấy 16 mẫu;+ Nếu 1.000 < n ≤ 5.000 thì lấy 16 mẫu;+ Nếu 5.000 < n ≤ 10.000 thì lấy 24 mẫu;+ Nếu 5.000 < n ≤ 10.000 thì lấy 24 mẫu;+ Nếu 5.000 < n ≤ 10.000 thì lấy 24 mẫu;+ Nếu n > 10.000 thì lấy 32 mẫu.+ Nếu n > 10.000 thì lấy 32 mẫ+ Nếu n > 10.000 thì lấy 32 mẫu.u.",8531.10.208531.10.208531.10.20
2.4.3.2.4.3.2.4.3.,Đầu báo cháy nhiệt kiểu điểmĐầu báo cháy nhiệt kiểu điểmĐầu báo cháy nhiệt kiểu điểm,8. Nóng khô (bền lâu) (*)8. Nóng khô (bền lâu) (*)8. Nóng khô (bền lâu) (*),5.10.35.10.35.10.3TCVN 7568-5:2013TCVN 7568-5:2013TCVN 7568-5:2013,5.10.25.10.25.10.2TCVN 7568-5:2013TCVN 7568-5:2013TCVN 7568-5:2013,"Mẫu được lấy ngẫu nhiên tại lô phương tiện, số lượng mẫu được lấy phụ thuộc vào số lượng phương tiện trong lô (n), cụ thể như sau:Mẫu được lấy ngẫu nhiên tại lô phương tiện, số lượng mẫu được lấy phụ thuộc vào số lượng phương tiện trong lô (n), cụ thể như sau:Mẫu được lấy ngẫu nhiên tại lô phương tiện, số lượng mẫu được lấy phụ thuộc vào số lượng phương tiện trong lô (n), cụ thể như sau:- Thử nghiệm lô lần đầu:- Thử nghiệm lô lần đầu:- Thử nghiệm lô lần đầu:+ Nếu n ≤ 1.000 thì lấy 10 mẫu;+ Nếu n ≤ 1.000 thì lấy 10 mẫu;+ Nếu n ≤ 1.000 thì lấy 10 mẫu;+ Nếu 1.000 < n ≤ 5.000 thì lấy 20 mẫu;+ Nếu 1.000 < n ≤ 5.000 thì lấy 20 mẫu;+ Nếu 1.000 < n ≤ 5.000 thì lấy 20 mẫu;+ Nếu 5.000 < n ≤ 10.000 thì lấy 30 mẫu;+ Nếu 5.000 < n ≤ 10.000 thì lấy 30 mẫu;+ Nếu 5.000 < n ≤ 10.000 thì lấy 30 mẫu;+ Nếu n > 10.000 thì lấy 40 mẫu.+ Nếu n > 10.000 thì lấy 40 mẫu.+ Nếu n > 10.000 thì lấy 40 mẫu.- Thử nghiệm lô lần kế tiếp:- Thử nghiệm lô lần kế tiếp:- Thử nghiệm lô lần kế tiếp:+ Nếu n ≤ 1.000 thì lấy 08 mẫu;+ Nếu n ≤ 1.000 thì lấy 08 mẫu;+ Nếu n ≤ 1.000 thì lấy 08 mẫu;+ Nếu 1.000 < n ≤ 5.000 thì lấy 16 mẫu;+ Nếu 1.000 < n ≤ 5.000 thì lấy 16 mẫu;+ Nếu 1.000 < n ≤ 5.000 thì lấy 16 mẫu;+ Nếu 5.000 < n ≤ 10.000 thì lấy 24 mẫu;+ Nếu 5.000 < n ≤ 10.000 thì lấy 24 mẫu;+ Nếu 5.000 < n ≤ 10.000 thì lấy 24 mẫu;+ Nếu n > 10.000 thì lấy 32 mẫu.+ Nếu n > 10.000 thì lấy 32 mẫ+ Nếu n > 10.000 thì lấy 32 mẫu.u.",8531.10.208531.10.208531.10.20
2.4.3.2.4.3.2.4.3.,Đầu báo cháy nhiệt kiểu điểmĐầu báo cháy nhiệt kiểu điểmĐầu báo cháy nhiệt kiểu điểm,"9. Nóng ẩm, có chu kỳ (vận hành)9. Nóng ẩm, có chu kỳ (vận hành)9. Nóng ẩm, có chu kỳ (vận hành)",5.11.35.11.35.11.3TCVN 7568-5:2013TCVN 7568-5:2013TCVN 7568-5:2013,5.11.25.11.25.11.2TCVN 7568-5:2013TCVTCVN 7568-5:2013N 7568-5:2013,"Mẫu được lấy ngẫu nhiên tại lô phương tiện, số lượng mẫu được lấy phụ thuộc vào số lượng phương tiện trong lô (n), cụ thể như sau:Mẫu được lấy ngẫu nhiên tại lô phương tiện, số lượng mẫu được lấy phụ thuộc vào số lượng phương tiện trong lô (n), cụ thể như sau:Mẫu được lấy ngẫu nhiên tại lô phương tiện, số lượng mẫu được lấy phụ thuộc vào số lượng phương tiện trong lô (n), cụ thể như sau:- Thử nghiệm lô lần đầu:- Thử nghiệm lô lần đầu:- Thử nghiệm lô lần đầu:+ Nếu n ≤ 1.000 thì lấy 10 mẫu;+ Nếu n ≤ 1.000 thì lấy 10 mẫu;+ Nếu n ≤ 1.000 thì lấy 10 mẫu;+ Nếu 1.000 < n ≤ 5.000 thì lấy 20 mẫu;+ Nếu 1.000 < n ≤ 5.000 thì lấy 20 mẫu;+ Nếu 1.000 < n ≤ 5.000 thì lấy 20 mẫu;+ Nếu 5.000 < n ≤ 10.000 thì lấy 30 mẫu;+ Nếu 5.000 < n ≤ 10.000 thì lấy 30 mẫu;+ Nếu 5.000 < n ≤ 10.000 thì lấy 30 mẫu;+ Nếu n > 10.000 thì lấy 40 mẫu.+ Nếu n > 10.000 thì lấy 40 mẫu.+ Nếu n > 10.000 thì lấy 40 mẫu.- Thử nghiệm lô lần kế tiếp:- Thử nghiệm lô lần kế tiếp:- Thử nghiệm lô lần kế tiếp:+ Nếu n ≤ 1.000 thì lấy 08 mẫu;+ Nếu n ≤ 1.000 thì lấy 08 mẫu;+ Nếu n ≤ 1.000 thì lấy 08 mẫu;+ Nếu 1.000 < n ≤ 5.000 thì lấy 16 mẫu;+ Nếu 1.000 < n ≤ 5.000 thì lấy 16 mẫu;+ Nếu 1.000 < n ≤ 5.000 thì lấy 16 mẫu;+ Nếu 5.000 < n ≤ 10.000 thì lấy 24 mẫu;+ Nếu 5.000 < n ≤ 10.000 thì lấy 24 mẫu;+ Nếu 5.000 < n ≤ 10.000 thì lấy 24 mẫu;+ Nếu n > 10.000 thì lấy 32 mẫu.+ Nếu n > 10.000 thì lấy 32 mẫ+ Nếu n > 10.000 thì lấy 32 mẫu.u.",8531.10.208531.10.208531.10.20
2.4.3.2.4.3.2.4.3.,Đầu báo cháy nhiệt kiểu điểmĐầu báo cháy nhiệt kiểu điểmĐầu báo cháy nhiệt kiểu điểm,10. Ăn mòn sunfua đioxit (SO2) (bền lâu) (*)10. Ăn mòn sunfua đioxit (SO10. Ăn mòn sunfua đioxit (SO22) (bền lâu) (*)) (bền lâu) (*),5.13.35.13.35.13.3TCVN 7568-5:2013TCVN 7568-5:2013TCVN 7568-5:2013,5.13.25.13.25.13.2TCVN 7568-5:2013TCVN 7568-5:2013TCVN 7568-5:2013,"Mẫu được lấy ngẫu nhiên tại lô phương tiện, số lượng mẫu được lấy phụ thuộc vào số lượng phương tiện trong lô (n), cụ thể như sau:Mẫu được lấy ngẫu nhiên tại lô phương tiện, số lượng mẫu được lấy phụ thuộc vào số lượng phương tiện trong lô (n), cụ thể như sau:Mẫu được lấy ngẫu nhiên tại lô phương tiện, số lượng mẫu được lấy phụ thuộc vào số lượng phương tiện trong lô (n), cụ thể như sau:- Thử nghiệm lô lần đầu:- Thử nghiệm lô lần đầu:- Thử nghiệm lô lần đầu:+ Nếu n ≤ 1.000 thì lấy 10 mẫu;+ Nếu n ≤ 1.000 thì lấy 10 mẫu;+ Nếu n ≤ 1.000 thì lấy 10 mẫu;+ Nếu 1.000 < n ≤ 5.000 thì lấy 20 mẫu;+ Nếu 1.000 < n ≤ 5.000 thì lấy 20 mẫu;+ Nếu 1.000 < n ≤ 5.000 thì lấy 20 mẫu;+ Nếu 5.000 < n ≤ 10.000 thì lấy 30 mẫu;+ Nếu 5.000 < n ≤ 10.000 thì lấy 30 mẫu;+ Nếu 5.000 < n ≤ 10.000 thì lấy 30 mẫu;+ Nếu n > 10.000 thì lấy 40 mẫu.+ Nếu n > 10.000 thì lấy 40 mẫu.+ Nếu n > 10.000 thì lấy 40 mẫu.- Thử nghiệm lô lần kế tiếp:- Thử nghiệm lô lần kế tiếp:- Thử nghiệm lô lần kế tiếp:+ Nếu n ≤ 1.000 thì lấy 08 mẫu;+ Nếu n ≤ 1.000 thì lấy 08 mẫu;+ Nếu n ≤ 1.000 thì lấy 08 mẫu;+ Nếu 1.000 < n ≤ 5.000 thì lấy 16 mẫu;+ Nếu 1.000 < n ≤ 5.000 thì lấy 16 mẫu;+ Nếu 1.000 < n ≤ 5.000 thì lấy 16 mẫu;+ Nếu 5.000 < n ≤ 10.000 thì lấy 24 mẫu;+ Nếu 5.000 < n ≤ 10.000 thì lấy 24 mẫu;+ Nếu 5.000 < n ≤ 10.000 thì lấy 24 mẫu;+ Nếu n > 10.000 thì lấy 32 mẫu.+ Nếu n > 10.000 thì lấy 32 mẫ+ Nếu n > 10.000 thì lấy 32 mẫu.u.",8531.10.208531.10.208531.10.20
2.4.3.2.4.3.2.4.3.,Đầu báo cháy nhiệt kiểu điểmĐầu báo cháy nhiệt kiểu điểmĐầu báo cháy nhiệt kiểu điểm,11. Va chạm (vận hành)11. Va chạm (vận hành)11. Va chạm (vận hành),5.14.35.14.35.14.3TCVN 7568-5:2013TCVN 7568-5:2013TCVN 7568-5:2013,5.14.25.14.25.14.2TCVN 7568-5:2013TCVN 7568-5:2013TCVN 7568-5:2013,"Mẫu được lấy ngẫu nhiên tại lô phương tiện, số lượng mẫu được lấy phụ thuộc vào số lượng phương tiện trong lô (n), cụ thể như sau:Mẫu được lấy ngẫu nhiên tại lô phương tiện, số lượng mẫu được lấy phụ thuộc vào số lượng phương tiện trong lô (n), cụ thể như sau:Mẫu được lấy ngẫu nhiên tại lô phương tiện, số lượng mẫu được lấy phụ thuộc vào số lượng phương tiện trong lô (n), cụ thể như sau:- Thử nghiệm lô lần đầu:- Thử nghiệm lô lần đầu:- Thử nghiệm lô lần đầu:+ Nếu n ≤ 1.000 thì lấy 10 mẫu;+ Nếu n ≤ 1.000 thì lấy 10 mẫu;+ Nếu n ≤ 1.000 thì lấy 10 mẫu;+ Nếu 1.000 < n ≤ 5.000 thì lấy 20 mẫu;+ Nếu 1.000 < n ≤ 5.000 thì lấy 20 mẫu;+ Nếu 1.000 < n ≤ 5.000 thì lấy 20 mẫu;+ Nếu 5.000 < n ≤ 10.000 thì lấy 30 mẫu;+ Nếu 5.000 < n ≤ 10.000 thì lấy 30 mẫu;+ Nếu 5.000 < n ≤ 10.000 thì lấy 30 mẫu;+ Nếu n > 10.000 thì lấy 40 mẫu.+ Nếu n > 10.000 thì lấy 40 mẫu.+ Nếu n > 10.000 thì lấy 40 mẫu.- Thử nghiệm lô lần kế tiếp:- Thử nghiệm lô lần kế tiếp:- Thử nghiệm lô lần kế tiếp:+ Nếu n ≤ 1.000 thì lấy 08 mẫu;+ Nếu n ≤ 1.000 thì lấy 08 mẫu;+ Nếu n ≤ 1.000 thì lấy 08 mẫu;+ Nếu 1.000 < n ≤ 5.000 thì lấy 16 mẫu;+ Nếu 1.000 < n ≤ 5.000 thì lấy 16 mẫu;+ Nếu 1.000 < n ≤ 5.000 thì lấy 16 mẫu;+ Nếu 5.000 < n ≤ 10.000 thì lấy 24 mẫu;+ Nếu 5.000 < n ≤ 10.000 thì lấy 24 mẫu;+ Nếu 5.000 < n ≤ 10.000 thì lấy 24 mẫu;+ Nếu n > 10.000 thì lấy 32 mẫu.+ Nếu n > 10.000 thì lấy 32 mẫ+ Nếu n > 10.000 thì lấy 32 mẫu.u.",8531.10.208531.10.208531.10.20
2.4.3.2.4.3.2.4.3.,Đầu báo cháy nhiệt kiểu điểmĐầu báo cháy nhiệt kiểu điểmĐầu báo cháy nhiệt kiểu điểm,12. Va đập (vận hành)12. Va đập (vận hành)12. Va đập (vận hành),5.15.35.15.35.15.3TCVN 7568-5:2013TCVN 7568-5:2013TCVN 7568-5:2013,5.15.25.15.25.15.2TCVN 7568-5:2013TCVN 7568-TCVN 7568-5:20135:2013,"Mẫu được lấy ngẫu nhiên tại lô phương tiện, số lượng mẫu được lấy phụ thuộc vào số lượng phương tiện trong lô (n), cụ thể như sau:Mẫu được lấy ngẫu nhiên tại lô phương tiện, số lượng mẫu được lấy phụ thuộc vào số lượng phương tiện trong lô (n), cụ thể như sau:Mẫu được lấy ngẫu nhiên tại lô phương tiện, số lượng mẫu được lấy phụ thuộc vào số lượng phương tiện trong lô (n), cụ thể như sau:- Thử nghiệm lô lần đầu:- Thử nghiệm lô lần đầu:- Thử nghiệm lô lần đầu:+ Nếu n ≤ 1.000 thì lấy 10 mẫu;+ Nếu n ≤ 1.000 thì lấy 10 mẫu;+ Nếu n ≤ 1.000 thì lấy 10 mẫu;+ Nếu 1.000 < n ≤ 5.000 thì lấy 20 mẫu;+ Nếu 1.000 < n ≤ 5.000 thì lấy 20 mẫu;+ Nếu 1.000 < n ≤ 5.000 thì lấy 20 mẫu;+ Nếu 5.000 < n ≤ 10.000 thì lấy 30 mẫu;+ Nếu 5.000 < n ≤ 10.000 thì lấy 30 mẫu;+ Nếu 5.000 < n ≤ 10.000 thì lấy 30 mẫu;+ Nếu n > 10.000 thì lấy 40 mẫu.+ Nếu n > 10.000 thì lấy 40 mẫu.+ Nếu n > 10.000 thì lấy 40 mẫu.- Thử nghiệm lô lần kế tiếp:- Thử nghiệm lô lần kế tiếp:- Thử nghiệm lô lần kế tiếp:+ Nếu n ≤ 1.000 thì lấy 08 mẫu;+ Nếu n ≤ 1.000 thì lấy 08 mẫu;+ Nếu n ≤ 1.000 thì lấy 08 mẫu;+ Nếu 1.000 < n ≤ 5.000 thì lấy 16 mẫu;+ Nếu 1.000 < n ≤ 5.000 thì lấy 16 mẫu;+ Nếu 1.000 < n ≤ 5.000 thì lấy 16 mẫu;+ Nếu 5.000 < n ≤ 10.000 thì lấy 24 mẫu;+ Nếu 5.000 < n ≤ 10.000 thì lấy 24 mẫu;+ Nếu 5.000 < n ≤ 10.000 thì lấy 24 mẫu;+ Nếu n > 10.000 thì lấy 32 mẫu.+ Nếu n > 10.000 thì lấy 32 mẫ+ Nếu n > 10.000 thì lấy 32 mẫu.u.",8531.10.208531.10.208531.10.20
2.4.3.2.4.3.2.4.3.,Đầu báo cháy nhiệt kiểu điểmĐầu báo cháy nhiệt kiểu điểmĐầu báo cháy nhiệt kiểu điểm,13. Rung hình sin (vận hành)13. Rung hình sin (vận hành)13. Rung hình sin (vận hành),5.16.35.16.35.16.3TCVN 7568-5:2013TCVN 7568-5:2013TCVN 7568-5:2013,5.16.25.16.25.16.2TCVN 7568-5:2013TCVN 7568-5:2013TCVN 7568-5:2013,"Mẫu được lấy ngẫu nhiên tại lô phương tiện, số lượng mẫu được lấy phụ thuộc vào số lượng phương tiện trong lô (n), cụ thể như sau:Mẫu được lấy ngẫu nhiên tại lô phương tiện, số lượng mẫu được lấy phụ thuộc vào số lượng phương tiện trong lô (n), cụ thể như sau:Mẫu được lấy ngẫu nhiên tại lô phương tiện, số lượng mẫu được lấy phụ thuộc vào số lượng phương tiện trong lô (n), cụ thể như sau:- Thử nghiệm lô lần đầu:- Thử nghiệm lô lần đầu:- Thử nghiệm lô lần đầu:+ Nếu n ≤ 1.000 thì lấy 10 mẫu;+ Nếu n ≤ 1.000 thì lấy 10 mẫu;+ Nếu n ≤ 1.000 thì lấy 10 mẫu;+ Nếu 1.000 < n ≤ 5.000 thì lấy 20 mẫu;+ Nếu 1.000 < n ≤ 5.000 thì lấy 20 mẫu;+ Nếu 1.000 < n ≤ 5.000 thì lấy 20 mẫu;+ Nếu 5.000 < n ≤ 10.000 thì lấy 30 mẫu;+ Nếu 5.000 < n ≤ 10.000 thì lấy 30 mẫu;+ Nếu 5.000 < n ≤ 10.000 thì lấy 30 mẫu;+ Nếu n > 10.000 thì lấy 40 mẫu.+ Nếu n > 10.000 thì lấy 40 mẫu.+ Nếu n > 10.000 thì lấy 40 mẫu.- Thử nghiệm lô lần kế tiếp:- Thử nghiệm lô lần kế tiếp:- Thử nghiệm lô lần kế tiếp:+ Nếu n ≤ 1.000 thì lấy 08 mẫu;+ Nếu n ≤ 1.000 thì lấy 08 mẫu;+ Nếu n ≤ 1.000 thì lấy 08 mẫu;+ Nếu 1.000 < n ≤ 5.000 thì lấy 16 mẫu;+ Nếu 1.000 < n ≤ 5.000 thì lấy 16 mẫu;+ Nếu 1.000 < n ≤ 5.000 thì lấy 16 mẫu;+ Nếu 5.000 < n ≤ 10.000 thì lấy 24 mẫu;+ Nếu 5.000 < n ≤ 10.000 thì lấy 24 mẫu;+ Nếu 5.000 < n ≤ 10.000 thì lấy 24 mẫu;+ Nếu n > 10.000 thì lấy 32 mẫu.+ Nếu n > 10.000 thì lấy 32 mẫ+ Nếu n > 10.000 thì lấy 32 mẫu.u.",8531.10.208531.10.208531.10.20
2.4.3.2.4.3.2.4.3.,Đầu báo cháy nhiệt kiểu điểmĐầu báo cháy nhiệt kiểu điểmĐầu báo cháy nhiệt kiểu điểm,14. Rung hình sin (bền lâu) (*)14. Rung hình sin (bền lâu) (*)14. Rung hình sin (bền lâu) (*),5.17.35.17.35.17.3TCVN 7568-5:2013TCVN 7568-5:2013TCVN 7568-5:2013,5.17.25.17.25.17.2TCVN 7568-5:2013TCVN 7568-5:2013TCVN 7568-5:2013,"Mẫu được lấy ngẫu nhiên tại lô phương tiện, số lượng mẫu được lấy phụ thuộc vào số lượng phương tiện trong lô (n), cụ thể như sau:Mẫu được lấy ngẫu nhiên tại lô phương tiện, số lượng mẫu được lấy phụ thuộc vào số lượng phương tiện trong lô (n), cụ thể như sau:Mẫu được lấy ngẫu nhiên tại lô phương tiện, số lượng mẫu được lấy phụ thuộc vào số lượng phương tiện trong lô (n), cụ thể như sau:- Thử nghiệm lô lần đầu:- Thử nghiệm lô lần đầu:- Thử nghiệm lô lần đầu:+ Nếu n ≤ 1.000 thì lấy 10 mẫu;+ Nếu n ≤ 1.000 thì lấy 10 mẫu;+ Nếu n ≤ 1.000 thì lấy 10 mẫu;+ Nếu 1.000 < n ≤ 5.000 thì lấy 20 mẫu;+ Nếu 1.000 < n ≤ 5.000 thì lấy 20 mẫu;+ Nếu 1.000 < n ≤ 5.000 thì lấy 20 mẫu;+ Nếu 5.000 < n ≤ 10.000 thì lấy 30 mẫu;+ Nếu 5.000 < n ≤ 10.000 thì lấy 30 mẫu;+ Nếu 5.000 < n ≤ 10.000 thì lấy 30 mẫu;+ Nếu n > 10.000 thì lấy 40 mẫu.+ Nếu n > 10.000 thì lấy 40 mẫu.+ Nếu n > 10.000 thì lấy 40 mẫu.- Thử nghiệm lô lần kế tiếp:- Thử nghiệm lô lần kế tiếp:- Thử nghiệm lô lần kế tiếp:+ Nếu n ≤ 1.000 thì lấy 08 mẫu;+ Nếu n ≤ 1.000 thì lấy 08 mẫu;+ Nếu n ≤ 1.000 thì lấy 08 mẫu;+ Nếu 1.000 < n ≤ 5.000 thì lấy 16 mẫu;+ Nếu 1.000 < n ≤ 5.000 thì lấy 16 mẫu;+ Nếu 1.000 < n ≤ 5.000 thì lấy 16 mẫu;+ Nếu 5.000 < n ≤ 10.000 thì lấy 24 mẫu;+ Nếu 5.000 < n ≤ 10.000 thì lấy 24 mẫu;+ Nếu 5.000 < n ≤ 10.000 thì lấy 24 mẫu;+ Nếu n > 10.000 thì lấy 32 mẫu.+ Nếu n > 10.000 thì lấy 32 mẫ+ Nếu n > 10.000 thì lấy 32 mẫu.u.",8531.10.208531.10.208531.10.20
2.4.3.2.4.3.2.4.3.,Đầu báo cháy nhiệt kiểu điểmĐầu báo cháy nhiệt kiểu điểmĐầu báo cháy nhiệt kiểu điểm,15. Thử nghiệm bổ sung cho các đầu báo cháy có ký hiệu S15. Thử nghiệm bổ sung cho các đầu báo cháy có ký hiệu S15. Thử nghiệm bổ sung cho các đầu báo cháy có ký hiệu S,6.1.36.1.36.1.3TCVN 7568-5:2013TCVN 7568-5:20TCVN 7568-5:201313,6.1.26.1.26.1.2TCVN 7568-5:2013TCVN 7568-5:2013TCVN 7568-5:2013,"Mẫu được lấy ngẫu nhiên tại lô phương tiện, số lượng mẫu được lấy phụ thuộc vào số lượng phương tiện trong lô (n), cụ thể như sau:Mẫu được lấy ngẫu nhiên tại lô phương tiện, số lượng mẫu được lấy phụ thuộc vào số lượng phương tiện trong lô (n), cụ thể như sau:Mẫu được lấy ngẫu nhiên tại lô phương tiện, số lượng mẫu được lấy phụ thuộc vào số lượng phương tiện trong lô (n), cụ thể như sau:- Thử nghiệm lô lần đầu:- Thử nghiệm lô lần đầu:- Thử nghiệm lô lần đầu:+ Nếu n ≤ 1.000 thì lấy 10 mẫu;+ Nếu n ≤ 1.000 thì lấy 10 mẫu;+ Nếu n ≤ 1.000 thì lấy 10 mẫu;+ Nếu 1.000 < n ≤ 5.000 thì lấy 20 mẫu;+ Nếu 1.000 < n ≤ 5.000 thì lấy 20 mẫu;+ Nếu 1.000 < n ≤ 5.000 thì lấy 20 mẫu;+ Nếu 5.000 < n ≤ 10.000 thì lấy 30 mẫu;+ Nếu 5.000 < n ≤ 10.000 thì lấy 30 mẫu;+ Nếu 5.000 < n ≤ 10.000 thì lấy 30 mẫu;+ Nếu n > 10.000 thì lấy 40 mẫu.+ Nếu n > 10.000 thì lấy 40 mẫu.+ Nếu n > 10.000 thì lấy 40 mẫu.- Thử nghiệm lô lần kế tiếp:- Thử nghiệm lô lần kế tiếp:- Thử nghiệm lô lần kế tiếp:+ Nếu n ≤ 1.000 thì lấy 08 mẫu;+ Nếu n ≤ 1.000 thì lấy 08 mẫu;+ Nếu n ≤ 1.000 thì lấy 08 mẫu;+ Nếu 1.000 < n ≤ 5.000 thì lấy 16 mẫu;+ Nếu 1.000 < n ≤ 5.000 thì lấy 16 mẫu;+ Nếu 1.000 < n ≤ 5.000 thì lấy 16 mẫu;+ Nếu 5.000 < n ≤ 10.000 thì lấy 24 mẫu;+ Nếu 5.000 < n ≤ 10.000 thì lấy 24 mẫu;+ Nếu 5.000 < n ≤ 10.000 thì lấy 24 mẫu;+ Nếu n > 10.000 thì lấy 32 mẫu.+ Nếu n > 10.000 thì lấy 32 mẫ+ Nếu n > 10.000 thì lấy 32 mẫu.u.",8531.10.208531.10.208531.10.20
2.4.3.2.4.3.2.4.3.,Đầu báo cháy nhiệt kiểu điểmĐầu báo cháy nhiệt kiểu điểmĐầu báo cháy nhiệt kiểu điểm,16. Thử nghiệm bổ sung cho các đầu báo cháy có ký hiệu R16. Thử nghiệm bổ sung cho các đầu báo cháy có ký hiệu R16. Thử nghiệm bổ sung cho các đầu báo cháy có ký hiệu R,6.2.36.2.36.2.3TCVN 7568-5:2013TCVN 7568-5:2013TCVN 7568-5:2013,6.2.26.2.26.2.2TCVN 7568-5:2013TCVN 7568-5:2013TCVN 7568-5:2013,"Mẫu được lấy ngẫu nhiên tại lô phương tiện, số lượng mẫu được lấy phụ thuộc vào số lượng phương tiện trong lô (n), cụ thể như sau:Mẫu được lấy ngẫu nhiên tại lô phương tiện, số lượng mẫu được lấy phụ thuộc vào số lượng phương tiện trong lô (n), cụ thể như sau:Mẫu được lấy ngẫu nhiên tại lô phương tiện, số lượng mẫu được lấy phụ thuộc vào số lượng phương tiện trong lô (n), cụ thể như sau:- Thử nghiệm lô lần đầu:- Thử nghiệm lô lần đầu:- Thử nghiệm lô lần đầu:+ Nếu n ≤ 1.000 thì lấy 10 mẫu;+ Nếu n ≤ 1.000 thì lấy 10 mẫu;+ Nếu n ≤ 1.000 thì lấy 10 mẫu;+ Nếu 1.000 < n ≤ 5.000 thì lấy 20 mẫu;+ Nếu 1.000 < n ≤ 5.000 thì lấy 20 mẫu;+ Nếu 1.000 < n ≤ 5.000 thì lấy 20 mẫu;+ Nếu 5.000 < n ≤ 10.000 thì lấy 30 mẫu;+ Nếu 5.000 < n ≤ 10.000 thì lấy 30 mẫu;+ Nếu 5.000 < n ≤ 10.000 thì lấy 30 mẫu;+ Nếu n > 10.000 thì lấy 40 mẫu.+ Nếu n > 10.000 thì lấy 40 mẫu.+ Nếu n > 10.000 thì lấy 40 mẫu.- Thử nghiệm lô lần kế tiếp:- Thử nghiệm lô lần kế tiếp:- Thử nghiệm lô lần kế tiếp:+ Nếu n ≤ 1.000 thì lấy 08 mẫu;+ Nếu n ≤ 1.000 thì lấy 08 mẫu;+ Nếu n ≤ 1.000 thì lấy 08 mẫu;+ Nếu 1.000 < n ≤ 5.000 thì lấy 16 mẫu;+ Nếu 1.000 < n ≤ 5.000 thì lấy 16 mẫu;+ Nếu 1.000 < n ≤ 5.000 thì lấy 16 mẫu;+ Nếu 5.000 < n ≤ 10.000 thì lấy 24 mẫu;+ Nếu 5.000 < n ≤ 10.000 thì lấy 24 mẫu;+ Nếu 5.000 < n ≤ 10.000 thì lấy 24 mẫu;+ Nếu n > 10.000 thì lấy 32 mẫu.+ Nếu n > 10.000 thì lấy 32 mẫ+ Nếu n > 10.000 thì lấy 32 mẫu.u.",8531.10.208531.10.208531.10.20
2.4.3.2.4.3.2.4.3.,Đầu báo cháy nhiệt kiểu điểmĐầu báo cháy nhiệt kiểu điểmĐầu báo cháy nhiệt kiểu điểm,17. Suy hao tín hiệu tại hiện trường (***)17. Suy hao tín hiệu tại hiện trường (***)17. Suy hao tín hiệu tại hiện trường (***),4.2.14.2.14.2.1TCVN 7568-25:2023TCVN 7568-25:2023TCVN 7568-25:2023,8.2.28.2.28.2.2TCVN 7568-25:2023TCVN 7568-25:2023TCVN 7568-25:2023,"Mẫu được lấy ngẫu nhiên tại lô phương tiện, số lượng mẫu được lấy phụ thuộc vào số lượng phương tiện trong lô (n), cụ thể như sau:Mẫu được lấy ngẫu nhiên tại lô phương tiện, số lượng mẫu được lấy phụ thuộc vào số lượng phương tiện trong lô (n), cụ thể như sau:Mẫu được lấy ngẫu nhiên tại lô phương tiện, số lượng mẫu được lấy phụ thuộc vào số lượng phương tiện trong lô (n), cụ thể như sau:- Thử nghiệm lô lần đầu:- Thử nghiệm lô lần đầu:- Thử nghiệm lô lần đầu:+ Nếu n ≤ 1.000 thì lấy 10 mẫu;+ Nếu n ≤ 1.000 thì lấy 10 mẫu;+ Nếu n ≤ 1.000 thì lấy 10 mẫu;+ Nếu 1.000 < n ≤ 5.000 thì lấy 20 mẫu;+ Nếu 1.000 < n ≤ 5.000 thì lấy 20 mẫu;+ Nếu 1.000 < n ≤ 5.000 thì lấy 20 mẫu;+ Nếu 5.000 < n ≤ 10.000 thì lấy 30 mẫu;+ Nếu 5.000 < n ≤ 10.000 thì lấy 30 mẫu;+ Nếu 5.000 < n ≤ 10.000 thì lấy 30 mẫu;+ Nếu n > 10.000 thì lấy 40 mẫu.+ Nếu n > 10.000 thì lấy 40 mẫu.+ Nếu n > 10.000 thì lấy 40 mẫu.- Thử nghiệm lô lần kế tiếp:- Thử nghiệm lô lần kế tiếp:- Thử nghiệm lô lần kế tiếp:+ Nếu n ≤ 1.000 thì lấy 08 mẫu;+ Nếu n ≤ 1.000 thì lấy 08 mẫu;+ Nếu n ≤ 1.000 thì lấy 08 mẫu;+ Nếu 1.000 < n ≤ 5.000 thì lấy 16 mẫu;+ Nếu 1.000 < n ≤ 5.000 thì lấy 16 mẫu;+ Nếu 1.000 < n ≤ 5.000 thì lấy 16 mẫu;+ Nếu 5.000 < n ≤ 10.000 thì lấy 24 mẫu;+ Nếu 5.000 < n ≤ 10.000 thì lấy 24 mẫu;+ Nếu 5.000 < n ≤ 10.000 thì lấy 24 mẫu;+ Nếu n > 10.000 thì lấy 32 mẫu.+ Nếu n > 10.000 thì lấy 32 mẫ+ Nếu n > 10.000 thì lấy 32 mẫu.u.",8531.10.208531.10.208531.10.20
2.4.3.2.4.3.2.4.3.,Đầu báo cháy nhiệt kiểu điểmĐầu báo cháy nhiệt kiểu điểmĐầu báo cháy nhiệt kiểu điểm,18. Tính toàn vẹn của tín hiệu cảnh báo (***)18. Tính toàn vẹn của tín hiệu cảnh báo (***)18. Tính toàn vẹn của tín hiệu cảnh báo (***),4.2.24.2.24.2.2TCVN 7568-25:2023TCVN 7568-25:2023TCVN 7568-25:2023,8.2.38.2.38.2.3TCVN 7568-25:2023TCVN 7568-25:2023TCVN 7568-25:2023,"Mẫu được lấy ngẫu nhiên tại lô phương tiện, số lượng mẫu được lấy phụ thuộc vào số lượng phương tiện trong lô (n), cụ thể như sau:Mẫu được lấy ngẫu nhiên tại lô phương tiện, số lượng mẫu được lấy phụ thuộc vào số lượng phương tiện trong lô (n), cụ thể như sau:Mẫu được lấy ngẫu nhiên tại lô phương tiện, số lượng mẫu được lấy phụ thuộc vào số lượng phương tiện trong lô (n), cụ thể như sau:- Thử nghiệm lô lần đầu:- Thử nghiệm lô lần đầu:- Thử nghiệm lô lần đầu:+ Nếu n ≤ 1.000 thì lấy 10 mẫu;+ Nếu n ≤ 1.000 thì lấy 10 mẫu;+ Nếu n ≤ 1.000 thì lấy 10 mẫu;+ Nếu 1.000 < n ≤ 5.000 thì lấy 20 mẫu;+ Nếu 1.000 < n ≤ 5.000 thì lấy 20 mẫu;+ Nếu 1.000 < n ≤ 5.000 thì lấy 20 mẫu;+ Nếu 5.000 < n ≤ 10.000 thì lấy 30 mẫu;+ Nếu 5.000 < n ≤ 10.000 thì lấy 30 mẫu;+ Nếu 5.000 < n ≤ 10.000 thì lấy 30 mẫu;+ Nếu n > 10.000 thì lấy 40 mẫu.+ Nếu n > 10.000 thì lấy 40 mẫu.+ Nếu n > 10.000 thì lấy 40 mẫu.- Thử nghiệm lô lần kế tiếp:- Thử nghiệm lô lần kế tiếp:- Thử nghiệm lô lần kế tiếp:+ Nếu n ≤ 1.000 thì lấy 08 mẫu;+ Nếu n ≤ 1.000 thì lấy 08 mẫu;+ Nếu n ≤ 1.000 thì lấy 08 mẫu;+ Nếu 1.000 < n ≤ 5.000 thì lấy 16 mẫu;+ Nếu 1.000 < n ≤ 5.000 thì lấy 16 mẫu;+ Nếu 1.000 < n ≤ 5.000 thì lấy 16 mẫu;+ Nếu 5.000 < n ≤ 10.000 thì lấy 24 mẫu;+ Nếu 5.000 < n ≤ 10.000 thì lấy 24 mẫu;+ Nếu 5.000 < n ≤ 10.000 thì lấy 24 mẫu;+ Nếu n > 10.000 thì lấy 32 mẫu.+ Nếu n > 10.000 thì lấy 32 mẫ+ Nếu n > 10.000 thì lấy 32 mẫu.u.",8531.10.208531.10.208531.10.20
2.4.3.2.4.3.2.4.3.,Đầu báo cháy nhiệt kiểu điểmĐầu báo cháy nhiệt kiểu điểmĐầu báo cháy nhiệt kiểu điểm,19. Định danh của các thiết bị sử dụng đường truyền vô tuyến (***)19. Định danh của các thiết bị sử dụng đường truyền vô tuyến (***)19. Định danh của các thiết bị sử dụng đường truyền vô tuyến (***),4.2.34.2.34.2.3TCVN 7568-25:2023TCVN 7568-25:2023TCVN 7568-25:2023,8.2.48.2.48.2.4TCVN 7568-25:2023TCVN 7568-25:2023TCVN 7568-25:2023,"Mẫu được lấy ngẫu nhiên tại lô phương tiện, số lượng mẫu được lấy phụ thuộc vào số lượng phương tiện trong lô (n), cụ thể như sau:Mẫu được lấy ngẫu nhiên tại lô phương tiện, số lượng mẫu được lấy phụ thuộc vào số lượng phương tiện trong lô (n), cụ thể như sau:Mẫu được lấy ngẫu nhiên tại lô phương tiện, số lượng mẫu được lấy phụ thuộc vào số lượng phương tiện trong lô (n), cụ thể như sau:- Thử nghiệm lô lần đầu:- Thử nghiệm lô lần đầu:- Thử nghiệm lô lần đầu:+ Nếu n ≤ 1.000 thì lấy 10 mẫu;+ Nếu n ≤ 1.000 thì lấy 10 mẫu;+ Nếu n ≤ 1.000 thì lấy 10 mẫu;+ Nếu 1.000 < n ≤ 5.000 thì lấy 20 mẫu;+ Nếu 1.000 < n ≤ 5.000 thì lấy 20 mẫu;+ Nếu 1.000 < n ≤ 5.000 thì lấy 20 mẫu;+ Nếu 5.000 < n ≤ 10.000 thì lấy 30 mẫu;+ Nếu 5.000 < n ≤ 10.000 thì lấy 30 mẫu;+ Nếu 5.000 < n ≤ 10.000 thì lấy 30 mẫu;+ Nếu n > 10.000 thì lấy 40 mẫu.+ Nếu n > 10.000 thì lấy 40 mẫu.+ Nếu n > 10.000 thì lấy 40 mẫu.- Thử nghiệm lô lần kế tiếp:- Thử nghiệm lô lần kế tiếp:- Thử nghiệm lô lần kế tiếp:+ Nếu n ≤ 1.000 thì lấy 08 mẫu;+ Nếu n ≤ 1.000 thì lấy 08 mẫu;+ Nếu n ≤ 1.000 thì lấy 08 mẫu;+ Nếu 1.000 < n ≤ 5.000 thì lấy 16 mẫu;+ Nếu 1.000 < n ≤ 5.000 thì lấy 16 mẫu;+ Nếu 1.000 < n ≤ 5.000 thì lấy 16 mẫu;+ Nếu 5.000 < n ≤ 10.000 thì lấy 24 mẫu;+ Nếu 5.000 < n ≤ 10.000 thì lấy 24 mẫu;+ Nếu 5.000 < n ≤ 10.000 thì lấy 24 mẫu;+ Nếu n > 10.000 thì lấy 32 mẫu.+ Nếu n > 10.000 thì lấy 32 mẫ+ Nếu n > 10.000 thì lấy 32 mẫu.u.",8531.10.208531.10.208531.10.20
2.4.3.2.4.3.2.4.3.,Đầu báo cháy nhiệt kiểu điểmĐầu báo cháy nhiệt kiểu điểmĐầu báo cháy nhiệt kiểu điểm,20. Ăng ten (***)20. Ăng ten (***)20. Ăng ten (***),4.2.74.2.74.2.7TCVN 7568-25:2023TCVN 7568-25:2023TCVN 7568-25:2023,8.2.98.2.98.2.9TCVN 7568-25:2023TCVN 7568-TCVN 7568-25:202325:2023,"Mẫu được lấy ngẫu nhiên tại lô phương tiện, số lượng mẫu được lấy phụ thuộc vào số lượng phương tiện trong lô (n), cụ thể như sau:Mẫu được lấy ngẫu nhiên tại lô phương tiện, số lượng mẫu được lấy phụ thuộc vào số lượng phương tiện trong lô (n), cụ thể như sau:Mẫu được lấy ngẫu nhiên tại lô phương tiện, số lượng mẫu được lấy phụ thuộc vào số lượng phương tiện trong lô (n), cụ thể như sau:- Thử nghiệm lô lần đầu:- Thử nghiệm lô lần đầu:- Thử nghiệm lô lần đầu:+ Nếu n ≤ 1.000 thì lấy 10 mẫu;+ Nếu n ≤ 1.000 thì lấy 10 mẫu;+ Nếu n ≤ 1.000 thì lấy 10 mẫu;+ Nếu 1.000 < n ≤ 5.000 thì lấy 20 mẫu;+ Nếu 1.000 < n ≤ 5.000 thì lấy 20 mẫu;+ Nếu 1.000 < n ≤ 5.000 thì lấy 20 mẫu;+ Nếu 5.000 < n ≤ 10.000 thì lấy 30 mẫu;+ Nếu 5.000 < n ≤ 10.000 thì lấy 30 mẫu;+ Nếu 5.000 < n ≤ 10.000 thì lấy 30 mẫu;+ Nếu n > 10.000 thì lấy 40 mẫu.+ Nếu n > 10.000 thì lấy 40 mẫu.+ Nếu n > 10.000 thì lấy 40 mẫu.- Thử nghiệm lô lần kế tiếp:- Thử nghiệm lô lần kế tiếp:- Thử nghiệm lô lần kế tiếp:+ Nếu n ≤ 1.000 thì lấy 08 mẫu;+ Nếu n ≤ 1.000 thì lấy 08 mẫu;+ Nếu n ≤ 1.000 thì lấy 08 mẫu;+ Nếu 1.000 < n ≤ 5.000 thì lấy 16 mẫu;+ Nếu 1.000 < n ≤ 5.000 thì lấy 16 mẫu;+ Nếu 1.000 < n ≤ 5.000 thì lấy 16 mẫu;+ Nếu 5.000 < n ≤ 10.000 thì lấy 24 mẫu;+ Nếu 5.000 < n ≤ 10.000 thì lấy 24 mẫu;+ Nếu 5.000 < n ≤ 10.000 thì lấy 24 mẫu;+ Nếu n > 10.000 thì lấy 32 mẫu.+ Nếu n > 10.000 thì lấy 32 mẫ+ Nếu n > 10.000 thì lấy 32 mẫu.u.",8531.10.208531.10.208531.10.20
2.4.3.2.4.3.2.4.3.,Đầu báo cháy nhiệt kiểu điểmĐầu báo cháy nhiệt kiểu điểmĐầu báo cháy nhiệt kiểu điểm,21. Tuổi thọ nguồn độc lập (***)21. Tuổi thọ nguồn độc lập (***)21. Tuổi thọ nguồn độc lập (***),5.3.25.3.25.3.2TCVN 7568-25:2023TCVN 7568-25:2023TCVN 7568-25:2023,8.3.38.3.38.3.3TCVN 7568-25:2023TCVN 7568-25:2023TCVN 7568-25:2023,"Mẫu được lấy ngẫu nhiên tại lô phương tiện, số lượng mẫu được lấy phụ thuộc vào số lượng phương tiện trong lô (n), cụ thể như sau:Mẫu được lấy ngẫu nhiên tại lô phương tiện, số lượng mẫu được lấy phụ thuộc vào số lượng phương tiện trong lô (n), cụ thể như sau:Mẫu được lấy ngẫu nhiên tại lô phương tiện, số lượng mẫu được lấy phụ thuộc vào số lượng phương tiện trong lô (n), cụ thể như sau:- Thử nghiệm lô lần đầu:- Thử nghiệm lô lần đầu:- Thử nghiệm lô lần đầu:+ Nếu n ≤ 1.000 thì lấy 10 mẫu;+ Nếu n ≤ 1.000 thì lấy 10 mẫu;+ Nếu n ≤ 1.000 thì lấy 10 mẫu;+ Nếu 1.000 < n ≤ 5.000 thì lấy 20 mẫu;+ Nếu 1.000 < n ≤ 5.000 thì lấy 20 mẫu;+ Nếu 1.000 < n ≤ 5.000 thì lấy 20 mẫu;+ Nếu 5.000 < n ≤ 10.000 thì lấy 30 mẫu;+ Nếu 5.000 < n ≤ 10.000 thì lấy 30 mẫu;+ Nếu 5.000 < n ≤ 10.000 thì lấy 30 mẫu;+ Nếu n > 10.000 thì lấy 40 mẫu.+ Nếu n > 10.000 thì lấy 40 mẫu.+ Nếu n > 10.000 thì lấy 40 mẫu.- Thử nghiệm lô lần kế tiếp:- Thử nghiệm lô lần kế tiếp:- Thử nghiệm lô lần kế tiếp:+ Nếu n ≤ 1.000 thì lấy 08 mẫu;+ Nếu n ≤ 1.000 thì lấy 08 mẫu;+ Nếu n ≤ 1.000 thì lấy 08 mẫu;+ Nếu 1.000 < n ≤ 5.000 thì lấy 16 mẫu;+ Nếu 1.000 < n ≤ 5.000 thì lấy 16 mẫu;+ Nếu 1.000 < n ≤ 5.000 thì lấy 16 mẫu;+ Nếu 5.000 < n ≤ 10.000 thì lấy 24 mẫu;+ Nếu 5.000 < n ≤ 10.000 thì lấy 24 mẫu;+ Nếu 5.000 < n ≤ 10.000 thì lấy 24 mẫu;+ Nếu n > 10.000 thì lấy 32 mẫu.+ Nếu n > 10.000 thì lấy 32 mẫ+ Nếu n > 10.000 thì lấy 32 mẫu.u.",8531.10.208531.10.208531.10.20
2.4.3.2.4.3.2.4.3.,Đầu báo cháy nhiệt kiểu điểmĐầu báo cháy nhiệt kiểu điểmĐầu báo cháy nhiệt kiểu điểm,22. Xuyên nhiễu giữa các hệ thống của cùng một nhà sản xuất (***)22. Xuyên nhiễu giữa các hệ thống của cùng một nhà sản xuất (***)22. Xuyên nhiễu giữa các hệ thống của cùng một nhà sản xuất (***),4.2.5.24.2.5.24.2.5.2TCVN 7568-25:2023TCVN 7568-25:2023TCVN 7568-25:2023,8.2.68.2.68.2.6TCVN 7568-25:2023TCVN 7568-25:2023TCVN 7568-25:2023,"Mẫu được lấy ngẫu nhiên tại lô phương tiện, số lượng mẫu được lấy phụ thuộc vào số lượng phương tiện trong lô (n), cụ thể như sau:Mẫu được lấy ngẫu nhiên tại lô phương tiện, số lượng mẫu được lấy phụ thuộc vào số lượng phương tiện trong lô (n), cụ thể như sau:Mẫu được lấy ngẫu nhiên tại lô phương tiện, số lượng mẫu được lấy phụ thuộc vào số lượng phương tiện trong lô (n), cụ thể như sau:- Thử nghiệm lô lần đầu:- Thử nghiệm lô lần đầu:- Thử nghiệm lô lần đầu:+ Nếu n ≤ 1.000 thì lấy 10 mẫu;+ Nếu n ≤ 1.000 thì lấy 10 mẫu;+ Nếu n ≤ 1.000 thì lấy 10 mẫu;+ Nếu 1.000 < n ≤ 5.000 thì lấy 20 mẫu;+ Nếu 1.000 < n ≤ 5.000 thì lấy 20 mẫu;+ Nếu 1.000 < n ≤ 5.000 thì lấy 20 mẫu;+ Nếu 5.000 < n ≤ 10.000 thì lấy 30 mẫu;+ Nếu 5.000 < n ≤ 10.000 thì lấy 30 mẫu;+ Nếu 5.000 < n ≤ 10.000 thì lấy 30 mẫu;+ Nếu n > 10.000 thì lấy 40 mẫu.+ Nếu n > 10.000 thì lấy 40 mẫu.+ Nếu n > 10.000 thì lấy 40 mẫu.- Thử nghiệm lô lần kế tiếp:- Thử nghiệm lô lần kế tiếp:- Thử nghiệm lô lần kế tiếp:+ Nếu n ≤ 1.000 thì lấy 08 mẫu;+ Nếu n ≤ 1.000 thì lấy 08 mẫu;+ Nếu n ≤ 1.000 thì lấy 08 mẫu;+ Nếu 1.000 < n ≤ 5.000 thì lấy 16 mẫu;+ Nếu 1.000 < n ≤ 5.000 thì lấy 16 mẫu;+ Nếu 1.000 < n ≤ 5.000 thì lấy 16 mẫu;+ Nếu 5.000 < n ≤ 10.000 thì lấy 24 mẫu;+ Nếu 5.000 < n ≤ 10.000 thì lấy 24 mẫu;+ Nếu 5.000 < n ≤ 10.000 thì lấy 24 mẫu;+ Nếu n > 10.000 thì lấy 32 mẫu.+ Nếu n > 10.000 thì lấy 32 mẫ+ Nếu n > 10.000 thì lấy 32 mẫu.u.",8531.10.208531.10.208531.10.20
2.4.4.2.4.4.2.4.4.,Đầu báo cháy khói kiểu đường truyền sử dụng chùm tia chiếu quang họcĐầu báo cháy khói kiểu đường truyền sử dụng chùm tia chiếu quang họcĐầu báo cháy khói kiểu đường truyền sử dụng chùm tia chiếu quang học,1. Thử tính tái tạo lại1. Thử tính tái tạo lại1. Thử tính tái tạo lại,5.2.35.2.35.2.3TCVN 7568-12:2015TCVN 7568-12:2015TCVN 7568-12:2015,5.2.25.2.25.2.2TCVN 7568-12:2015TCVN 7568-12:2015TCVN 7568-12:2015,"Mẫu được lấy ngẫu nhiên tại lô phương tiện, số lượng mẫu được lấy phụ thuộc vào số lượng phương tiện trong lô (n), cụ thể như sau:Mẫu được lấy ngẫu nhiên tại lô phương tiện, số lượng mẫu được lấy phụ thuộc vào số lượng phương tiện trong lô (n), cụ thể như sau:Mẫu được lấy ngẫu nhiên tại lô phương tiện, số lượng mẫu được lấy phụ thuộc vào số lượng phương tiện trong lô (n), cụ thể như sau:- Thử nghiệm lô lần đầu:- Thử nghiệm lô lần đầu:- Thử nghiệm lô lần đầu:+ Nếu n ≤ 1.000 thì lấy 07 mẫu;+ Nếu n ≤ 1.000 thì lấy 07 mẫu;+ Nếu n ≤ 1.000 thì lấy 07 mẫu;+ Nếu 1.000 < n ≤ 5.000 thì lấy 14 mẫu;+ Nếu 1.000 < n ≤ 5.000 thì lấy 14 mẫu;+ Nếu 1.000 < n ≤ 5.000 thì lấy 14 mẫu;+ Nếu 5.000 < n ≤ 10.000 thì lấy 21 mẫu;+ Nếu 5.000 < n ≤ 10.000 thì lấy 21 mẫu;+ Nếu 5.000 < n ≤ 10.000 thì lấy 21 mẫu;+ Nếu n > 10.000 thì lấy 28 mẫu.+ Nếu n > 10.000 thì lấy 28 mẫu.+ Nếu n > 10.000 thì lấy 28 mẫu.- Thử nghiệm lô lần kế tiếp:- Thử nghiệm lô lần kế tiếp:- Thử nghiệm lô lần kế tiếp:+ Nếu n ≤ 1.000 thì lấy 06 mẫu;+ Nếu n ≤ 1.000 thì lấy 06 mẫu;+ Nếu n ≤ 1.000 thì lấy 06 mẫu;+ Nếu 1.000 < n ≤ 5.000 thì lấy 12 mẫu;+ Nếu 1.000 < n ≤ 5.000 thì lấy 12 mẫu;+ Nếu 1.000 < n ≤ 5.000 thì lấy 12 mẫu;+ Nếu 5.000 < n ≤ 10.000 thì lấy 18 mẫu;+ Nếu 5.000 < n ≤ 10.000 thì lấy 18 mẫu;+ Nếu 5.000 < n ≤ 10.000 thì lấy 18 mẫu;+ Nếu n > 10.000 thì lấy 24 mẫu.+ Nếu n > 10.000 thì lấy 24 mẫu.+ Nếu n > 10.000 thì lấy 24 mẫu.",8531.10.308531.10.308531.10.30
2.4.4.2.4.4.2.4.4.,Đầu báo cháy khói kiểu đường truyền sử dụng chùm tia chiếu quang họcĐầu báo cháy khói kiểu đường truyền sử dụng chùm tia chiếu quang họcĐầu báo cháy khói kiểu đường truyền sử dụng chùm tia chiếu quang học,2. Khả năng lặp lại2. Khả năng lặp lại2. Khả năng lặp lại,5.3.35.3.35.3.3TCVN 7568-12:2015TCVN 7568-12:2015TCVN 7568-12:2015,5.3.25.3.25.3.2TCVN 7568-12:2015TCVN 7568-12:2015TCVN 7568-12:2015,"Mẫu được lấy ngẫu nhiên tại lô phương tiện, số lượng mẫu được lấy phụ thuộc vào số lượng phương tiện trong lô (n), cụ thể như sau:Mẫu được lấy ngẫu nhiên tại lô phương tiện, số lượng mẫu được lấy phụ thuộc vào số lượng phương tiện trong lô (n), cụ thể như sau:Mẫu được lấy ngẫu nhiên tại lô phương tiện, số lượng mẫu được lấy phụ thuộc vào số lượng phương tiện trong lô (n), cụ thể như sau:- Thử nghiệm lô lần đầu:- Thử nghiệm lô lần đầu:- Thử nghiệm lô lần đầu:+ Nếu n ≤ 1.000 thì lấy 07 mẫu;+ Nếu n ≤ 1.000 thì lấy 07 mẫu;+ Nếu n ≤ 1.000 thì lấy 07 mẫu;+ Nếu 1.000 < n ≤ 5.000 thì lấy 14 mẫu;+ Nếu 1.000 < n ≤ 5.000 thì lấy 14 mẫu;+ Nếu 1.000 < n ≤ 5.000 thì lấy 14 mẫu;+ Nếu 5.000 < n ≤ 10.000 thì lấy 21 mẫu;+ Nếu 5.000 < n ≤ 10.000 thì lấy 21 mẫu;+ Nếu 5.000 < n ≤ 10.000 thì lấy 21 mẫu;+ Nếu n > 10.000 thì lấy 28 mẫu.+ Nếu n > 10.000 thì lấy 28 mẫu.+ Nếu n > 10.000 thì lấy 28 mẫu.- Thử nghiệm lô lần kế tiếp:- Thử nghiệm lô lần kế tiếp:- Thử nghiệm lô lần kế tiếp:+ Nếu n ≤ 1.000 thì lấy 06 mẫu;+ Nếu n ≤ 1.000 thì lấy 06 mẫu;+ Nếu n ≤ 1.000 thì lấy 06 mẫu;+ Nếu 1.000 < n ≤ 5.000 thì lấy 12 mẫu;+ Nếu 1.000 < n ≤ 5.000 thì lấy 12 mẫu;+ Nếu 1.000 < n ≤ 5.000 thì lấy 12 mẫu;+ Nếu 5.000 < n ≤ 10.000 thì lấy 18 mẫu;+ Nếu 5.000 < n ≤ 10.000 thì lấy 18 mẫu;+ Nếu 5.000 < n ≤ 10.000 thì lấy 18 mẫu;+ Nếu n > 10.000 thì lấy 24 mẫu.+ Nếu n > 10.000 thì lấy 24 mẫu.+ Nếu n > 10.000 thì lấy 24 mẫu.",8531.10.308531.10.308531.10.30
2.4.4.2.4.4.2.4.4.,Đầu báo cháy khói kiểu đường truyền sử dụng chùm tia chiếu quang họcĐầu báo cháy khói kiểu đường truyền sử dụng chùm tia chiếu quang họcĐầu báo cháy khói kiểu đường truyền sử dụng chùm tia chiếu quang học,3. Sự phụ thuộc vào độ thẳng hàng3. Sự phụ thuộc vào độ thẳng hàng3. Sự phụ thuộc vào độ thẳng hàng,5.4.35.4.35.4.3TCVN 7568-12:2015TCVN 7568-12:2015TCVN 7568-12:2015,5.4.2 TCVN 7568-12:20155.4.2 TCVN 7568-12:20155.4.2 TCVN 7568-12:2015,"Mẫu được lấy ngẫu nhiên tại lô phương tiện, số lượng mẫu được lấy phụ thuộc vào số lượng phương tiện trong lô (n), cụ thể như sau:Mẫu được lấy ngẫu nhiên tại lô phương tiện, số lượng mẫu được lấy phụ thuộc vào số lượng phương tiện trong lô (n), cụ thể như sau:Mẫu được lấy ngẫu nhiên tại lô phương tiện, số lượng mẫu được lấy phụ thuộc vào số lượng phương tiện trong lô (n), cụ thể như sau:- Thử nghiệm lô lần đầu:- Thử nghiệm lô lần đầu:- Thử nghiệm lô lần đầu:+ Nếu n ≤ 1.000 thì lấy 07 mẫu;+ Nếu n ≤ 1.000 thì lấy 07 mẫu;+ Nếu n ≤ 1.000 thì lấy 07 mẫu;+ Nếu 1.000 < n ≤ 5.000 thì lấy 14 mẫu;+ Nếu 1.000 < n ≤ 5.000 thì lấy 14 mẫu;+ Nếu 1.000 < n ≤ 5.000 thì lấy 14 mẫu;+ Nếu 5.000 < n ≤ 10.000 thì lấy 21 mẫu;+ Nếu 5.000 < n ≤ 10.000 thì lấy 21 mẫu;+ Nếu 5.000 < n ≤ 10.000 thì lấy 21 mẫu;+ Nếu n > 10.000 thì lấy 28 mẫu.+ Nếu n > 10.000 thì lấy 28 mẫu.+ Nếu n > 10.000 thì lấy 28 mẫu.- Thử nghiệm lô lần kế tiếp:- Thử nghiệm lô lần kế tiếp:- Thử nghiệm lô lần kế tiếp:+ Nếu n ≤ 1.000 thì lấy 06 mẫu;+ Nếu n ≤ 1.000 thì lấy 06 mẫu;+ Nếu n ≤ 1.000 thì lấy 06 mẫu;+ Nếu 1.000 < n ≤ 5.000 thì lấy 12 mẫu;+ Nếu 1.000 < n ≤ 5.000 thì lấy 12 mẫu;+ Nếu 1.000 < n ≤ 5.000 thì lấy 12 mẫu;+ Nếu 5.000 < n ≤ 10.000 thì lấy 18 mẫu;+ Nếu 5.000 < n ≤ 10.000 thì lấy 18 mẫu;+ Nếu 5.000 < n ≤ 10.000 thì lấy 18 mẫu;+ Nếu n > 10.000 thì lấy 24 mẫu.+ Nếu n > 10.000 thì lấy 24 mẫu.+ Nếu n > 10.000 thì lấy 24 mẫu.",8531.10.308531.10.308531.10.30
2.4.4.2.4.4.2.4.4.,Đầu báo cháy khói kiểu đường truyền sử dụng chùm tia chiếu quang họcĐầu báo cháy khói kiểu đường truyền sử dụng chùm tia chiếu quang họcĐầu báo cháy khói kiểu đường truyền sử dụng chùm tia chiếu quang học,4. Biến đổi của các thông số cung cấp4. Biến đổi của các thông số cung cấp4. Biến đổi của các thông số cung cấp,5.5.3 TCVN 7568-12:20155.5.3 TCVN 7568-12:20155.5.3 TCVN 7568-12:2015,5.5.2 TCVN 7568-12:20155.5.2 TCVN 7568-12:20155.5.2 TCVN 7568-12:2015,"Mẫu được lấy ngẫu nhiên tại lô phương tiện, số lượng mẫu được lấy phụ thuộc vào số lượng phương tiện trong lô (n), cụ thể như sau:Mẫu được lấy ngẫu nhiên tại lô phương tiện, số lượng mẫu được lấy phụ thuộc vào số lượng phương tiện trong lô (n), cụ thể như sau:Mẫu được lấy ngẫu nhiên tại lô phương tiện, số lượng mẫu được lấy phụ thuộc vào số lượng phương tiện trong lô (n), cụ thể như sau:- Thử nghiệm lô lần đầu:- Thử nghiệm lô lần đầu:- Thử nghiệm lô lần đầu:+ Nếu n ≤ 1.000 thì lấy 07 mẫu;+ Nếu n ≤ 1.000 thì lấy 07 mẫu;+ Nếu n ≤ 1.000 thì lấy 07 mẫu;+ Nếu 1.000 < n ≤ 5.000 thì lấy 14 mẫu;+ Nếu 1.000 < n ≤ 5.000 thì lấy 14 mẫu;+ Nếu 1.000 < n ≤ 5.000 thì lấy 14 mẫu;+ Nếu 5.000 < n ≤ 10.000 thì lấy 21 mẫu;+ Nếu 5.000 < n ≤ 10.000 thì lấy 21 mẫu;+ Nếu 5.000 < n ≤ 10.000 thì lấy 21 mẫu;+ Nếu n > 10.000 thì lấy 28 mẫu.+ Nếu n > 10.000 thì lấy 28 mẫu.+ Nếu n > 10.000 thì lấy 28 mẫu.- Thử nghiệm lô lần kế tiếp:- Thử nghiệm lô lần kế tiếp:- Thử nghiệm lô lần kế tiếp:+ Nếu n ≤ 1.000 thì lấy 06 mẫu;+ Nếu n ≤ 1.000 thì lấy 06 mẫu;+ Nếu n ≤ 1.000 thì lấy 06 mẫu;+ Nếu 1.000 < n ≤ 5.000 thì lấy 12 mẫu;+ Nếu 1.000 < n ≤ 5.000 thì lấy 12 mẫu;+ Nếu 1.000 < n ≤ 5.000 thì lấy 12 mẫu;+ Nếu 5.000 < n ≤ 10.000 thì lấy 18 mẫu;+ Nếu 5.000 < n ≤ 10.000 thì lấy 18 mẫu;+ Nếu 5.000 < n ≤ 10.000 thì lấy 18 mẫu;+ Nếu n > 10.000 thì lấy 24 mẫu.+ Nếu n > 10.000 thì lấy 24 mẫu.+ Nếu n > 10.000 thì lấy 24 mẫu.",8531.10.308531.10.308531.10.30
2.4.4.2.4.4.2.4.4.,Đầu báo cháy khói kiểu đường truyền sử dụng chùm tia chiếu quang họcĐầu báo cháy khói kiểu đường truyền sử dụng chùm tia chiếu quang họcĐầu báo cháy khói kiểu đường truyền sử dụng chùm tia chiếu quang học,5. Thay đổi nhanh của độ suy giảm5. Thay đổi nhanh của độ suy giảm5. Thay đổi nhanh của độ suy giảm,5.6.3 TCVN 7568-12:20155.6.3 TCVN 7568-12:20155.6.3 TCVN 7568-12:2015,5.6.2 TCVN 7568-12:20155.6.2 TCVN 7568-12:20155.6.2 TCVN 7568-12:2015,"Mẫu được lấy ngẫu nhiên tại lô phương tiện, số lượng mẫu được lấy phụ thuộc vào số lượng phương tiện trong lô (n), cụ thể như sau:Mẫu được lấy ngẫu nhiên tại lô phương tiện, số lượng mẫu được lấy phụ thuộc vào số lượng phương tiện trong lô (n), cụ thể như sau:Mẫu được lấy ngẫu nhiên tại lô phương tiện, số lượng mẫu được lấy phụ thuộc vào số lượng phương tiện trong lô (n), cụ thể như sau:- Thử nghiệm lô lần đầu:- Thử nghiệm lô lần đầu:- Thử nghiệm lô lần đầu:+ Nếu n ≤ 1.000 thì lấy 07 mẫu;+ Nếu n ≤ 1.000 thì lấy 07 mẫu;+ Nếu n ≤ 1.000 thì lấy 07 mẫu;+ Nếu 1.000 < n ≤ 5.000 thì lấy 14 mẫu;+ Nếu 1.000 < n ≤ 5.000 thì lấy 14 mẫu;+ Nếu 1.000 < n ≤ 5.000 thì lấy 14 mẫu;+ Nếu 5.000 < n ≤ 10.000 thì lấy 21 mẫu;+ Nếu 5.000 < n ≤ 10.000 thì lấy 21 mẫu;+ Nếu 5.000 < n ≤ 10.000 thì lấy 21 mẫu;+ Nếu n > 10.000 thì lấy 28 mẫu.+ Nếu n > 10.000 thì lấy 28 mẫu.+ Nếu n > 10.000 thì lấy 28 mẫu.- Thử nghiệm lô lần kế tiếp:- Thử nghiệm lô lần kế tiếp:- Thử nghiệm lô lần kế tiếp:+ Nếu n ≤ 1.000 thì lấy 06 mẫu;+ Nếu n ≤ 1.000 thì lấy 06 mẫu;+ Nếu n ≤ 1.000 thì lấy 06 mẫu;+ Nếu 1.000 < n ≤ 5.000 thì lấy 12 mẫu;+ Nếu 1.000 < n ≤ 5.000 thì lấy 12 mẫu;+ Nếu 1.000 < n ≤ 5.000 thì lấy 12 mẫu;+ Nếu 5.000 < n ≤ 10.000 thì lấy 18 mẫu;+ Nếu 5.000 < n ≤ 10.000 thì lấy 18 mẫu;+ Nếu 5.000 < n ≤ 10.000 thì lấy 18 mẫu;+ Nếu n > 10.000 thì lấy 24 mẫu.+ Nếu n > 10.000 thì lấy 24 mẫu.+ Nếu n > 10.000 thì lấy 24 mẫu.",8531.10.308531.10.308531.10.30
2.4.4.2.4.4.2.4.4.,Đầu báo cháy khói kiểu đường truyền sử dụng chùm tia chiếu quang họcĐầu báo cháy khói kiểu đường truyền sử dụng chùm tia chiếu quang họcĐầu báo cháy khói kiểu đường truyền sử dụng chùm tia chiếu quang học,6. Thay đổi chậm của độ suy giảm6. Thay đổi chậm của độ suy giảm6. Thay đổi chậm của độ suy giảm,5.7.3 TCVN 7568-12:20155.7.3 TCVN 7568-12:20155.7.3 TCVN 7568-12:2015,5.7.2 TCVN 7568-12:20155.7.2 TCVN 7568-12:20155.7.2 TCVN 7568-12:2015,"Mẫu được lấy ngẫu nhiên tại lô phương tiện, số lượng mẫu được lấy phụ thuộc vào số lượng phương tiện trong lô (n), cụ thể như sau:Mẫu được lấy ngẫu nhiên tại lô phương tiện, số lượng mẫu được lấy phụ thuộc vào số lượng phương tiện trong lô (n), cụ thể như sau:Mẫu được lấy ngẫu nhiên tại lô phương tiện, số lượng mẫu được lấy phụ thuộc vào số lượng phương tiện trong lô (n), cụ thể như sau:- Thử nghiệm lô lần đầu:- Thử nghiệm lô lần đầu:- Thử nghiệm lô lần đầu:+ Nếu n ≤ 1.000 thì lấy 07 mẫu;+ Nếu n ≤ 1.000 thì lấy 07 mẫu;+ Nếu n ≤ 1.000 thì lấy 07 mẫu;+ Nếu 1.000 < n ≤ 5.000 thì lấy 14 mẫu;+ Nếu 1.000 < n ≤ 5.000 thì lấy 14 mẫu;+ Nếu 1.000 < n ≤ 5.000 thì lấy 14 mẫu;+ Nếu 5.000 < n ≤ 10.000 thì lấy 21 mẫu;+ Nếu 5.000 < n ≤ 10.000 thì lấy 21 mẫu;+ Nếu 5.000 < n ≤ 10.000 thì lấy 21 mẫu;+ Nếu n > 10.000 thì lấy 28 mẫu.+ Nếu n > 10.000 thì lấy 28 mẫu.+ Nếu n > 10.000 thì lấy 28 mẫu.- Thử nghiệm lô lần kế tiếp:- Thử nghiệm lô lần kế tiếp:- Thử nghiệm lô lần kế tiếp:+ Nếu n ≤ 1.000 thì lấy 06 mẫu;+ Nếu n ≤ 1.000 thì lấy 06 mẫu;+ Nếu n ≤ 1.000 thì lấy 06 mẫu;+ Nếu 1.000 < n ≤ 5.000 thì lấy 12 mẫu;+ Nếu 1.000 < n ≤ 5.000 thì lấy 12 mẫu;+ Nếu 1.000 < n ≤ 5.000 thì lấy 12 mẫu;+ Nếu 5.000 < n ≤ 10.000 thì lấy 18 mẫu;+ Nếu 5.000 < n ≤ 10.000 thì lấy 18 mẫu;+ Nếu 5.000 < n ≤ 10.000 thì lấy 18 mẫu;+ Nếu n > 10.000 thì lấy 24 mẫu.+ Nếu n > 10.000 thì lấy 24 mẫu.+ Nếu n > 10.000 thì lấy 24 mẫu.",8531.10.308531.10.308531.10.30
2.4.4.2.4.4.2.4.4.,Đầu báo cháy khói kiểu đường truyền sử dụng chùm tia chiếu quang họcĐầu báo cháy khói kiểu đường truyền sử dụng chùm tia chiếu quang họcĐầu báo cháy khói kiểu đường truyền sử dụng chùm tia chiếu quang học,7. Sự phụ thuộc vào chiều dài đường quang7. Sự phụ thuộc vào chiều dài đường quang7. Sự phụ thuộc vào chiều dài đường quang,5.8.3 TCVN 7568-12:20155.8.3 TCVN 7568-12:20155.8.3 TCVN 7568-12:2015,5.8.2 TCVN 7568-12:20155.8.2 TCVN 7568-12:20155.8.2 TCVN 7568-12:2015,"Mẫu được lấy ngẫu nhiên tại lô phương tiện, số lượng mẫu được lấy phụ thuộc vào số lượng phương tiện trong lô (n), cụ thể như sau:Mẫu được lấy ngẫu nhiên tại lô phương tiện, số lượng mẫu được lấy phụ thuộc vào số lượng phương tiện trong lô (n), cụ thể như sau:Mẫu được lấy ngẫu nhiên tại lô phương tiện, số lượng mẫu được lấy phụ thuộc vào số lượng phương tiện trong lô (n), cụ thể như sau:- Thử nghiệm lô lần đầu:- Thử nghiệm lô lần đầu:- Thử nghiệm lô lần đầu:+ Nếu n ≤ 1.000 thì lấy 07 mẫu;+ Nếu n ≤ 1.000 thì lấy 07 mẫu;+ Nếu n ≤ 1.000 thì lấy 07 mẫu;+ Nếu 1.000 < n ≤ 5.000 thì lấy 14 mẫu;+ Nếu 1.000 < n ≤ 5.000 thì lấy 14 mẫu;+ Nếu 1.000 < n ≤ 5.000 thì lấy 14 mẫu;+ Nếu 5.000 < n ≤ 10.000 thì lấy 21 mẫu;+ Nếu 5.000 < n ≤ 10.000 thì lấy 21 mẫu;+ Nếu 5.000 < n ≤ 10.000 thì lấy 21 mẫu;+ Nếu n > 10.000 thì lấy 28 mẫu.+ Nếu n > 10.000 thì lấy 28 mẫu.+ Nếu n > 10.000 thì lấy 28 mẫu.- Thử nghiệm lô lần kế tiếp:- Thử nghiệm lô lần kế tiếp:- Thử nghiệm lô lần kế tiếp:+ Nếu n ≤ 1.000 thì lấy 06 mẫu;+ Nếu n ≤ 1.000 thì lấy 06 mẫu;+ Nếu n ≤ 1.000 thì lấy 06 mẫu;+ Nếu 1.000 < n ≤ 5.000 thì lấy 12 mẫu;+ Nếu 1.000 < n ≤ 5.000 thì lấy 12 mẫu;+ Nếu 1.000 < n ≤ 5.000 thì lấy 12 mẫu;+ Nếu 5.000 < n ≤ 10.000 thì lấy 18 mẫu;+ Nếu 5.000 < n ≤ 10.000 thì lấy 18 mẫu;+ Nếu 5.000 < n ≤ 10.000 thì lấy 18 mẫu;+ Nếu n > 10.000 thì lấy 24 mẫu.+ Nếu n > 10.000 thì lấy 24 mẫu.+ Nếu n > 10.000 thì lấy 24 mẫu.",8531.10.308531.10.308531.10.30
2.4.4.2.4.4.2.4.4.,Đầu báo cháy khói kiểu đường truyền sử dụng chùm tia chiếu quang họcĐầu báo cháy khói kiểu đường truyền sử dụng chùm tia chiếu quang họcĐầu báo cháy khói kiểu đường truyền sử dụng chùm tia chiếu quang học,8. Độ nhạy đối với đám cháy8. Độ nhạy đối với đám cháy8. Độ nhạy đối với đám cháy,5.9.3 TCVN 7568-12:20155.9.3 TCVN 7568-12:20155.9.3 TCVN 7568-12:2015,5.9.2 TCVN 7568-12:20155.9.2 TCVN 7568-12:20155.9.2 TCVN 7568-12:2015,"Mẫu được lấy ngẫu nhiên tại lô phương tiện, số lượng mẫu được lấy phụ thuộc vào số lượng phương tiện trong lô (n), cụ thể như sau:Mẫu được lấy ngẫu nhiên tại lô phương tiện, số lượng mẫu được lấy phụ thuộc vào số lượng phương tiện trong lô (n), cụ thể như sau:Mẫu được lấy ngẫu nhiên tại lô phương tiện, số lượng mẫu được lấy phụ thuộc vào số lượng phương tiện trong lô (n), cụ thể như sau:- Thử nghiệm lô lần đầu:- Thử nghiệm lô lần đầu:- Thử nghiệm lô lần đầu:+ Nếu n ≤ 1.000 thì lấy 07 mẫu;+ Nếu n ≤ 1.000 thì lấy 07 mẫu;+ Nếu n ≤ 1.000 thì lấy 07 mẫu;+ Nếu 1.000 < n ≤ 5.000 thì lấy 14 mẫu;+ Nếu 1.000 < n ≤ 5.000 thì lấy 14 mẫu;+ Nếu 1.000 < n ≤ 5.000 thì lấy 14 mẫu;+ Nếu 5.000 < n ≤ 10.000 thì lấy 21 mẫu;+ Nếu 5.000 < n ≤ 10.000 thì lấy 21 mẫu;+ Nếu 5.000 < n ≤ 10.000 thì lấy 21 mẫu;+ Nếu n > 10.000 thì lấy 28 mẫu.+ Nếu n > 10.000 thì lấy 28 mẫu.+ Nếu n > 10.000 thì lấy 28 mẫu.- Thử nghiệm lô lần kế tiếp:- Thử nghiệm lô lần kế tiếp:- Thử nghiệm lô lần kế tiếp:+ Nếu n ≤ 1.000 thì lấy 06 mẫu;+ Nếu n ≤ 1.000 thì lấy 06 mẫu;+ Nếu n ≤ 1.000 thì lấy 06 mẫu;+ Nếu 1.000 < n ≤ 5.000 thì lấy 12 mẫu;+ Nếu 1.000 < n ≤ 5.000 thì lấy 12 mẫu;+ Nếu 1.000 < n ≤ 5.000 thì lấy 12 mẫu;+ Nếu 5.000 < n ≤ 10.000 thì lấy 18 mẫu;+ Nếu 5.000 < n ≤ 10.000 thì lấy 18 mẫu;+ Nếu 5.000 < n ≤ 10.000 thì lấy 18 mẫu;+ Nếu n > 10.000 thì lấy 24 mẫu.+ Nếu n > 10.000 thì lấy 24 mẫu.+ Nếu n > 10.000 thì lấy 24 mẫu.",8531.10.308531.10.308531.10.30
2.4.4.2.4.4.2.4.4.,Đầu báo cháy khói kiểu đường truyền sử dụng chùm tia chiếu quang họcĐầu báo cháy khói kiểu đường truyền sử dụng chùm tia chiếu quang họcĐầu báo cháy khói kiểu đường truyền sử dụng chùm tia chiếu quang học,9. Nóng khô (vận hành)9. Nóng khô (vận hành)9. Nóng khô (vận hành),5.11.3 TCVN 7568-12:20155.11.3 TCVN 7568-12:20155.11.3 TCVN 7568-12:2015,5.11.2 TCVN 7568-12:20155.11.2 TCVN 7568-12:20155.11.2 TCVN 7568-12:2015,"Mẫu được lấy ngẫu nhiên tại lô phương tiện, số lượng mẫu được lấy phụ thuộc vào số lượng phương tiện trong lô (n), cụ thể như sau:Mẫu được lấy ngẫu nhiên tại lô phương tiện, số lượng mẫu được lấy phụ thuộc vào số lượng phương tiện trong lô (n), cụ thể như sau:Mẫu được lấy ngẫu nhiên tại lô phương tiện, số lượng mẫu được lấy phụ thuộc vào số lượng phương tiện trong lô (n), cụ thể như sau:- Thử nghiệm lô lần đầu:- Thử nghiệm lô lần đầu:- Thử nghiệm lô lần đầu:+ Nếu n ≤ 1.000 thì lấy 07 mẫu;+ Nếu n ≤ 1.000 thì lấy 07 mẫu;+ Nếu n ≤ 1.000 thì lấy 07 mẫu;+ Nếu 1.000 < n ≤ 5.000 thì lấy 14 mẫu;+ Nếu 1.000 < n ≤ 5.000 thì lấy 14 mẫu;+ Nếu 1.000 < n ≤ 5.000 thì lấy 14 mẫu;+ Nếu 5.000 < n ≤ 10.000 thì lấy 21 mẫu;+ Nếu 5.000 < n ≤ 10.000 thì lấy 21 mẫu;+ Nếu 5.000 < n ≤ 10.000 thì lấy 21 mẫu;+ Nếu n > 10.000 thì lấy 28 mẫu.+ Nếu n > 10.000 thì lấy 28 mẫu.+ Nếu n > 10.000 thì lấy 28 mẫu.- Thử nghiệm lô lần kế tiếp:- Thử nghiệm lô lần kế tiếp:- Thử nghiệm lô lần kế tiếp:+ Nếu n ≤ 1.000 thì lấy 06 mẫu;+ Nếu n ≤ 1.000 thì lấy 06 mẫu;+ Nếu n ≤ 1.000 thì lấy 06 mẫu;+ Nếu 1.000 < n ≤ 5.000 thì lấy 12 mẫu;+ Nếu 1.000 < n ≤ 5.000 thì lấy 12 mẫu;+ Nếu 1.000 < n ≤ 5.000 thì lấy 12 mẫu;+ Nếu 5.000 < n ≤ 10.000 thì lấy 18 mẫu;+ Nếu 5.000 < n ≤ 10.000 thì lấy 18 mẫu;+ Nếu 5.000 < n ≤ 10.000 thì lấy 18 mẫu;+ Nếu n > 10.000 thì lấy 24 mẫu.+ Nếu n > 10.000 thì lấy 24 mẫu.+ Nếu n > 10.000 thì lấy 24 mẫu.",8531.10.308531.10.308531.10.30
2.4.4.2.4.4.2.4.4.,Đầu báo cháy khói kiểu đường truyền sử dụng chùm tia chiếu quang họcĐầu báo cháy khói kiểu đường truyền sử dụng chùm tia chiếu quang họcĐầu báo cháy khói kiểu đường truyền sử dụng chùm tia chiếu quang học,"10. Nóng ẩm, trạng thái ổn định (vận hành)10. Nóng ẩm, trạng thái ổn định (vận hành)10. Nóng ẩm, trạng thái ổn định (vận hành)",5.13.3 TCVN 7568-12:20155.13.3 TCVN 7568-12:20155.13.3 TCVN 7568-12:2015,5.13.2 TCVN 7568-12:20155.13.2 TCVN 7568-12:20155.13.2 TCVN 7568-12:2015,"Mẫu được lấy ngẫu nhiên tại lô phương tiện, số lượng mẫu được lấy phụ thuộc vào số lượng phương tiện trong lô (n), cụ thể như sau:Mẫu được lấy ngẫu nhiên tại lô phương tiện, số lượng mẫu được lấy phụ thuộc vào số lượng phương tiện trong lô (n), cụ thể như sau:Mẫu được lấy ngẫu nhiên tại lô phương tiện, số lượng mẫu được lấy phụ thuộc vào số lượng phương tiện trong lô (n), cụ thể như sau:- Thử nghiệm lô lần đầu:- Thử nghiệm lô lần đầu:- Thử nghiệm lô lần đầu:+ Nếu n ≤ 1.000 thì lấy 07 mẫu;+ Nếu n ≤ 1.000 thì lấy 07 mẫu;+ Nếu n ≤ 1.000 thì lấy 07 mẫu;+ Nếu 1.000 < n ≤ 5.000 thì lấy 14 mẫu;+ Nếu 1.000 < n ≤ 5.000 thì lấy 14 mẫu;+ Nếu 1.000 < n ≤ 5.000 thì lấy 14 mẫu;+ Nếu 5.000 < n ≤ 10.000 thì lấy 21 mẫu;+ Nếu 5.000 < n ≤ 10.000 thì lấy 21 mẫu;+ Nếu 5.000 < n ≤ 10.000 thì lấy 21 mẫu;+ Nếu n > 10.000 thì lấy 28 mẫu.+ Nếu n > 10.000 thì lấy 28 mẫu.+ Nếu n > 10.000 thì lấy 28 mẫu.- Thử nghiệm lô lần kế tiếp:- Thử nghiệm lô lần kế tiếp:- Thử nghiệm lô lần kế tiếp:+ Nếu n ≤ 1.000 thì lấy 06 mẫu;+ Nếu n ≤ 1.000 thì lấy 06 mẫu;+ Nếu n ≤ 1.000 thì lấy 06 mẫu;+ Nếu 1.000 < n ≤ 5.000 thì lấy 12 mẫu;+ Nếu 1.000 < n ≤ 5.000 thì lấy 12 mẫu;+ Nếu 1.000 < n ≤ 5.000 thì lấy 12 mẫu;+ Nếu 5.000 < n ≤ 10.000 thì lấy 18 mẫu;+ Nếu 5.000 < n ≤ 10.000 thì lấy 18 mẫu;+ Nếu 5.000 < n ≤ 10.000 thì lấy 18 mẫu;+ Nếu n > 10.000 thì lấy 24 mẫu.+ Nếu n > 10.000 thì lấy 24 mẫu.+ Nếu n > 10.000 thì lấy 24 mẫu.",8531.10.308531.10.308531.10.30
2.4.4.2.4.4.2.4.4.,Đầu báo cháy khói kiểu đường truyền sử dụng chùm tia chiếu quang họcĐầu báo cháy khói kiểu đường truyền sử dụng chùm tia chiếu quang họcĐầu báo cháy khói kiểu đường truyền sử dụng chùm tia chiếu quang học,11. Rung hình sin (khả năng chịu đựng)11. Rung hình sin (khả năng chịu đựng)11. Rung hình sin (khả năng chịu đựng),5.15.3 TCVN 7568-12:20155.15.3 TCVN 7568-12:20155.15.3 TCVN 7568-12:2015,5.15.2 TCVN 7568-12:20155.15.2 TCVN 7568-12:20155.15.2 TCVN 7568-12:2015,"Mẫu được lấy ngẫu nhiên tại lô phương tiện, số lượng mẫu được lấy phụ thuộc vào số lượng phương tiện trong lô (n), cụ thể như sau:Mẫu được lấy ngẫu nhiên tại lô phương tiện, số lượng mẫu được lấy phụ thuộc vào số lượng phương tiện trong lô (n), cụ thể như sau:Mẫu được lấy ngẫu nhiên tại lô phương tiện, số lượng mẫu được lấy phụ thuộc vào số lượng phương tiện trong lô (n), cụ thể như sau:- Thử nghiệm lô lần đầu:- Thử nghiệm lô lần đầu:- Thử nghiệm lô lần đầu:+ Nếu n ≤ 1.000 thì lấy 07 mẫu;+ Nếu n ≤ 1.000 thì lấy 07 mẫu;+ Nếu n ≤ 1.000 thì lấy 07 mẫu;+ Nếu 1.000 < n ≤ 5.000 thì lấy 14 mẫu;+ Nếu 1.000 < n ≤ 5.000 thì lấy 14 mẫu;+ Nếu 1.000 < n ≤ 5.000 thì lấy 14 mẫu;+ Nếu 5.000 < n ≤ 10.000 thì lấy 21 mẫu;+ Nếu 5.000 < n ≤ 10.000 thì lấy 21 mẫu;+ Nếu 5.000 < n ≤ 10.000 thì lấy 21 mẫu;+ Nếu n > 10.000 thì lấy 28 mẫu.+ Nếu n > 10.000 thì lấy 28 mẫu.+ Nếu n > 10.000 thì lấy 28 mẫu.- Thử nghiệm lô lần kế tiếp:- Thử nghiệm lô lần kế tiếp:- Thử nghiệm lô lần kế tiếp:+ Nếu n ≤ 1.000 thì lấy 06 mẫu;+ Nếu n ≤ 1.000 thì lấy 06 mẫu;+ Nếu n ≤ 1.000 thì lấy 06 mẫu;+ Nếu 1.000 < n ≤ 5.000 thì lấy 12 mẫu;+ Nếu 1.000 < n ≤ 5.000 thì lấy 12 mẫu;+ Nếu 1.000 < n ≤ 5.000 thì lấy 12 mẫu;+ Nếu 5.000 < n ≤ 10.000 thì lấy 18 mẫu;+ Nếu 5.000 < n ≤ 10.000 thì lấy 18 mẫu;+ Nếu 5.000 < n ≤ 10.000 thì lấy 18 mẫu;+ Nếu n > 10.000 thì lấy 24 mẫu.+ Nếu n > 10.000 thì lấy 24 mẫu.+ Nếu n > 10.000 thì lấy 24 mẫu.",8531.10.308531.10.308531.10.30
2.4.4.2.4.4.2.4.4.,Đầu báo cháy khói kiểu đường truyền sử dụng chùm tia chiếu quang họcĐầu báo cháy khói kiểu đường truyền sử dụng chùm tia chiếu quang họcĐầu báo cháy khói kiểu đường truyền sử dụng chùm tia chiếu quang học,12. Ăn mòn sunfua đioxit (SO2) (khả năng chịu đựng) (*)12. Ăn mòn sunfua đioxit (SO12. Ăn mòn sunfua đioxit (SO22) (khả năng chịu đựng) (*)) (khả năng chịu đựng) (*),5.17.3 TCVN 7568-12:20155.17.3 TC5.17.3 TCVN 7568-12:2015VN 7568-12:2015,5.18.2 TCVN 7568-12:20155.18.2 TCVN 7568-12:20155.18.2 TCVN 7568-12:2015,"Mẫu được lấy ngẫu nhiên tại lô phương tiện, số lượng mẫu được lấy phụ thuộc vào số lượng phương tiện trong lô (n), cụ thể như sau:Mẫu được lấy ngẫu nhiên tại lô phương tiện, số lượng mẫu được lấy phụ thuộc vào số lượng phương tiện trong lô (n), cụ thể như sau:Mẫu được lấy ngẫu nhiên tại lô phương tiện, số lượng mẫu được lấy phụ thuộc vào số lượng phương tiện trong lô (n), cụ thể như sau:- Thử nghiệm lô lần đầu:- Thử nghiệm lô lần đầu:- Thử nghiệm lô lần đầu:+ Nếu n ≤ 1.000 thì lấy 07 mẫu;+ Nếu n ≤ 1.000 thì lấy 07 mẫu;+ Nếu n ≤ 1.000 thì lấy 07 mẫu;+ Nếu 1.000 < n ≤ 5.000 thì lấy 14 mẫu;+ Nếu 1.000 < n ≤ 5.000 thì lấy 14 mẫu;+ Nếu 1.000 < n ≤ 5.000 thì lấy 14 mẫu;+ Nếu 5.000 < n ≤ 10.000 thì lấy 21 mẫu;+ Nếu 5.000 < n ≤ 10.000 thì lấy 21 mẫu;+ Nếu 5.000 < n ≤ 10.000 thì lấy 21 mẫu;+ Nếu n > 10.000 thì lấy 28 mẫu.+ Nếu n > 10.000 thì lấy 28 mẫu.+ Nếu n > 10.000 thì lấy 28 mẫu.- Thử nghiệm lô lần kế tiếp:- Thử nghiệm lô lần kế tiếp:- Thử nghiệm lô lần kế tiếp:+ Nếu n ≤ 1.000 thì lấy 06 mẫu;+ Nếu n ≤ 1.000 thì lấy 06 mẫu;+ Nếu n ≤ 1.000 thì lấy 06 mẫu;+ Nếu 1.000 < n ≤ 5.000 thì lấy 12 mẫu;+ Nếu 1.000 < n ≤ 5.000 thì lấy 12 mẫu;+ Nếu 1.000 < n ≤ 5.000 thì lấy 12 mẫu;+ Nếu 5.000 < n ≤ 10.000 thì lấy 18 mẫu;+ Nếu 5.000 < n ≤ 10.000 thì lấy 18 mẫu;+ Nếu 5.000 < n ≤ 10.000 thì lấy 18 mẫu;+ Nếu n > 10.000 thì lấy 24 mẫu.+ Nếu n > 10.000 thì lấy 24 mẫu.+ Nếu n > 10.000 thì lấy 24 mẫu.",8531.10.308531.10.308531.10.30
2.4.4.2.4.4.2.4.4.,Đầu báo cháy khói kiểu đường truyền sử dụng chùm tia chiếu quang họcĐầu báo cháy khói kiểu đường truyền sử dụng chùm tia chiếu quang họcĐầu báo cháy khói kiểu đường truyền sử dụng chùm tia chiếu quang học,13. Va đập13. Va đập13. Va đập,5.18.3 TCVN 7568-12:20155.18.3 TCVN 7568-12:20155.18.3 TCVN 7568-12:2015,5.17.2 TCVN 7568-12:20155.17.2 TCVN 7568-12:20155.17.2 TCVN 7568-12:2015,"Mẫu được lấy ngẫu nhiên tại lô phương tiện, số lượng mẫu được lấy phụ thuộc vào số lượng phương tiện trong lô (n), cụ thể như sau:Mẫu được lấy ngẫu nhiên tại lô phương tiện, số lượng mẫu được lấy phụ thuộc vào số lượng phương tiện trong lô (n), cụ thể như sau:Mẫu được lấy ngẫu nhiên tại lô phương tiện, số lượng mẫu được lấy phụ thuộc vào số lượng phương tiện trong lô (n), cụ thể như sau:- Thử nghiệm lô lần đầu:- Thử nghiệm lô lần đầu:- Thử nghiệm lô lần đầu:+ Nếu n ≤ 1.000 thì lấy 07 mẫu;+ Nếu n ≤ 1.000 thì lấy 07 mẫu;+ Nếu n ≤ 1.000 thì lấy 07 mẫu;+ Nếu 1.000 < n ≤ 5.000 thì lấy 14 mẫu;+ Nếu 1.000 < n ≤ 5.000 thì lấy 14 mẫu;+ Nếu 1.000 < n ≤ 5.000 thì lấy 14 mẫu;+ Nếu 5.000 < n ≤ 10.000 thì lấy 21 mẫu;+ Nếu 5.000 < n ≤ 10.000 thì lấy 21 mẫu;+ Nếu 5.000 < n ≤ 10.000 thì lấy 21 mẫu;+ Nếu n > 10.000 thì lấy 28 mẫu.+ Nếu n > 10.000 thì lấy 28 mẫu.+ Nếu n > 10.000 thì lấy 28 mẫu.- Thử nghiệm lô lần kế tiếp:- Thử nghiệm lô lần kế tiếp:- Thử nghiệm lô lần kế tiếp:+ Nếu n ≤ 1.000 thì lấy 06 mẫu;+ Nếu n ≤ 1.000 thì lấy 06 mẫu;+ Nếu n ≤ 1.000 thì lấy 06 mẫu;+ Nếu 1.000 < n ≤ 5.000 thì lấy 12 mẫu;+ Nếu 1.000 < n ≤ 5.000 thì lấy 12 mẫu;+ Nếu 1.000 < n ≤ 5.000 thì lấy 12 mẫu;+ Nếu 5.000 < n ≤ 10.000 thì lấy 18 mẫu;+ Nếu 5.000 < n ≤ 10.000 thì lấy 18 mẫu;+ Nếu 5.000 < n ≤ 10.000 thì lấy 18 mẫu;+ Nếu n > 10.000 thì lấy 24 mẫu.+ Nếu n > 10.000 thì lấy 24 mẫu.+ Nếu n > 10.000 thì lấy 24 mẫu.",8531.10.308531.10.308531.10.30
2.4.4.2.4.4.2.4.4.,Đầu báo cháy khói kiểu đường truyền sử dụng chùm tia chiếu quang họcĐầu báo cháy khói kiểu đường truyền sử dụng chùm tia chiếu quang họcĐầu báo cháy khói kiểu đường truyền sử dụng chùm tia chiếu quang học,14. Suy hao tín hiệu tại hiện trường (***)14. Suy hao tín hiệu tại hiện trường (***)14. Suy hao tín hiệu tại hiện trường (***),4.2.14.2.14.2.1TCVN 7568-25:2023TCVN 7568-25:2023TCVN 7568-25:2023,8.2.28.2.28.2.2TCVN 7568-25:2023TCVN 7568-25:2023TCVN 7568-25:2023,"Mẫu được lấy ngẫu nhiên tại lô phương tiện, số lượng mẫu được lấy phụ thuộc vào số lượng phương tiện trong lô (n), cụ thể như sau:Mẫu được lấy ngẫu nhiên tại lô phương tiện, số lượng mẫu được lấy phụ thuộc vào số lượng phương tiện trong lô (n), cụ thể như sau:Mẫu được lấy ngẫu nhiên tại lô phương tiện, số lượng mẫu được lấy phụ thuộc vào số lượng phương tiện trong lô (n), cụ thể như sau:- Thử nghiệm lô lần đầu:- Thử nghiệm lô lần đầu:- Thử nghiệm lô lần đầu:+ Nếu n ≤ 1.000 thì lấy 07 mẫu;+ Nếu n ≤ 1.000 thì lấy 07 mẫu;+ Nếu n ≤ 1.000 thì lấy 07 mẫu;+ Nếu 1.000 < n ≤ 5.000 thì lấy 14 mẫu;+ Nếu 1.000 < n ≤ 5.000 thì lấy 14 mẫu;+ Nếu 1.000 < n ≤ 5.000 thì lấy 14 mẫu;+ Nếu 5.000 < n ≤ 10.000 thì lấy 21 mẫu;+ Nếu 5.000 < n ≤ 10.000 thì lấy 21 mẫu;+ Nếu 5.000 < n ≤ 10.000 thì lấy 21 mẫu;+ Nếu n > 10.000 thì lấy 28 mẫu.+ Nếu n > 10.000 thì lấy 28 mẫu.+ Nếu n > 10.000 thì lấy 28 mẫu.- Thử nghiệm lô lần kế tiếp:- Thử nghiệm lô lần kế tiếp:- Thử nghiệm lô lần kế tiếp:+ Nếu n ≤ 1.000 thì lấy 06 mẫu;+ Nếu n ≤ 1.000 thì lấy 06 mẫu;+ Nếu n ≤ 1.000 thì lấy 06 mẫu;+ Nếu 1.000 < n ≤ 5.000 thì lấy 12 mẫu;+ Nếu 1.000 < n ≤ 5.000 thì lấy 12 mẫu;+ Nếu 1.000 < n ≤ 5.000 thì lấy 12 mẫu;+ Nếu 5.000 < n ≤ 10.000 thì lấy 18 mẫu;+ Nếu 5.000 < n ≤ 10.000 thì lấy 18 mẫu;+ Nếu 5.000 < n ≤ 10.000 thì lấy 18 mẫu;+ Nếu n > 10.000 thì lấy 24 mẫu.+ Nếu n > 10.000 thì lấy 24 mẫu.+ Nếu n > 10.000 thì lấy 24 mẫu.",8531.10.308531.10.308531.10.30
2.4.4.2.4.4.2.4.4.,Đầu báo cháy khói kiểu đường truyền sử dụng chùm tia chiếu quang họcĐầu báo cháy khói kiểu đường truyền sử dụng chùm tia chiếu quang họcĐầu báo cháy khói kiểu đường truyền sử dụng chùm tia chiếu quang học,15. Tính toàn vẹn của tín hiệu cảnh báo (***)15. Tính toàn vẹn của tín hiệu cảnh báo (***)15. Tính toàn vẹn của tín hiệu cảnh báo (***),4.2.24.4.2.22.2TCVN 7568-25:2023TCVN 7568-25:2023TCVN 7568-25:2023,8.2.38.2.38.2.3TCVN 7568-25:2023TCVN 7568-25:2023TCVN 7568-25:2023,"Mẫu được lấy ngẫu nhiên tại lô phương tiện, số lượng mẫu được lấy phụ thuộc vào số lượng phương tiện trong lô (n), cụ thể như sau:Mẫu được lấy ngẫu nhiên tại lô phương tiện, số lượng mẫu được lấy phụ thuộc vào số lượng phương tiện trong lô (n), cụ thể như sau:Mẫu được lấy ngẫu nhiên tại lô phương tiện, số lượng mẫu được lấy phụ thuộc vào số lượng phương tiện trong lô (n), cụ thể như sau:- Thử nghiệm lô lần đầu:- Thử nghiệm lô lần đầu:- Thử nghiệm lô lần đầu:+ Nếu n ≤ 1.000 thì lấy 07 mẫu;+ Nếu n ≤ 1.000 thì lấy 07 mẫu;+ Nếu n ≤ 1.000 thì lấy 07 mẫu;+ Nếu 1.000 < n ≤ 5.000 thì lấy 14 mẫu;+ Nếu 1.000 < n ≤ 5.000 thì lấy 14 mẫu;+ Nếu 1.000 < n ≤ 5.000 thì lấy 14 mẫu;+ Nếu 5.000 < n ≤ 10.000 thì lấy 21 mẫu;+ Nếu 5.000 < n ≤ 10.000 thì lấy 21 mẫu;+ Nếu 5.000 < n ≤ 10.000 thì lấy 21 mẫu;+ Nếu n > 10.000 thì lấy 28 mẫu.+ Nếu n > 10.000 thì lấy 28 mẫu.+ Nếu n > 10.000 thì lấy 28 mẫu.- Thử nghiệm lô lần kế tiếp:- Thử nghiệm lô lần kế tiếp:- Thử nghiệm lô lần kế tiếp:+ Nếu n ≤ 1.000 thì lấy 06 mẫu;+ Nếu n ≤ 1.000 thì lấy 06 mẫu;+ Nếu n ≤ 1.000 thì lấy 06 mẫu;+ Nếu 1.000 < n ≤ 5.000 thì lấy 12 mẫu;+ Nếu 1.000 < n ≤ 5.000 thì lấy 12 mẫu;+ Nếu 1.000 < n ≤ 5.000 thì lấy 12 mẫu;+ Nếu 5.000 < n ≤ 10.000 thì lấy 18 mẫu;+ Nếu 5.000 < n ≤ 10.000 thì lấy 18 mẫu;+ Nếu 5.000 < n ≤ 10.000 thì lấy 18 mẫu;+ Nếu n > 10.000 thì lấy 24 mẫu.+ Nếu n > 10.000 thì lấy 24 mẫu.+ Nếu n > 10.000 thì lấy 24 mẫu.",8531.10.308531.10.308531.10.30
2.4.4.2.4.4.2.4.4.,Đầu báo cháy khói kiểu đường truyền sử dụng chùm tia chiếu quang họcĐầu báo cháy khói kiểu đường truyền sử dụng chùm tia chiếu quang họcĐầu báo cháy khói kiểu đường truyền sử dụng chùm tia chiếu quang học,16. Định danh của các thiết bị sử dụng đường truyền vô tuyến (***)16. Định danh của các thiết bị sử dụng đường truyền vô tuyến (***)16. Định danh của các thiết bị sử dụng đường truyền vô tuyến (***),4.2.34.2.34.2.3TCVN 7568-25:2023TCVN 7568-25:2023TCVN 7568-25:2023,8.2.48.2.48.2.4TCVN 7568-25:2023TCVN 7568-25:2023TCVN 7568-25:2023,"Mẫu được lấy ngẫu nhiên tại lô phương tiện, số lượng mẫu được lấy phụ thuộc vào số lượng phương tiện trong lô (n), cụ thể như sau:Mẫu được lấy ngẫu nhiên tại lô phương tiện, số lượng mẫu được lấy phụ thuộc vào số lượng phương tiện trong lô (n), cụ thể như sau:Mẫu được lấy ngẫu nhiên tại lô phương tiện, số lượng mẫu được lấy phụ thuộc vào số lượng phương tiện trong lô (n), cụ thể như sau:- Thử nghiệm lô lần đầu:- Thử nghiệm lô lần đầu:- Thử nghiệm lô lần đầu:+ Nếu n ≤ 1.000 thì lấy 07 mẫu;+ Nếu n ≤ 1.000 thì lấy 07 mẫu;+ Nếu n ≤ 1.000 thì lấy 07 mẫu;+ Nếu 1.000 < n ≤ 5.000 thì lấy 14 mẫu;+ Nếu 1.000 < n ≤ 5.000 thì lấy 14 mẫu;+ Nếu 1.000 < n ≤ 5.000 thì lấy 14 mẫu;+ Nếu 5.000 < n ≤ 10.000 thì lấy 21 mẫu;+ Nếu 5.000 < n ≤ 10.000 thì lấy 21 mẫu;+ Nếu 5.000 < n ≤ 10.000 thì lấy 21 mẫu;+ Nếu n > 10.000 thì lấy 28 mẫu.+ Nếu n > 10.000 thì lấy 28 mẫu.+ Nếu n > 10.000 thì lấy 28 mẫu.- Thử nghiệm lô lần kế tiếp:- Thử nghiệm lô lần kế tiếp:- Thử nghiệm lô lần kế tiếp:+ Nếu n ≤ 1.000 thì lấy 06 mẫu;+ Nếu n ≤ 1.000 thì lấy 06 mẫu;+ Nếu n ≤ 1.000 thì lấy 06 mẫu;+ Nếu 1.000 < n ≤ 5.000 thì lấy 12 mẫu;+ Nếu 1.000 < n ≤ 5.000 thì lấy 12 mẫu;+ Nếu 1.000 < n ≤ 5.000 thì lấy 12 mẫu;+ Nếu 5.000 < n ≤ 10.000 thì lấy 18 mẫu;+ Nếu 5.000 < n ≤ 10.000 thì lấy 18 mẫu;+ Nếu 5.000 < n ≤ 10.000 thì lấy 18 mẫu;+ Nếu n > 10.000 thì lấy 24 mẫu.+ Nếu n > 10.000 thì lấy 24 mẫu.+ Nếu n > 10.000 thì lấy 24 mẫu.",8531.10.308531.10.308531.10.30
2.4.4.2.4.4.2.4.4.,Đầu báo cháy khói kiểu đường truyền sử dụng chùm tia chiếu quang họcĐầu báo cháy khói kiểu đường truyền sử dụng chùm tia chiếu quang họcĐầu báo cháy khói kiểu đường truyền sử dụng chùm tia chiếu quang học,17. Ăng ten (***)17. Ăng ten (***)17. Ăng ten (***),4.2.74.2.74.2.7TCVN 7568-25:2023TCVN 7568-25:2023TCVN 7568-25:2023,8.2.98.2.98.2.9TCVN 7568-25:2023TCVN 7568-25:2023TCVN 7568-25:2023,"Mẫu được lấy ngẫu nhiên tại lô phương tiện, số lượng mẫu được lấy phụ thuộc vào số lượng phương tiện trong lô (n), cụ thể như sau:Mẫu được lấy ngẫu nhiên tại lô phương tiện, số lượng mẫu được lấy phụ thuộc vào số lượng phương tiện trong lô (n), cụ thể như sau:Mẫu được lấy ngẫu nhiên tại lô phương tiện, số lượng mẫu được lấy phụ thuộc vào số lượng phương tiện trong lô (n), cụ thể như sau:- Thử nghiệm lô lần đầu:- Thử nghiệm lô lần đầu:- Thử nghiệm lô lần đầu:+ Nếu n ≤ 1.000 thì lấy 07 mẫu;+ Nếu n ≤ 1.000 thì lấy 07 mẫu;+ Nếu n ≤ 1.000 thì lấy 07 mẫu;+ Nếu 1.000 < n ≤ 5.000 thì lấy 14 mẫu;+ Nếu 1.000 < n ≤ 5.000 thì lấy 14 mẫu;+ Nếu 1.000 < n ≤ 5.000 thì lấy 14 mẫu;+ Nếu 5.000 < n ≤ 10.000 thì lấy 21 mẫu;+ Nếu 5.000 < n ≤ 10.000 thì lấy 21 mẫu;+ Nếu 5.000 < n ≤ 10.000 thì lấy 21 mẫu;+ Nếu n > 10.000 thì lấy 28 mẫu.+ Nếu n > 10.000 thì lấy 28 mẫu.+ Nếu n > 10.000 thì lấy 28 mẫu.- Thử nghiệm lô lần kế tiếp:- Thử nghiệm lô lần kế tiếp:- Thử nghiệm lô lần kế tiếp:+ Nếu n ≤ 1.000 thì lấy 06 mẫu;+ Nếu n ≤ 1.000 thì lấy 06 mẫu;+ Nếu n ≤ 1.000 thì lấy 06 mẫu;+ Nếu 1.000 < n ≤ 5.000 thì lấy 12 mẫu;+ Nếu 1.000 < n ≤ 5.000 thì lấy 12 mẫu;+ Nếu 1.000 < n ≤ 5.000 thì lấy 12 mẫu;+ Nếu 5.000 < n ≤ 10.000 thì lấy 18 mẫu;+ Nếu 5.000 < n ≤ 10.000 thì lấy 18 mẫu;+ Nếu 5.000 < n ≤ 10.000 thì lấy 18 mẫu;+ Nếu n > 10.000 thì lấy 24 mẫu.+ Nếu n > 10.000 thì lấy 24 mẫu.+ Nếu n > 10.000 thì lấy 24 mẫu.",8531.10.308531.10.308531.10.30
2.4.4.2.4.4.2.4.4.,Đầu báo cháy khói kiểu đường truyền sử dụng chùm tia chiếu quang họcĐầu báo cháy khói kiểu đường truyền sử dụng chùm tia chiếu quang họcĐầu báo cháy khói kiểu đường truyền sử dụng chùm tia chiếu quang học,18. Tuổi thọ nguồn độc lập (***)18. Tuổi thọ nguồn độc lập (***)18. Tuổi thọ nguồn độc lập (***),5.3.25.3.25.3.2TCVN 7568-25:2023TCVN 7568-25:2023TCVN 7568-25:2023,8.3.38.3.38.3.3TCVN 7568-25:2023TCVN 7568-25:2023TCVN 7568-25:2023,"Mẫu được lấy ngẫu nhiên tại lô phương tiện, số lượng mẫu được lấy phụ thuộc vào số lượng phương tiện trong lô (n), cụ thể như sau:Mẫu được lấy ngẫu nhiên tại lô phương tiện, số lượng mẫu được lấy phụ thuộc vào số lượng phương tiện trong lô (n), cụ thể như sau:Mẫu được lấy ngẫu nhiên tại lô phương tiện, số lượng mẫu được lấy phụ thuộc vào số lượng phương tiện trong lô (n), cụ thể như sau:- Thử nghiệm lô lần đầu:- Thử nghiệm lô lần đầu:- Thử nghiệm lô lần đầu:+ Nếu n ≤ 1.000 thì lấy 07 mẫu;+ Nếu n ≤ 1.000 thì lấy 07 mẫu;+ Nếu n ≤ 1.000 thì lấy 07 mẫu;+ Nếu 1.000 < n ≤ 5.000 thì lấy 14 mẫu;+ Nếu 1.000 < n ≤ 5.000 thì lấy 14 mẫu;+ Nếu 1.000 < n ≤ 5.000 thì lấy 14 mẫu;+ Nếu 5.000 < n ≤ 10.000 thì lấy 21 mẫu;+ Nếu 5.000 < n ≤ 10.000 thì lấy 21 mẫu;+ Nếu 5.000 < n ≤ 10.000 thì lấy 21 mẫu;+ Nếu n > 10.000 thì lấy 28 mẫu.+ Nếu n > 10.000 thì lấy 28 mẫu.+ Nếu n > 10.000 thì lấy 28 mẫu.- Thử nghiệm lô lần kế tiếp:- Thử nghiệm lô lần kế tiếp:- Thử nghiệm lô lần kế tiếp:+ Nếu n ≤ 1.000 thì lấy 06 mẫu;+ Nếu n ≤ 1.000 thì lấy 06 mẫu;+ Nếu n ≤ 1.000 thì lấy 06 mẫu;+ Nếu 1.000 < n ≤ 5.000 thì lấy 12 mẫu;+ Nếu 1.000 < n ≤ 5.000 thì lấy 12 mẫu;+ Nếu 1.000 < n ≤ 5.000 thì lấy 12 mẫu;+ Nếu 5.000 < n ≤ 10.000 thì lấy 18 mẫu;+ Nếu 5.000 < n ≤ 10.000 thì lấy 18 mẫu;+ Nếu 5.000 < n ≤ 10.000 thì lấy 18 mẫu;+ Nếu n > 10.000 thì lấy 24 mẫu.+ Nếu n > 10.000 thì lấy 24 mẫu.+ Nếu n > 10.000 thì lấy 24 mẫu.",8531.10.308531.10.308531.10.30
2.4.4.2.4.4.2.4.4.,Đầu báo cháy khói kiểu đường truyền sử dụng chùm tia chiếu quang họcĐầu báo cháy khói kiểu đường truyền sử dụng chùm tia chiếu quang họcĐầu báo cháy khói kiểu đường truyền sử dụng chùm tia chiếu quang học,19. Xuyên nhiễu giữa các hệ thống của cùng một nhà sản xuất (***)19. Xuyên nhiễu giữa các hệ thống của cùng một nhà sản xuất (***)19. Xuyên nhiễu giữa các hệ thống của cùng một nhà sản xuất (***),4.2.5.24.2.5.24.2.5.2TCVN 7568-25:2023TCVN 7568-25:2023TCVN 7568-25:2023,8.2.68.2.68.2.6TCVN 7568-25:2023TCVN 7568-25:2023TCVN 7568-25:2023,"Mẫu được lấy ngẫu nhiên tại lô phương tiện, số lượng mẫu được lấy phụ thuộc vào số lượng phương tiện trong lô (n), cụ thể như sau:Mẫu được lấy ngẫu nhiên tại lô phương tiện, số lượng mẫu được lấy phụ thuộc vào số lượng phương tiện trong lô (n), cụ thể như sau:Mẫu được lấy ngẫu nhiên tại lô phương tiện, số lượng mẫu được lấy phụ thuộc vào số lượng phương tiện trong lô (n), cụ thể như sau:- Thử nghiệm lô lần đầu:- Thử nghiệm lô lần đầu:- Thử nghiệm lô lần đầu:+ Nếu n ≤ 1.000 thì lấy 07 mẫu;+ Nếu n ≤ 1.000 thì lấy 07 mẫu;+ Nếu n ≤ 1.000 thì lấy 07 mẫu;+ Nếu 1.000 < n ≤ 5.000 thì lấy 14 mẫu;+ Nếu 1.000 < n ≤ 5.000 thì lấy 14 mẫu;+ Nếu 1.000 < n ≤ 5.000 thì lấy 14 mẫu;+ Nếu 5.000 < n ≤ 10.000 thì lấy 21 mẫu;+ Nếu 5.000 < n ≤ 10.000 thì lấy 21 mẫu;+ Nếu 5.000 < n ≤ 10.000 thì lấy 21 mẫu;+ Nếu n > 10.000 thì lấy 28 mẫu.+ Nếu n > 10.000 thì lấy 28 mẫu.+ Nếu n > 10.000 thì lấy 28 mẫu.- Thử nghiệm lô lần kế tiếp:- Thử nghiệm lô lần kế tiếp:- Thử nghiệm lô lần kế tiếp:+ Nếu n ≤ 1.000 thì lấy 06 mẫu;+ Nếu n ≤ 1.000 thì lấy 06 mẫu;+ Nếu n ≤ 1.000 thì lấy 06 mẫu;+ Nếu 1.000 < n ≤ 5.000 thì lấy 12 mẫu;+ Nếu 1.000 < n ≤ 5.000 thì lấy 12 mẫu;+ Nếu 1.000 < n ≤ 5.000 thì lấy 12 mẫu;+ Nếu 5.000 < n ≤ 10.000 thì lấy 18 mẫu;+ Nếu 5.000 < n ≤ 10.000 thì lấy 18 mẫu;+ Nếu 5.000 < n ≤ 10.000 thì lấy 18 mẫu;+ Nếu n > 10.000 thì lấy 24 mẫu.+ Nếu n > 10.000 thì lấy 24 mẫu.+ Nếu n > 10.000 thì lấy 24 mẫu.",8531.10.308531.10.308531.10.30
2.4.52.4.52.4.5,Đầu báo cháy lửa kiểu điểmĐầu báo cháy lửa kiểu điểmĐầu báo cháy lửa kiểu điểm,1. Tính tái tạo lại1. Tính tái tạo lại1. Tính tái tạo lại,6.2.36.2.36.2.3TCVN 7568-10:2015TCVN 7TCVN 7568-10:2015568-10:2015,6.2.26.2.26.2.2TCVN 7568-10:2015TCVN 7568-10:2015TCVN 7568-10:2015,"Mẫu được lấy ngẫu nhiên tại lô phương tiện, số lượng mẫu được lấy phụ thuộc vào số lượng phương tiện trong lô (n), cụ thể như sau:Mẫu được lấy ngẫu nhiên tại lô phương tiện, số lượng mẫu được lấy phụ thuộc vào số lượng phương tiện trong lô (n), cụ thể như sau:Mẫu được lấy ngẫu nhiên tại lô phương tiện, số lượng mẫu được lấy phụ thuộc vào số lượng phương tiện trong lô (n), cụ thể như sau:- Thử nghiệm lô lần đầu:- Thử nghiệm lô lần đầu:- Thử nghiệm lô lần đầu:+ Nếu n ≤ 1.000 thì lấy 08 mẫu;+ Nếu n ≤ 1.000 thì lấy 08 mẫu;+ Nếu n ≤ 1.000 thì lấy 08 mẫu;+ Nếu 1.000 < n ≤ 5.000 thì lấy 16 mẫu;+ Nếu 1.000 < n ≤ 5.000 thì lấy 16 mẫu;+ Nếu 1.000 < n ≤ 5.000 thì lấy 16 mẫu;+ Nếu 5.000 < n ≤ 10.000 thì lấy 24 mẫu;+ Nếu 5.000 < n ≤ 10.000 thì lấy 24 mẫu;+ Nếu 5.000 < n ≤ 10.000 thì lấy 24 mẫu;+ Nếu n > 10.000 thì lấy 32 mẫu.+ Nếu n > 10.000 thì lấy 32 mẫu.+ Nếu n > 10.000 thì lấy 32 mẫu.- Thử nghiệm lô lần kế tiếp:- Thử nghiệm lô lần kế tiếp:- Thử nghiệm lô lần kế tiếp:+ Nếu n ≤ 1.000 thì lấy 07 mẫu;+ Nếu n ≤ 1.000 thì lấy 07 mẫu;+ Nếu n ≤ 1.000 thì lấy 07 mẫu;+ Nếu 1.000 < n ≤ 5.000 thì lấy 14 mẫu;+ Nếu 1.000 < n ≤ 5.000 thì lấy 14 mẫu;+ Nếu 1.000 < n ≤ 5.000 thì lấy 14 mẫu;+ Nếu 5.000 < n ≤ 10.000 thì lấy 21 mẫu;+ Nếu 5.000 < n ≤ 10.000 thì lấy 21 mẫu;+ Nếu 5.000 < n ≤ 10.000 thì lấy 21 mẫu;+ Nếu n > 10.000 thì lấy 28 mẫu.+ Nếu n > 10.000 thì lấy 28 mẫu.+ Nếu n > 10.000 thì lấy 28 mẫu.",8531.10.208531.10.208531.10.20
2.4.52.4.52.4.5,Đầu báo cháy lửa kiểu điểmĐầu báo cháy lửa kiểu điểmĐầu báo cháy lửa kiểu điểm,2. Khả năng lặp lại2. Khả năng lặp lại2. Khả năng lặp lại,6.3.36.3.36.3.3TCVN 7568-10:2015TCVN 7568-10:2015TCVN 7568-10:2015,6.3.26.3.26.3.2TCVN 7568-10:2015TCVN 7568-10:2015TCVN 7568-10:2015,"Mẫu được lấy ngẫu nhiên tại lô phương tiện, số lượng mẫu được lấy phụ thuộc vào số lượng phương tiện trong lô (n), cụ thể như sau:Mẫu được lấy ngẫu nhiên tại lô phương tiện, số lượng mẫu được lấy phụ thuộc vào số lượng phương tiện trong lô (n), cụ thể như sau:Mẫu được lấy ngẫu nhiên tại lô phương tiện, số lượng mẫu được lấy phụ thuộc vào số lượng phương tiện trong lô (n), cụ thể như sau:- Thử nghiệm lô lần đầu:- Thử nghiệm lô lần đầu:- Thử nghiệm lô lần đầu:+ Nếu n ≤ 1.000 thì lấy 08 mẫu;+ Nếu n ≤ 1.000 thì lấy 08 mẫu;+ Nếu n ≤ 1.000 thì lấy 08 mẫu;+ Nếu 1.000 < n ≤ 5.000 thì lấy 16 mẫu;+ Nếu 1.000 < n ≤ 5.000 thì lấy 16 mẫu;+ Nếu 1.000 < n ≤ 5.000 thì lấy 16 mẫu;+ Nếu 5.000 < n ≤ 10.000 thì lấy 24 mẫu;+ Nếu 5.000 < n ≤ 10.000 thì lấy 24 mẫu;+ Nếu 5.000 < n ≤ 10.000 thì lấy 24 mẫu;+ Nếu n > 10.000 thì lấy 32 mẫu.+ Nếu n > 10.000 thì lấy 32 mẫu.+ Nếu n > 10.000 thì lấy 32 mẫu.- Thử nghiệm lô lần kế tiếp:- Thử nghiệm lô lần kế tiếp:- Thử nghiệm lô lần kế tiếp:+ Nếu n ≤ 1.000 thì lấy 07 mẫu;+ Nếu n ≤ 1.000 thì lấy 07 mẫu;+ Nếu n ≤ 1.000 thì lấy 07 mẫu;+ Nếu 1.000 < n ≤ 5.000 thì lấy 14 mẫu;+ Nếu 1.000 < n ≤ 5.000 thì lấy 14 mẫu;+ Nếu 1.000 < n ≤ 5.000 thì lấy 14 mẫu;+ Nếu 5.000 < n ≤ 10.000 thì lấy 21 mẫu;+ Nếu 5.000 < n ≤ 10.000 thì lấy 21 mẫu;+ Nếu 5.000 < n ≤ 10.000 thì lấy 21 mẫu;+ Nếu n > 10.000 thì lấy 28 mẫu.+ Nếu n > 10.000 thì lấy 28 mẫu.+ Nếu n > 10.000 thì lấy 28 mẫu.",8531.10.208531.10.208531.10.20
2.4.52.4.52.4.5,Đầu báo cháy lửa kiểu điểmĐầu báo cháy lửa kiểu điểmĐầu báo cháy lửa kiểu điểm,3. Sự phụ thuộc vào hướng3. Sự phụ thuộc vào hướng3. Sự phụ thuộc vào hướng,6.4.36.4.36.4.3TCVN 7568-10:2015TCVN 7568-10:2015TCVN 7568-10:2015,6.4.26.4.26.4.2TCVN 7568-10:2015TCVN 7568-10:2015TCVN 7568-10:2015,"Mẫu được lấy ngẫu nhiên tại lô phương tiện, số lượng mẫu được lấy phụ thuộc vào số lượng phương tiện trong lô (n), cụ thể như sau:Mẫu được lấy ngẫu nhiên tại lô phương tiện, số lượng mẫu được lấy phụ thuộc vào số lượng phương tiện trong lô (n), cụ thể như sau:Mẫu được lấy ngẫu nhiên tại lô phương tiện, số lượng mẫu được lấy phụ thuộc vào số lượng phương tiện trong lô (n), cụ thể như sau:- Thử nghiệm lô lần đầu:- Thử nghiệm lô lần đầu:- Thử nghiệm lô lần đầu:+ Nếu n ≤ 1.000 thì lấy 08 mẫu;+ Nếu n ≤ 1.000 thì lấy 08 mẫu;+ Nếu n ≤ 1.000 thì lấy 08 mẫu;+ Nếu 1.000 < n ≤ 5.000 thì lấy 16 mẫu;+ Nếu 1.000 < n ≤ 5.000 thì lấy 16 mẫu;+ Nếu 1.000 < n ≤ 5.000 thì lấy 16 mẫu;+ Nếu 5.000 < n ≤ 10.000 thì lấy 24 mẫu;+ Nếu 5.000 < n ≤ 10.000 thì lấy 24 mẫu;+ Nếu 5.000 < n ≤ 10.000 thì lấy 24 mẫu;+ Nếu n > 10.000 thì lấy 32 mẫu.+ Nếu n > 10.000 thì lấy 32 mẫu.+ Nếu n > 10.000 thì lấy 32 mẫu.- Thử nghiệm lô lần kế tiếp:- Thử nghiệm lô lần kế tiếp:- Thử nghiệm lô lần kế tiếp:+ Nếu n ≤ 1.000 thì lấy 07 mẫu;+ Nếu n ≤ 1.000 thì lấy 07 mẫu;+ Nếu n ≤ 1.000 thì lấy 07 mẫu;+ Nếu 1.000 < n ≤ 5.000 thì lấy 14 mẫu;+ Nếu 1.000 < n ≤ 5.000 thì lấy 14 mẫu;+ Nếu 1.000 < n ≤ 5.000 thì lấy 14 mẫu;+ Nếu 5.000 < n ≤ 10.000 thì lấy 21 mẫu;+ Nếu 5.000 < n ≤ 10.000 thì lấy 21 mẫu;+ Nếu 5.000 < n ≤ 10.000 thì lấy 21 mẫu;+ Nếu n > 10.000 thì lấy 28 mẫu.+ Nếu n > 10.000 thì lấy 28 mẫu.+ Nếu n > 10.000 thì lấy 28 mẫu.",8531.10.208531.10.208531.10.20
2.4.52.4.52.4.5,Đầu báo cháy lửa kiểu điểmĐầu báo cháy lửa kiểu điểmĐầu báo cháy lửa kiểu điểm,4. Độ nhạy với đám cháy4. Độ nhạy với đám cháy4. Độ nhạy với đám cháy,6.5.36.5.36.5.3TCVN 7568-10:2015TCVN 7568-10:2015TCVN 7568-10:2015,6.5.26.5.26.5.2TCVN 7568-10:2015TCVN 7568-10:2015TCVN 7568-10:2015,"Mẫu được lấy ngẫu nhiên tại lô phương tiện, số lượng mẫu được lấy phụ thuộc vào số lượng phương tiện trong lô (n), cụ thể như sau:Mẫu được lấy ngẫu nhiên tại lô phương tiện, số lượng mẫu được lấy phụ thuộc vào số lượng phương tiện trong lô (n), cụ thể như sau:Mẫu được lấy ngẫu nhiên tại lô phương tiện, số lượng mẫu được lấy phụ thuộc vào số lượng phương tiện trong lô (n), cụ thể như sau:- Thử nghiệm lô lần đầu:- Thử nghiệm lô lần đầu:- Thử nghiệm lô lần đầu:+ Nếu n ≤ 1.000 thì lấy 08 mẫu;+ Nếu n ≤ 1.000 thì lấy 08 mẫu;+ Nếu n ≤ 1.000 thì lấy 08 mẫu;+ Nếu 1.000 < n ≤ 5.000 thì lấy 16 mẫu;+ Nếu 1.000 < n ≤ 5.000 thì lấy 16 mẫu;+ Nếu 1.000 < n ≤ 5.000 thì lấy 16 mẫu;+ Nếu 5.000 < n ≤ 10.000 thì lấy 24 mẫu;+ Nếu 5.000 < n ≤ 10.000 thì lấy 24 mẫu;+ Nếu 5.000 < n ≤ 10.000 thì lấy 24 mẫu;+ Nếu n > 10.000 thì lấy 32 mẫu.+ Nếu n > 10.000 thì lấy 32 mẫu.+ Nếu n > 10.000 thì lấy 32 mẫu.- Thử nghiệm lô lần kế tiếp:- Thử nghiệm lô lần kế tiếp:- Thử nghiệm lô lần kế tiếp:+ Nếu n ≤ 1.000 thì lấy 07 mẫu;+ Nếu n ≤ 1.000 thì lấy 07 mẫu;+ Nếu n ≤ 1.000 thì lấy 07 mẫu;+ Nếu 1.000 < n ≤ 5.000 thì lấy 14 mẫu;+ Nếu 1.000 < n ≤ 5.000 thì lấy 14 mẫu;+ Nếu 1.000 < n ≤ 5.000 thì lấy 14 mẫu;+ Nếu 5.000 < n ≤ 10.000 thì lấy 21 mẫu;+ Nếu 5.000 < n ≤ 10.000 thì lấy 21 mẫu;+ Nếu 5.000 < n ≤ 10.000 thì lấy 21 mẫu;+ Nếu n > 10.000 thì lấy 28 mẫu.+ Nếu n > 10.000 thì lấy 28 mẫu.+ Nếu n > 10.000 thì lấy 28 mẫu.",8531.10.208531.10.208531.10.20
2.4.52.4.52.4.5,Đầu báo cháy lửa kiểu điểmĐầu báo cháy lửa kiểu điểmĐầu báo cháy lửa kiểu điểm,5. Sự lóa mắt (vận hành)5. Sự lóa mắt (vận hành)5. Sự lóa mắt (vận hành),6.6.36.6.36.6.3TCVN 7568-10:2015TCVN 7568-10:2015TCVN 7568-10:2015,6.6.26.6.26.6.2TCVN 7568-10:2015TCVN 7568-10:2015TCVN 7568-10:2015,"Mẫu được lấy ngẫu nhiên tại lô phương tiện, số lượng mẫu được lấy phụ thuộc vào số lượng phương tiện trong lô (n), cụ thể như sau:Mẫu được lấy ngẫu nhiên tại lô phương tiện, số lượng mẫu được lấy phụ thuộc vào số lượng phương tiện trong lô (n), cụ thể như sau:Mẫu được lấy ngẫu nhiên tại lô phương tiện, số lượng mẫu được lấy phụ thuộc vào số lượng phương tiện trong lô (n), cụ thể như sau:- Thử nghiệm lô lần đầu:- Thử nghiệm lô lần đầu:- Thử nghiệm lô lần đầu:+ Nếu n ≤ 1.000 thì lấy 08 mẫu;+ Nếu n ≤ 1.000 thì lấy 08 mẫu;+ Nếu n ≤ 1.000 thì lấy 08 mẫu;+ Nếu 1.000 < n ≤ 5.000 thì lấy 16 mẫu;+ Nếu 1.000 < n ≤ 5.000 thì lấy 16 mẫu;+ Nếu 1.000 < n ≤ 5.000 thì lấy 16 mẫu;+ Nếu 5.000 < n ≤ 10.000 thì lấy 24 mẫu;+ Nếu 5.000 < n ≤ 10.000 thì lấy 24 mẫu;+ Nếu 5.000 < n ≤ 10.000 thì lấy 24 mẫu;+ Nếu n > 10.000 thì lấy 32 mẫu.+ Nếu n > 10.000 thì lấy 32 mẫu.+ Nếu n > 10.000 thì lấy 32 mẫu.- Thử nghiệm lô lần kế tiếp:- Thử nghiệm lô lần kế tiếp:- Thử nghiệm lô lần kế tiếp:+ Nếu n ≤ 1.000 thì lấy 07 mẫu;+ Nếu n ≤ 1.000 thì lấy 07 mẫu;+ Nếu n ≤ 1.000 thì lấy 07 mẫu;+ Nếu 1.000 < n ≤ 5.000 thì lấy 14 mẫu;+ Nếu 1.000 < n ≤ 5.000 thì lấy 14 mẫu;+ Nếu 1.000 < n ≤ 5.000 thì lấy 14 mẫu;+ Nếu 5.000 < n ≤ 10.000 thì lấy 21 mẫu;+ Nếu 5.000 < n ≤ 10.000 thì lấy 21 mẫu;+ Nếu 5.000 < n ≤ 10.000 thì lấy 21 mẫu;+ Nếu n > 10.000 thì lấy 28 mẫu.+ Nếu n > 10.000 thì lấy 28 mẫu.+ Nếu n > 10.000 thì lấy 28 mẫu.",8531.10.208531.10.208531.10.20
2.4.52.4.52.4.5,Đầu báo cháy lửa kiểu điểmĐầu báo cháy lửa kiểu điểmĐầu báo cháy lửa kiểu điểm,6. Nóng khô (vận hành)6. Nóng khô (vận hành)6. Nóng khô (vận hành),6.7.36.7.36.7.3TCVN 7568-10:2015TCVN 7568-10:2015TCVN 7568-10:2015,6.7.26.7.26.7.2TCVN 7568-10:2015TCVN 7568-10:2015TCVN 7568-10:2015,"Mẫu được lấy ngẫu nhiên tại lô phương tiện, số lượng mẫu được lấy phụ thuộc vào số lượng phương tiện trong lô (n), cụ thể như sau:Mẫu được lấy ngẫu nhiên tại lô phương tiện, số lượng mẫu được lấy phụ thuộc vào số lượng phương tiện trong lô (n), cụ thể như sau:Mẫu được lấy ngẫu nhiên tại lô phương tiện, số lượng mẫu được lấy phụ thuộc vào số lượng phương tiện trong lô (n), cụ thể như sau:- Thử nghiệm lô lần đầu:- Thử nghiệm lô lần đầu:- Thử nghiệm lô lần đầu:+ Nếu n ≤ 1.000 thì lấy 08 mẫu;+ Nếu n ≤ 1.000 thì lấy 08 mẫu;+ Nếu n ≤ 1.000 thì lấy 08 mẫu;+ Nếu 1.000 < n ≤ 5.000 thì lấy 16 mẫu;+ Nếu 1.000 < n ≤ 5.000 thì lấy 16 mẫu;+ Nếu 1.000 < n ≤ 5.000 thì lấy 16 mẫu;+ Nếu 5.000 < n ≤ 10.000 thì lấy 24 mẫu;+ Nếu 5.000 < n ≤ 10.000 thì lấy 24 mẫu;+ Nếu 5.000 < n ≤ 10.000 thì lấy 24 mẫu;+ Nếu n > 10.000 thì lấy 32 mẫu.+ Nếu n > 10.000 thì lấy 32 mẫu.+ Nếu n > 10.000 thì lấy 32 mẫu.- Thử nghiệm lô lần kế tiếp:- Thử nghiệm lô lần kế tiếp:- Thử nghiệm lô lần kế tiếp:+ Nếu n ≤ 1.000 thì lấy 07 mẫu;+ Nếu n ≤ 1.000 thì lấy 07 mẫu;+ Nếu n ≤ 1.000 thì lấy 07 mẫu;+ Nếu 1.000 < n ≤ 5.000 thì lấy 14 mẫu;+ Nếu 1.000 < n ≤ 5.000 thì lấy 14 mẫu;+ Nếu 1.000 < n ≤ 5.000 thì lấy 14 mẫu;+ Nếu 5.000 < n ≤ 10.000 thì lấy 21 mẫu;+ Nếu 5.000 < n ≤ 10.000 thì lấy 21 mẫu;+ Nếu 5.000 < n ≤ 10.000 thì lấy 21 mẫu;+ Nếu n > 10.000 thì lấy 28 mẫu.+ Nếu n > 10.000 thì lấy 28 mẫu.+ Nếu n > 10.000 thì lấy 28 mẫu.",8531.10.208531.10.208531.10.20
2.4.52.4.52.4.5,Đầu báo cháy lửa kiểu điểmĐầu báo cháy lửa kiểu điểmĐầu báo cháy lửa kiểu điểm,"7. Nóng ẩm, có chu kỳ (vận hành)7. Nóng ẩm, có chu kỳ (vận hành)7. Nóng ẩm, có chu kỳ (vận hành)",6.9.36.9.36.9.3TCVN 7568-10:2015TCVN 7568-10:2015TCVN 7568-10:2015,6.9.26.9.26.9.2TCVN 7568-10:2015TCVN 7568-10:2015TCVN 7568-10:2015,"Mẫu được lấy ngẫu nhiên tại lô phương tiện, số lượng mẫu được lấy phụ thuộc vào số lượng phương tiện trong lô (n), cụ thể như sau:Mẫu được lấy ngẫu nhiên tại lô phương tiện, số lượng mẫu được lấy phụ thuộc vào số lượng phương tiện trong lô (n), cụ thể như sau:Mẫu được lấy ngẫu nhiên tại lô phương tiện, số lượng mẫu được lấy phụ thuộc vào số lượng phương tiện trong lô (n), cụ thể như sau:- Thử nghiệm lô lần đầu:- Thử nghiệm lô lần đầu:- Thử nghiệm lô lần đầu:+ Nếu n ≤ 1.000 thì lấy 08 mẫu;+ Nếu n ≤ 1.000 thì lấy 08 mẫu;+ Nếu n ≤ 1.000 thì lấy 08 mẫu;+ Nếu 1.000 < n ≤ 5.000 thì lấy 16 mẫu;+ Nếu 1.000 < n ≤ 5.000 thì lấy 16 mẫu;+ Nếu 1.000 < n ≤ 5.000 thì lấy 16 mẫu;+ Nếu 5.000 < n ≤ 10.000 thì lấy 24 mẫu;+ Nếu 5.000 < n ≤ 10.000 thì lấy 24 mẫu;+ Nếu 5.000 < n ≤ 10.000 thì lấy 24 mẫu;+ Nếu n > 10.000 thì lấy 32 mẫu.+ Nếu n > 10.000 thì lấy 32 mẫu.+ Nếu n > 10.000 thì lấy 32 mẫu.- Thử nghiệm lô lần kế tiếp:- Thử nghiệm lô lần kế tiếp:- Thử nghiệm lô lần kế tiếp:+ Nếu n ≤ 1.000 thì lấy 07 mẫu;+ Nếu n ≤ 1.000 thì lấy 07 mẫu;+ Nếu n ≤ 1.000 thì lấy 07 mẫu;+ Nếu 1.000 < n ≤ 5.000 thì lấy 14 mẫu;+ Nếu 1.000 < n ≤ 5.000 thì lấy 14 mẫu;+ Nếu 1.000 < n ≤ 5.000 thì lấy 14 mẫu;+ Nếu 5.000 < n ≤ 10.000 thì lấy 21 mẫu;+ Nếu 5.000 < n ≤ 10.000 thì lấy 21 mẫu;+ Nếu 5.000 < n ≤ 10.000 thì lấy 21 mẫu;+ Nếu n > 10.000 thì lấy 28 mẫu.+ Nếu n > 10.000 thì lấy 28 mẫu.+ Nếu n > 10.000 thì lấy 28 mẫu.",8531.10.208531.10.208531.10.20
2.4.52.4.52.4.5,Đầu báo cháy lửa kiểu điểmĐầu báo cháy lửa kiểu điểmĐầu báo cháy lửa kiểu điểm,8. Ăn mòn sunfua đioxit (SO2) (khả năng chịu đựng) (*)8. Ăn mòn sunfua đioxit (S8. Ăn mòn sunfua đioxit (SOO22) (khả năng chịu đựng) (*)) (khả năng chịu đựng) (*),6.11.36.11.36.11.3TCVN 7568-10:2015TCVN 7568-10:2015TCVN 7568-10:2015,6.11.26.11.26.11.2TCVN 7568-10:2015TCVN 7568-10:2015TCVN 7568-10:2015,"Mẫu được lấy ngẫu nhiên tại lô phương tiện, số lượng mẫu được lấy phụ thuộc vào số lượng phương tiện trong lô (n), cụ thể như sau:Mẫu được lấy ngẫu nhiên tại lô phương tiện, số lượng mẫu được lấy phụ thuộc vào số lượng phương tiện trong lô (n), cụ thể như sau:Mẫu được lấy ngẫu nhiên tại lô phương tiện, số lượng mẫu được lấy phụ thuộc vào số lượng phương tiện trong lô (n), cụ thể như sau:- Thử nghiệm lô lần đầu:- Thử nghiệm lô lần đầu:- Thử nghiệm lô lần đầu:+ Nếu n ≤ 1.000 thì lấy 08 mẫu;+ Nếu n ≤ 1.000 thì lấy 08 mẫu;+ Nếu n ≤ 1.000 thì lấy 08 mẫu;+ Nếu 1.000 < n ≤ 5.000 thì lấy 16 mẫu;+ Nếu 1.000 < n ≤ 5.000 thì lấy 16 mẫu;+ Nếu 1.000 < n ≤ 5.000 thì lấy 16 mẫu;+ Nếu 5.000 < n ≤ 10.000 thì lấy 24 mẫu;+ Nếu 5.000 < n ≤ 10.000 thì lấy 24 mẫu;+ Nếu 5.000 < n ≤ 10.000 thì lấy 24 mẫu;+ Nếu n > 10.000 thì lấy 32 mẫu.+ Nếu n > 10.000 thì lấy 32 mẫu.+ Nếu n > 10.000 thì lấy 32 mẫu.- Thử nghiệm lô lần kế tiếp:- Thử nghiệm lô lần kế tiếp:- Thử nghiệm lô lần kế tiếp:+ Nếu n ≤ 1.000 thì lấy 07 mẫu;+ Nếu n ≤ 1.000 thì lấy 07 mẫu;+ Nếu n ≤ 1.000 thì lấy 07 mẫu;+ Nếu 1.000 < n ≤ 5.000 thì lấy 14 mẫu;+ Nếu 1.000 < n ≤ 5.000 thì lấy 14 mẫu;+ Nếu 1.000 < n ≤ 5.000 thì lấy 14 mẫu;+ Nếu 5.000 < n ≤ 10.000 thì lấy 21 mẫu;+ Nếu 5.000 < n ≤ 10.000 thì lấy 21 mẫu;+ Nếu 5.000 < n ≤ 10.000 thì lấy 21 mẫu;+ Nếu n > 10.000 thì lấy 28 mẫu.+ Nếu n > 10.000 thì lấy 28 mẫu.+ Nếu n > 10.000 thì lấy 28 mẫu.",8531.10.208531.10.208531.10.20
2.4.52.4.52.4.5,Đầu báo cháy lửa kiểu điểmĐầu báo cháy lửa kiểu điểmĐầu báo cháy lửa kiểu điểm,9. Rung lắc mạnh (vận hành)9. Rung lắc mạnh (vận hành)9. Rung lắc mạnh (vận hành),6.12.36.12.36.12.3TCVN 7568-10:2015TCVN 7568-10:2015TCVN 7568-10:2015,6.12.26.12.26.12.2TCVN 7568-10:2015TCVN 7568-10:2015TCVN 7568-10:2015,"Mẫu được lấy ngẫu nhiên tại lô phương tiện, số lượng mẫu được lấy phụ thuộc vào số lượng phương tiện trong lô (n), cụ thể như sau:Mẫu được lấy ngẫu nhiên tại lô phương tiện, số lượng mẫu được lấy phụ thuộc vào số lượng phương tiện trong lô (n), cụ thể như sau:Mẫu được lấy ngẫu nhiên tại lô phương tiện, số lượng mẫu được lấy phụ thuộc vào số lượng phương tiện trong lô (n), cụ thể như sau:- Thử nghiệm lô lần đầu:- Thử nghiệm lô lần đầu:- Thử nghiệm lô lần đầu:+ Nếu n ≤ 1.000 thì lấy 08 mẫu;+ Nếu n ≤ 1.000 thì lấy 08 mẫu;+ Nếu n ≤ 1.000 thì lấy 08 mẫu;+ Nếu 1.000 < n ≤ 5.000 thì lấy 16 mẫu;+ Nếu 1.000 < n ≤ 5.000 thì lấy 16 mẫu;+ Nếu 1.000 < n ≤ 5.000 thì lấy 16 mẫu;+ Nếu 5.000 < n ≤ 10.000 thì lấy 24 mẫu;+ Nếu 5.000 < n ≤ 10.000 thì lấy 24 mẫu;+ Nếu 5.000 < n ≤ 10.000 thì lấy 24 mẫu;+ Nếu n > 10.000 thì lấy 32 mẫu.+ Nếu n > 10.000 thì lấy 32 mẫu.+ Nếu n > 10.000 thì lấy 32 mẫu.- Thử nghiệm lô lần kế tiếp:- Thử nghiệm lô lần kế tiếp:- Thử nghiệm lô lần kế tiếp:+ Nếu n ≤ 1.000 thì lấy 07 mẫu;+ Nếu n ≤ 1.000 thì lấy 07 mẫu;+ Nếu n ≤ 1.000 thì lấy 07 mẫu;+ Nếu 1.000 < n ≤ 5.000 thì lấy 14 mẫu;+ Nếu 1.000 < n ≤ 5.000 thì lấy 14 mẫu;+ Nếu 1.000 < n ≤ 5.000 thì lấy 14 mẫu;+ Nếu 5.000 < n ≤ 10.000 thì lấy 21 mẫu;+ Nếu 5.000 < n ≤ 10.000 thì lấy 21 mẫu;+ Nếu 5.000 < n ≤ 10.000 thì lấy 21 mẫu;+ Nếu n > 10.000 thì lấy 28 mẫu.+ Nếu n > 10.000 thì lấy 28 mẫu.+ Nếu n > 10.000 thì lấy 28 mẫu.",8531.10.208531.10.208531.10.20
2.4.52.4.52.4.5,Đầu báo cháy lửa kiểu điểmĐầu báo cháy lửa kiểu điểmĐầu báo cháy lửa kiểu điểm,10. Va đập (vận hành)10. Va đập (vận hành)10. Va đập (vận hành),6.13.36.13.36.13.3TCVN 7568-10:2015TCVN 7568-10:2015TCVN 7568-10:2015,6.13.26.13.26.13.2TCVN 7568-10:2015TCVN 7568-10:2015TCVN 7568-10:2015,"Mẫu được lấy ngẫu nhiên tại lô phương tiện, số lượng mẫu được lấy phụ thuộc vào số lượng phương tiện trong lô (n), cụ thể như sau:Mẫu được lấy ngẫu nhiên tại lô phương tiện, số lượng mẫu được lấy phụ thuộc vào số lượng phương tiện trong lô (n), cụ thể như sau:Mẫu được lấy ngẫu nhiên tại lô phương tiện, số lượng mẫu được lấy phụ thuộc vào số lượng phương tiện trong lô (n), cụ thể như sau:- Thử nghiệm lô lần đầu:- Thử nghiệm lô lần đầu:- Thử nghiệm lô lần đầu:+ Nếu n ≤ 1.000 thì lấy 08 mẫu;+ Nếu n ≤ 1.000 thì lấy 08 mẫu;+ Nếu n ≤ 1.000 thì lấy 08 mẫu;+ Nếu 1.000 < n ≤ 5.000 thì lấy 16 mẫu;+ Nếu 1.000 < n ≤ 5.000 thì lấy 16 mẫu;+ Nếu 1.000 < n ≤ 5.000 thì lấy 16 mẫu;+ Nếu 5.000 < n ≤ 10.000 thì lấy 24 mẫu;+ Nếu 5.000 < n ≤ 10.000 thì lấy 24 mẫu;+ Nếu 5.000 < n ≤ 10.000 thì lấy 24 mẫu;+ Nếu n > 10.000 thì lấy 32 mẫu.+ Nếu n > 10.000 thì lấy 32 mẫu.+ Nếu n > 10.000 thì lấy 32 mẫu.- Thử nghiệm lô lần kế tiếp:- Thử nghiệm lô lần kế tiếp:- Thử nghiệm lô lần kế tiếp:+ Nếu n ≤ 1.000 thì lấy 07 mẫu;+ Nếu n ≤ 1.000 thì lấy 07 mẫu;+ Nếu n ≤ 1.000 thì lấy 07 mẫu;+ Nếu 1.000 < n ≤ 5.000 thì lấy 14 mẫu;+ Nếu 1.000 < n ≤ 5.000 thì lấy 14 mẫu;+ Nếu 1.000 < n ≤ 5.000 thì lấy 14 mẫu;+ Nếu 5.000 < n ≤ 10.000 thì lấy 21 mẫu;+ Nếu 5.000 < n ≤ 10.000 thì lấy 21 mẫu;+ Nếu 5.000 < n ≤ 10.000 thì lấy 21 mẫu;+ Nếu n > 10.000 thì lấy 28 mẫu.+ Nếu n > 10.000 thì lấy 28 mẫu.+ Nếu n > 10.000 thì lấy 28 mẫu.",8531.10.208531.10.208531.10.20
2.4.52.4.52.4.5,Đầu báo cháy lửa kiểu điểmĐầu báo cháy lửa kiểu điểmĐầu báo cháy lửa kiểu điểm,11. Rung hình sin (vận hành)11. Rung hình sin (vận hành)11. Rung hình sin (vận hành),6.14.36.14.36.14.3TCVN 7568-10:2015TCVN 7568-10:2015TCVN 7568-10:2015,6.14.26.14.26.14.2TCVN 7568-10:2015TCVN 7568-10:2015TCVN 7568-10:2015,"Mẫu được lấy ngẫu nhiên tại lô phương tiện, số lượng mẫu được lấy phụ thuộc vào số lượng phương tiện trong lô (n), cụ thể như sau:Mẫu được lấy ngẫu nhiên tại lô phương tiện, số lượng mẫu được lấy phụ thuộc vào số lượng phương tiện trong lô (n), cụ thể như sau:Mẫu được lấy ngẫu nhiên tại lô phương tiện, số lượng mẫu được lấy phụ thuộc vào số lượng phương tiện trong lô (n), cụ thể như sau:- Thử nghiệm lô lần đầu:- Thử nghiệm lô lần đầu:- Thử nghiệm lô lần đầu:+ Nếu n ≤ 1.000 thì lấy 08 mẫu;+ Nếu n ≤ 1.000 thì lấy 08 mẫu;+ Nếu n ≤ 1.000 thì lấy 08 mẫu;+ Nếu 1.000 < n ≤ 5.000 thì lấy 16 mẫu;+ Nếu 1.000 < n ≤ 5.000 thì lấy 16 mẫu;+ Nếu 1.000 < n ≤ 5.000 thì lấy 16 mẫu;+ Nếu 5.000 < n ≤ 10.000 thì lấy 24 mẫu;+ Nếu 5.000 < n ≤ 10.000 thì lấy 24 mẫu;+ Nếu 5.000 < n ≤ 10.000 thì lấy 24 mẫu;+ Nếu n > 10.000 thì lấy 32 mẫu.+ Nếu n > 10.000 thì lấy 32 mẫu.+ Nếu n > 10.000 thì lấy 32 mẫu.- Thử nghiệm lô lần kế tiếp:- Thử nghiệm lô lần kế tiếp:- Thử nghiệm lô lần kế tiếp:+ Nếu n ≤ 1.000 thì lấy 07 mẫu;+ Nếu n ≤ 1.000 thì lấy 07 mẫu;+ Nếu n ≤ 1.000 thì lấy 07 mẫu;+ Nếu 1.000 < n ≤ 5.000 thì lấy 14 mẫu;+ Nếu 1.000 < n ≤ 5.000 thì lấy 14 mẫu;+ Nếu 1.000 < n ≤ 5.000 thì lấy 14 mẫu;+ Nếu 5.000 < n ≤ 10.000 thì lấy 21 mẫu;+ Nếu 5.000 < n ≤ 10.000 thì lấy 21 mẫu;+ Nếu 5.000 < n ≤ 10.000 thì lấy 21 mẫu;+ Nếu n > 10.000 thì lấy 28 mẫu.+ Nếu n > 10.000 thì lấy 28 mẫu.+ Nếu n > 10.000 thì lấy 28 mẫu.",8531.10.208531.10.208531.10.20
2.4.52.4.52.4.5,Đầu báo cháy lửa kiểu điểmĐầu báo cháy lửa kiểu điểmĐầu báo cháy lửa kiểu điểm,12. Dao động của các thông số cấp điện (vận hành)12. Dao động của các thông số cấp điện (vận hành)12. Dao động của các thông số cấp điện (vận hành),6.16.36.16.36.16.3TCVN 7568-10:2015TCVN 7568-10:2015TCVN 7568-10:2015,6.16.26.16.26.16.2TCVN 7568-10:2015TCVN 7568-10:2015TCVN 7568-10:2015,"Mẫu được lấy ngẫu nhiên tại lô phương tiện, số lượng mẫu được lấy phụ thuộc vào số lượng phương tiện trong lô (n), cụ thể như sau:Mẫu được lấy ngẫu nhiên tại lô phương tiện, số lượng mẫu được lấy phụ thuộc vào số lượng phương tiện trong lô (n), cụ thể như sau:Mẫu được lấy ngẫu nhiên tại lô phương tiện, số lượng mẫu được lấy phụ thuộc vào số lượng phương tiện trong lô (n), cụ thể như sau:- Thử nghiệm lô lần đầu:- Thử nghiệm lô lần đầu:- Thử nghiệm lô lần đầu:+ Nếu n ≤ 1.000 thì lấy 08 mẫu;+ Nếu n ≤ 1.000 thì lấy 08 mẫu;+ Nếu n ≤ 1.000 thì lấy 08 mẫu;+ Nếu 1.000 < n ≤ 5.000 thì lấy 16 mẫu;+ Nếu 1.000 < n ≤ 5.000 thì lấy 16 mẫu;+ Nếu 1.000 < n ≤ 5.000 thì lấy 16 mẫu;+ Nếu 5.000 < n ≤ 10.000 thì lấy 24 mẫu;+ Nếu 5.000 < n ≤ 10.000 thì lấy 24 mẫu;+ Nếu 5.000 < n ≤ 10.000 thì lấy 24 mẫu;+ Nếu n > 10.000 thì lấy 32 mẫu.+ Nếu n > 10.000 thì lấy 32 mẫu.+ Nếu n > 10.000 thì lấy 32 mẫu.- Thử nghiệm lô lần kế tiếp:- Thử nghiệm lô lần kế tiếp:- Thử nghiệm lô lần kế tiếp:+ Nếu n ≤ 1.000 thì lấy 07 mẫu;+ Nếu n ≤ 1.000 thì lấy 07 mẫu;+ Nếu n ≤ 1.000 thì lấy 07 mẫu;+ Nếu 1.000 < n ≤ 5.000 thì lấy 14 mẫu;+ Nếu 1.000 < n ≤ 5.000 thì lấy 14 mẫu;+ Nếu 1.000 < n ≤ 5.000 thì lấy 14 mẫu;+ Nếu 5.000 < n ≤ 10.000 thì lấy 21 mẫu;+ Nếu 5.000 < n ≤ 10.000 thì lấy 21 mẫu;+ Nếu 5.000 < n ≤ 10.000 thì lấy 21 mẫu;+ Nếu n > 10.000 thì lấy 28 mẫu.+ Nếu n > 10.000 thì lấy 28 mẫu.+ Nếu n > 10.000 thì lấy 28 mẫu.",8531.10.208531.10.208531.10.20
2.4.52.4.52.4.5,Đầu báo cháy lửa kiểu điểmĐầu báo cháy lửa kiểu điểmĐầu báo cháy lửa kiểu điểm,13. Suy hao tín hiệu tại hiện trường (***)13. Suy hao tín hiệu tại hiện trường (***)13. Suy hao tín hiệu tại hiện trường (***),4.2.14.2.14.2.1TCVN 7568-25:2023TCVN 7568-25:2023TCVN 7568-25:2023,8.2.28.2.28.2.2TCVN 7568-25:2023TCVN 7568-25:2023TCVN 7568-25:2023,"Mẫu được lấy ngẫu nhiên tại lô phương tiện, số lượng mẫu được lấy phụ thuộc vào số lượng phương tiện trong lô (n), cụ thể như sau:Mẫu được lấy ngẫu nhiên tại lô phương tiện, số lượng mẫu được lấy phụ thuộc vào số lượng phương tiện trong lô (n), cụ thể như sau:Mẫu được lấy ngẫu nhiên tại lô phương tiện, số lượng mẫu được lấy phụ thuộc vào số lượng phương tiện trong lô (n), cụ thể như sau:- Thử nghiệm lô lần đầu:- Thử nghiệm lô lần đầu:- Thử nghiệm lô lần đầu:+ Nếu n ≤ 1.000 thì lấy 08 mẫu;+ Nếu n ≤ 1.000 thì lấy 08 mẫu;+ Nếu n ≤ 1.000 thì lấy 08 mẫu;+ Nếu 1.000 < n ≤ 5.000 thì lấy 16 mẫu;+ Nếu 1.000 < n ≤ 5.000 thì lấy 16 mẫu;+ Nếu 1.000 < n ≤ 5.000 thì lấy 16 mẫu;+ Nếu 5.000 < n ≤ 10.000 thì lấy 24 mẫu;+ Nếu 5.000 < n ≤ 10.000 thì lấy 24 mẫu;+ Nếu 5.000 < n ≤ 10.000 thì lấy 24 mẫu;+ Nếu n > 10.000 thì lấy 32 mẫu.+ Nếu n > 10.000 thì lấy 32 mẫu.+ Nếu n > 10.000 thì lấy 32 mẫu.- Thử nghiệm lô lần kế tiếp:- Thử nghiệm lô lần kế tiếp:- Thử nghiệm lô lần kế tiếp:+ Nếu n ≤ 1.000 thì lấy 07 mẫu;+ Nếu n ≤ 1.000 thì lấy 07 mẫu;+ Nếu n ≤ 1.000 thì lấy 07 mẫu;+ Nếu 1.000 < n ≤ 5.000 thì lấy 14 mẫu;+ Nếu 1.000 < n ≤ 5.000 thì lấy 14 mẫu;+ Nếu 1.000 < n ≤ 5.000 thì lấy 14 mẫu;+ Nếu 5.000 < n ≤ 10.000 thì lấy 21 mẫu;+ Nếu 5.000 < n ≤ 10.000 thì lấy 21 mẫu;+ Nếu 5.000 < n ≤ 10.000 thì lấy 21 mẫu;+ Nếu n > 10.000 thì lấy 28 mẫu.+ Nếu n > 10.000 thì lấy 28 mẫu.+ Nếu n > 10.000 thì lấy 28 mẫu.",8531.10.208531.10.208531.10.20
2.4.52.4.52.4.5,Đầu báo cháy lửa kiểu điểmĐầu báo cháy lửa kiểu điểmĐầu báo cháy lửa kiểu điểm,14. Tính toàn vẹn của tín hiệu cảnh báo (***)14. Tính toàn vẹn của tín hiệu cảnh báo (***)14. Tính toàn vẹn của tín hiệu cảnh báo (***),4.2.24.2.24.2.2TCVN 7568-25:2023TCVN 7568-25:2023TCVN 7568-25:2023,8.2.38.2.38.2.3TCVN 7568-25:2023TCVN 7568-25:2023TCVN 7568-25:2023,"Mẫu được lấy ngẫu nhiên tại lô phương tiện, số lượng mẫu được lấy phụ thuộc vào số lượng phương tiện trong lô (n), cụ thể như sau:Mẫu được lấy ngẫu nhiên tại lô phương tiện, số lượng mẫu được lấy phụ thuộc vào số lượng phương tiện trong lô (n), cụ thể như sau:Mẫu được lấy ngẫu nhiên tại lô phương tiện, số lượng mẫu được lấy phụ thuộc vào số lượng phương tiện trong lô (n), cụ thể như sau:- Thử nghiệm lô lần đầu:- Thử nghiệm lô lần đầu:- Thử nghiệm lô lần đầu:+ Nếu n ≤ 1.000 thì lấy 08 mẫu;+ Nếu n ≤ 1.000 thì lấy 08 mẫu;+ Nếu n ≤ 1.000 thì lấy 08 mẫu;+ Nếu 1.000 < n ≤ 5.000 thì lấy 16 mẫu;+ Nếu 1.000 < n ≤ 5.000 thì lấy 16 mẫu;+ Nếu 1.000 < n ≤ 5.000 thì lấy 16 mẫu;+ Nếu 5.000 < n ≤ 10.000 thì lấy 24 mẫu;+ Nếu 5.000 < n ≤ 10.000 thì lấy 24 mẫu;+ Nếu 5.000 < n ≤ 10.000 thì lấy 24 mẫu;+ Nếu n > 10.000 thì lấy 32 mẫu.+ Nếu n > 10.000 thì lấy 32 mẫu.+ Nếu n > 10.000 thì lấy 32 mẫu.- Thử nghiệm lô lần kế tiếp:- Thử nghiệm lô lần kế tiếp:- Thử nghiệm lô lần kế tiếp:+ Nếu n ≤ 1.000 thì lấy 07 mẫu;+ Nếu n ≤ 1.000 thì lấy 07 mẫu;+ Nếu n ≤ 1.000 thì lấy 07 mẫu;+ Nếu 1.000 < n ≤ 5.000 thì lấy 14 mẫu;+ Nếu 1.000 < n ≤ 5.000 thì lấy 14 mẫu;+ Nếu 1.000 < n ≤ 5.000 thì lấy 14 mẫu;+ Nếu 5.000 < n ≤ 10.000 thì lấy 21 mẫu;+ Nếu 5.000 < n ≤ 10.000 thì lấy 21 mẫu;+ Nếu 5.000 < n ≤ 10.000 thì lấy 21 mẫu;+ Nếu n > 10.000 thì lấy 28 mẫu.+ Nếu n > 10.000 thì lấy 28 mẫu.+ Nếu n > 10.000 thì lấy 28 mẫu.",8531.10.208531.10.208531.10.20
2.4.52.4.52.4.5,Đầu báo cháy lửa kiểu điểmĐầu báo cháy lửa kiểu điểmĐầu báo cháy lửa kiểu điểm,15. Định danh của các thiết bị sử dụng đường truyền vô tuyến (***)15. Định danh của các thiết bị sử dụng đường truyền vô tuyến (***)15. Định danh của các thiết bị sử dụng đường truyền vô tuyến (***),4.2.34.2.34.2.3TCVN 7568-25:2023TCVN 7568-25:2023TCVN 7568-25:2023,8.2.48.2.48.2.4TCVN 7568-25:2023TCVN 7568-25:2023TCVN 7568-25:2023,"Mẫu được lấy ngẫu nhiên tại lô phương tiện, số lượng mẫu được lấy phụ thuộc vào số lượng phương tiện trong lô (n), cụ thể như sau:Mẫu được lấy ngẫu nhiên tại lô phương tiện, số lượng mẫu được lấy phụ thuộc vào số lượng phương tiện trong lô (n), cụ thể như sau:Mẫu được lấy ngẫu nhiên tại lô phương tiện, số lượng mẫu được lấy phụ thuộc vào số lượng phương tiện trong lô (n), cụ thể như sau:- Thử nghiệm lô lần đầu:- Thử nghiệm lô lần đầu:- Thử nghiệm lô lần đầu:+ Nếu n ≤ 1.000 thì lấy 08 mẫu;+ Nếu n ≤ 1.000 thì lấy 08 mẫu;+ Nếu n ≤ 1.000 thì lấy 08 mẫu;+ Nếu 1.000 < n ≤ 5.000 thì lấy 16 mẫu;+ Nếu 1.000 < n ≤ 5.000 thì lấy 16 mẫu;+ Nếu 1.000 < n ≤ 5.000 thì lấy 16 mẫu;+ Nếu 5.000 < n ≤ 10.000 thì lấy 24 mẫu;+ Nếu 5.000 < n ≤ 10.000 thì lấy 24 mẫu;+ Nếu 5.000 < n ≤ 10.000 thì lấy 24 mẫu;+ Nếu n > 10.000 thì lấy 32 mẫu.+ Nếu n > 10.000 thì lấy 32 mẫu.+ Nếu n > 10.000 thì lấy 32 mẫu.- Thử nghiệm lô lần kế tiếp:- Thử nghiệm lô lần kế tiếp:- Thử nghiệm lô lần kế tiếp:+ Nếu n ≤ 1.000 thì lấy 07 mẫu;+ Nếu n ≤ 1.000 thì lấy 07 mẫu;+ Nếu n ≤ 1.000 thì lấy 07 mẫu;+ Nếu 1.000 < n ≤ 5.000 thì lấy 14 mẫu;+ Nếu 1.000 < n ≤ 5.000 thì lấy 14 mẫu;+ Nếu 1.000 < n ≤ 5.000 thì lấy 14 mẫu;+ Nếu 5.000 < n ≤ 10.000 thì lấy 21 mẫu;+ Nếu 5.000 < n ≤ 10.000 thì lấy 21 mẫu;+ Nếu 5.000 < n ≤ 10.000 thì lấy 21 mẫu;+ Nếu n > 10.000 thì lấy 28 mẫu.+ Nếu n > 10.000 thì lấy 28 mẫu.+ Nếu n > 10.000 thì lấy 28 mẫu.",8531.10.208531.10.208531.10.20
2.4.52.4.52.4.5,Đầu báo cháy lửa kiểu điểmĐầu báo cháy lửa kiểu điểmĐầu báo cháy lửa kiểu điểm,16. Ăng ten (***)16. Ăng ten (***)16. Ăng ten (***),4.2.74.2.74.2.7TCVN 7568-25:2023TCVN 7568-25:2023TCVN 7568-25:2023,8.2.98.2.98.2.9TCVN 7568-25:2023TCVN 7568-25:2023TCVN 7568-25:2023,"Mẫu được lấy ngẫu nhiên tại lô phương tiện, số lượng mẫu được lấy phụ thuộc vào số lượng phương tiện trong lô (n), cụ thể như sau:Mẫu được lấy ngẫu nhiên tại lô phương tiện, số lượng mẫu được lấy phụ thuộc vào số lượng phương tiện trong lô (n), cụ thể như sau:Mẫu được lấy ngẫu nhiên tại lô phương tiện, số lượng mẫu được lấy phụ thuộc vào số lượng phương tiện trong lô (n), cụ thể như sau:- Thử nghiệm lô lần đầu:- Thử nghiệm lô lần đầu:- Thử nghiệm lô lần đầu:+ Nếu n ≤ 1.000 thì lấy 08 mẫu;+ Nếu n ≤ 1.000 thì lấy 08 mẫu;+ Nếu n ≤ 1.000 thì lấy 08 mẫu;+ Nếu 1.000 < n ≤ 5.000 thì lấy 16 mẫu;+ Nếu 1.000 < n ≤ 5.000 thì lấy 16 mẫu;+ Nếu 1.000 < n ≤ 5.000 thì lấy 16 mẫu;+ Nếu 5.000 < n ≤ 10.000 thì lấy 24 mẫu;+ Nếu 5.000 < n ≤ 10.000 thì lấy 24 mẫu;+ Nếu 5.000 < n ≤ 10.000 thì lấy 24 mẫu;+ Nếu n > 10.000 thì lấy 32 mẫu.+ Nếu n > 10.000 thì lấy 32 mẫu.+ Nếu n > 10.000 thì lấy 32 mẫu.- Thử nghiệm lô lần kế tiếp:- Thử nghiệm lô lần kế tiếp:- Thử nghiệm lô lần kế tiếp:+ Nếu n ≤ 1.000 thì lấy 07 mẫu;+ Nếu n ≤ 1.000 thì lấy 07 mẫu;+ Nếu n ≤ 1.000 thì lấy 07 mẫu;+ Nếu 1.000 < n ≤ 5.000 thì lấy 14 mẫu;+ Nếu 1.000 < n ≤ 5.000 thì lấy 14 mẫu;+ Nếu 1.000 < n ≤ 5.000 thì lấy 14 mẫu;+ Nếu 5.000 < n ≤ 10.000 thì lấy 21 mẫu;+ Nếu 5.000 < n ≤ 10.000 thì lấy 21 mẫu;+ Nếu 5.000 < n ≤ 10.000 thì lấy 21 mẫu;+ Nếu n > 10.000 thì lấy 28 mẫu.+ Nếu n > 10.000 thì lấy 28 mẫu.+ Nếu n > 10.000 thì lấy 28 mẫu.",8531.10.208531.10.208531.10.20
2.4.52.4.52.4.5,Đầu báo cháy lửa kiểu điểmĐầu báo cháy lửa kiểu điểmĐầu báo cháy lửa kiểu điểm,17. Tuổi thọ nguồn độc lập (***)17. Tuổi thọ nguồn độc lập (***)17. Tuổi thọ nguồn độc lập (***),5.3.25.3.25.3.2TCVN 7568-25:2023TCVN 7568-25:2023TCVN 7568-25:2023,8.3.38.3.38.3.3TCVN 7568-25:2023TCVN 7568-25:2023TCVN 7568-25:2023,"Mẫu được lấy ngẫu nhiên tại lô phương tiện, số lượng mẫu được lấy phụ thuộc vào số lượng phương tiện trong lô (n), cụ thể như sau:Mẫu được lấy ngẫu nhiên tại lô phương tiện, số lượng mẫu được lấy phụ thuộc vào số lượng phương tiện trong lô (n), cụ thể như sau:Mẫu được lấy ngẫu nhiên tại lô phương tiện, số lượng mẫu được lấy phụ thuộc vào số lượng phương tiện trong lô (n), cụ thể như sau:- Thử nghiệm lô lần đầu:- Thử nghiệm lô lần đầu:- Thử nghiệm lô lần đầu:+ Nếu n ≤ 1.000 thì lấy 08 mẫu;+ Nếu n ≤ 1.000 thì lấy 08 mẫu;+ Nếu n ≤ 1.000 thì lấy 08 mẫu;+ Nếu 1.000 < n ≤ 5.000 thì lấy 16 mẫu;+ Nếu 1.000 < n ≤ 5.000 thì lấy 16 mẫu;+ Nếu 1.000 < n ≤ 5.000 thì lấy 16 mẫu;+ Nếu 5.000 < n ≤ 10.000 thì lấy 24 mẫu;+ Nếu 5.000 < n ≤ 10.000 thì lấy 24 mẫu;+ Nếu 5.000 < n ≤ 10.000 thì lấy 24 mẫu;+ Nếu n > 10.000 thì lấy 32 mẫu.+ Nếu n > 10.000 thì lấy 32 mẫu.+ Nếu n > 10.000 thì lấy 32 mẫu.- Thử nghiệm lô lần kế tiếp:- Thử nghiệm lô lần kế tiếp:- Thử nghiệm lô lần kế tiếp:+ Nếu n ≤ 1.000 thì lấy 07 mẫu;+ Nếu n ≤ 1.000 thì lấy 07 mẫu;+ Nếu n ≤ 1.000 thì lấy 07 mẫu;+ Nếu 1.000 < n ≤ 5.000 thì lấy 14 mẫu;+ Nếu 1.000 < n ≤ 5.000 thì lấy 14 mẫu;+ Nếu 1.000 < n ≤ 5.000 thì lấy 14 mẫu;+ Nếu 5.000 < n ≤ 10.000 thì lấy 21 mẫu;+ Nếu 5.000 < n ≤ 10.000 thì lấy 21 mẫu;+ Nếu 5.000 < n ≤ 10.000 thì lấy 21 mẫu;+ Nếu n > 10.000 thì lấy 28 mẫu.+ Nếu n > 10.000 thì lấy 28 mẫu.+ Nếu n > 10.000 thì lấy 28 mẫu.",8531.10.208531.10.208531.10.20
2.4.52.4.52.4.5,Đầu báo cháy lửa kiểu điểmĐầu báo cháy lửa kiểu điểmĐầu báo cháy lửa kiểu điểm,18. Xuyên nhiễu giữa các hệ thống của cùng một nhà sản xuất (***)18. Xuyên nhiễu giữa các hệ thống của cùng một nhà sản xuất (***)18. Xuyên nhiễu giữa các hệ thống của cùng một nhà sản xuất (***),4.2.5.24.2.5.24.2.5.2TCVN 7568-25:2023TCVN 7568-25:2023TCVN 7568-25:2023,8.2.68.2.68.2.6TCVN 7568-25:2023TCVN 7568-25:2023TCVN 7568-25:2023,"Mẫu được lấy ngẫu nhiên tại lô phương tiện, số lượng mẫu được lấy phụ thuộc vào số lượng phương tiện trong lô (n), cụ thể như sau:Mẫu được lấy ngẫu nhiên tại lô phương tiện, số lượng mẫu được lấy phụ thuộc vào số lượng phương tiện trong lô (n), cụ thể như sau:Mẫu được lấy ngẫu nhiên tại lô phương tiện, số lượng mẫu được lấy phụ thuộc vào số lượng phương tiện trong lô (n), cụ thể như sau:- Thử nghiệm lô lần đầu:- Thử nghiệm lô lần đầu:- Thử nghiệm lô lần đầu:+ Nếu n ≤ 1.000 thì lấy 08 mẫu;+ Nếu n ≤ 1.000 thì lấy 08 mẫu;+ Nếu n ≤ 1.000 thì lấy 08 mẫu;+ Nếu 1.000 < n ≤ 5.000 thì lấy 16 mẫu;+ Nếu 1.000 < n ≤ 5.000 thì lấy 16 mẫu;+ Nếu 1.000 < n ≤ 5.000 thì lấy 16 mẫu;+ Nếu 5.000 < n ≤ 10.000 thì lấy 24 mẫu;+ Nếu 5.000 < n ≤ 10.000 thì lấy 24 mẫu;+ Nếu 5.000 < n ≤ 10.000 thì lấy 24 mẫu;+ Nếu n > 10.000 thì lấy 32 mẫu.+ Nếu n > 10.000 thì lấy 32 mẫu.+ Nếu n > 10.000 thì lấy 32 mẫu.- Thử nghiệm lô lần kế tiếp:- Thử nghiệm lô lần kế tiếp:- Thử nghiệm lô lần kế tiếp:+ Nếu n ≤ 1.000 thì lấy 07 mẫu;+ Nếu n ≤ 1.000 thì lấy 07 mẫu;+ Nếu n ≤ 1.000 thì lấy 07 mẫu;+ Nếu 1.000 < n ≤ 5.000 thì lấy 14 mẫu;+ Nếu 1.000 < n ≤ 5.000 thì lấy 14 mẫu;+ Nếu 1.000 < n ≤ 5.000 thì lấy 14 mẫu;+ Nếu 5.000 < n ≤ 10.000 thì lấy 21 mẫu;+ Nếu 5.000 < n ≤ 10.000 thì lấy 21 mẫu;+ Nếu 5.000 < n ≤ 10.000 thì lấy 21 mẫu;+ Nếu n > 10.000 thì lấy 28 mẫu.+ Nếu n > 10.000 thì lấy 28 mẫu.+ Nếu n > 10.000 thì lấy 28 mẫu.",8531.10.208531.10.208531.10.20
2.4.6.2.4.6.2.4.6.,Đầu báo cháy kiểu điểm sử dụng cảm biến cacbon monoxit kết hợp với cảm biến nhiệtĐầu báo cháy kiểu điểm sử dụng cảm biến cacbon monoxit kết hợp với cảm biến nhiệtĐầu báo cháy kiểu điểm sử dụng cảm biến cacbon monoxit kết hợp với cảm biến nhiệt,1. Khả năng lặp lại của kích hoạt CO1. Khả năng lặp lại của kích hoạt CO1. Khả năng lặp lại của kích hoạt CO,5.2.35.2.35.2.3TCVN 7568-8:2015TCVN 7568-8:2015TCVN 7568-8:2015,5.2.25.2.25.2.2TCVN 7568-8:2015TCVN 7568-8:2015TCVN 7568-8:2015,"Mẫu được lấy ngẫu nhiên tại lô phương tiện, số lượng mẫu được lấy phụ thuộc vào số lượng phương tiện trong lô (n), cụ thể như sau:Mẫu được lấy ngẫu nhiên tại lô phương tiện, số lượng mẫu được lấy phụ thuộc vào số lượng phương tiện trong lô (n), cụ thể như sau:Mẫu được lấy ngẫu nhiên tại lô phương tiện, số lượng mẫu được lấy phụ thuộc vào số lượng phương tiện trong lô (n), cụ thể như sau:- Thử nghiệm lô lần đầu:- Thử nghiệm lô lần đầu:- Thử nghiệm lô lần đầu:+ Nếu n ≤ 1.000 thì lấy 07 mẫu;+ Nếu n ≤ 1.000 thì lấy 07 mẫu;+ Nếu n ≤ 1.000 thì lấy 07 mẫu;+ Nếu 1.000 < n ≤ 5.000 thì lấy 14 mẫu;+ Nếu 1.000 < n ≤ 5.000 thì lấy 14 mẫu;+ Nếu 1.000 < n ≤ 5.000 thì lấy 14 mẫu;+ Nếu 5.000 < n ≤ 10.000 thì lấy 21 mẫu;+ Nếu 5.000 < n ≤ 10.000 thì lấy 21 mẫu;+ Nếu 5.000 < n ≤ 10.000 thì lấy 21 mẫu;+ Nếu n > 10.000 thì lấy 28 mẫu.+ Nếu n > 10.000 thì lấy 28 mẫu.+ Nếu n > 10.000 thì lấy 28 mẫu.- Thử nghiệm lô lần kế tiếp:- Thử nghiệm lô lần kế tiếp:- Thử nghiệm lô lần kế tiếp:+ Nếu n ≤ 1.000 thì lấy 06 mẫu;+ Nếu n ≤ 1.000 thì lấy 06 mẫu;+ Nếu n ≤ 1.000 thì lấy 06 mẫu;+ Nếu 1.000 < n ≤ 5.000 thì lấy 12 mẫu;+ Nếu 1.000 < n ≤ 5.000 thì lấy 12 mẫu;+ Nếu 1.000 < n ≤ 5.000 thì lấy 12 mẫu;+ Nếu 5.000 < n ≤ 10.000 thì lấy 18 mẫu;+ Nếu 5.000 < n ≤ 10.000 thì lấy 18 mẫu;+ Nếu 5.000 < n ≤ 10.000 thì lấy 18 mẫu;+ Nếu n > 10.000 thì lấy 24 mẫu.+ Nếu n > 10.000 thì lấy 24 mẫu.+ Nếu n > 10.000 thì lấy 24 mẫu.",8531.10.208531.10.208531.10.20
2.4.6.2.4.6.2.4.6.,Đầu báo cháy kiểu điểm sử dụng cảm biến cacbon monoxit kết hợp với cảm biến nhiệtĐầu báo cháy kiểu điểm sử dụng cảm biến cacbon monoxit kết hợp với cảm biến nhiệtĐầu báo cháy kiểu điểm sử dụng cảm biến cacbon monoxit kết hợp với cảm biến nhiệt,2. Sự phụ thuộc vào hướng của kích hoạt CO2. Sự phụ thuộc vào hướng của kích hoạt CO2. Sự phụ thuộc vào hướng của kích hoạt CO,5.3.3 TCVN 7568-8:20155.3.3 TCVN 7568-8:20155.3.3 TCVN 7568-8:2015,5.3.25.3.25.3.2TCVN 7568-8:2015TCVN 7568-8:2015TCVN 7568-8:2015,"Mẫu được lấy ngẫu nhiên tại lô phương tiện, số lượng mẫu được lấy phụ thuộc vào số lượng phương tiện trong lô (n), cụ thể như sau:Mẫu được lấy ngẫu nhiên tại lô phương tiện, số lượng mẫu được lấy phụ thuộc vào số lượng phương tiện trong lô (n), cụ thể như sau:Mẫu được lấy ngẫu nhiên tại lô phương tiện, số lượng mẫu được lấy phụ thuộc vào số lượng phương tiện trong lô (n), cụ thể như sau:- Thử nghiệm lô lần đầu:- Thử nghiệm lô lần đầu:- Thử nghiệm lô lần đầu:+ Nếu n ≤ 1.000 thì lấy 07 mẫu;+ Nếu n ≤ 1.000 thì lấy 07 mẫu;+ Nếu n ≤ 1.000 thì lấy 07 mẫu;+ Nếu 1.000 < n ≤ 5.000 thì lấy 14 mẫu;+ Nếu 1.000 < n ≤ 5.000 thì lấy 14 mẫu;+ Nếu 1.000 < n ≤ 5.000 thì lấy 14 mẫu;+ Nếu 5.000 < n ≤ 10.000 thì lấy 21 mẫu;+ Nếu 5.000 < n ≤ 10.000 thì lấy 21 mẫu;+ Nếu 5.000 < n ≤ 10.000 thì lấy 21 mẫu;+ Nếu n > 10.000 thì lấy 28 mẫu.+ Nếu n > 10.000 thì lấy 28 mẫu.+ Nếu n > 10.000 thì lấy 28 mẫu.- Thử nghiệm lô lần kế tiếp:- Thử nghiệm lô lần kế tiếp:- Thử nghiệm lô lần kế tiếp:+ Nếu n ≤ 1.000 thì lấy 06 mẫu;+ Nếu n ≤ 1.000 thì lấy 06 mẫu;+ Nếu n ≤ 1.000 thì lấy 06 mẫu;+ Nếu 1.000 < n ≤ 5.000 thì lấy 12 mẫu;+ Nếu 1.000 < n ≤ 5.000 thì lấy 12 mẫu;+ Nếu 1.000 < n ≤ 5.000 thì lấy 12 mẫu;+ Nếu 5.000 < n ≤ 10.000 thì lấy 18 mẫu;+ Nếu 5.000 < n ≤ 10.000 thì lấy 18 mẫu;+ Nếu 5.000 < n ≤ 10.000 thì lấy 18 mẫu;+ Nếu n > 10.000 thì lấy 24 mẫu.+ Nếu n > 10.000 thì lấy 24 mẫu.+ Nếu n > 10.000 thì lấy 24 mẫu.",8531.10.208531.10.208531.10.20
2.4.6.2.4.6.2.4.6.,Đầu báo cháy kiểu điểm sử dụng cảm biến cacbon monoxit kết hợp với cảm biến nhiệtĐầu báo cháy kiểu điểm sử dụng cảm biến cacbon monoxit kết hợp với cảm biến nhiệtĐầu báo cháy kiểu điểm sử dụng cảm biến cacbon monoxit kết hợp với cảm biến nhiệt,3. Sự phụ thuộc vào hướng của kích hoạt nhiệt3. Sự phụ thuộc vào hướng của kích hoạt nhiệt3. Sự phụ thuộc vào hướng của kích hoạt nhiệt,5.4.35.4.35.4.3TCVN 7568-8:2015TCVN 7568-8:2015TCVN 7568-8:2015,5.4.25.4.25.4.2TCVN 7568-8:2015TCVN 7568-8:2015TCVN 7568-8:2015,"Mẫu được lấy ngẫu nhiên tại lô phương tiện, số lượng mẫu được lấy phụ thuộc vào số lượng phương tiện trong lô (n), cụ thể như sau:Mẫu được lấy ngẫu nhiên tại lô phương tiện, số lượng mẫu được lấy phụ thuộc vào số lượng phương tiện trong lô (n), cụ thể như sau:Mẫu được lấy ngẫu nhiên tại lô phương tiện, số lượng mẫu được lấy phụ thuộc vào số lượng phương tiện trong lô (n), cụ thể như sau:- Thử nghiệm lô lần đầu:- Thử nghiệm lô lần đầu:- Thử nghiệm lô lần đầu:+ Nếu n ≤ 1.000 thì lấy 07 mẫu;+ Nếu n ≤ 1.000 thì lấy 07 mẫu;+ Nếu n ≤ 1.000 thì lấy 07 mẫu;+ Nếu 1.000 < n ≤ 5.000 thì lấy 14 mẫu;+ Nếu 1.000 < n ≤ 5.000 thì lấy 14 mẫu;+ Nếu 1.000 < n ≤ 5.000 thì lấy 14 mẫu;+ Nếu 5.000 < n ≤ 10.000 thì lấy 21 mẫu;+ Nếu 5.000 < n ≤ 10.000 thì lấy 21 mẫu;+ Nếu 5.000 < n ≤ 10.000 thì lấy 21 mẫu;+ Nếu n > 10.000 thì lấy 28 mẫu.+ Nếu n > 10.000 thì lấy 28 mẫu.+ Nếu n > 10.000 thì lấy 28 mẫu.- Thử nghiệm lô lần kế tiếp:- Thử nghiệm lô lần kế tiếp:- Thử nghiệm lô lần kế tiếp:+ Nếu n ≤ 1.000 thì lấy 06 mẫu;+ Nếu n ≤ 1.000 thì lấy 06 mẫu;+ Nếu n ≤ 1.000 thì lấy 06 mẫu;+ Nếu 1.000 < n ≤ 5.000 thì lấy 12 mẫu;+ Nếu 1.000 < n ≤ 5.000 thì lấy 12 mẫu;+ Nếu 1.000 < n ≤ 5.000 thì lấy 12 mẫu;+ Nếu 5.000 < n ≤ 10.000 thì lấy 18 mẫu;+ Nếu 5.000 < n ≤ 10.000 thì lấy 18 mẫu;+ Nếu 5.000 < n ≤ 10.000 thì lấy 18 mẫu;+ Nếu n > 10.000 thì lấy 24 mẫu.+ Nếu n > 10.000 thì lấy 24 mẫu.+ Nếu n > 10.000 thì lấy 24 mẫu.",8531.10.208531.10.208531.10.20
2.4.6.2.4.6.2.4.6.,Đầu báo cháy kiểu điểm sử dụng cảm biến cacbon monoxit kết hợp với cảm biến nhiệtĐầu báo cháy kiểu điểm sử dụng cảm biến cacbon monoxit kết hợp với cảm biến nhiệtĐầu báo cháy kiểu điểm sử dụng cảm biến cacbon monoxit kết hợp với cảm biến nhiệt,4. Giới hạn của kích hoạt nhiệt4. Giới hạn của kích hoạt nhiệt4. Giới hạn của kích hoạt nhiệt,5.5.35.5.35.5.3TCVN 7568-8:2015TCVN 7568-8:2015TCVN 7568-8:2015,5.5.25.5.25.5.2TCVN 7568-8:2015TCVN 7568-8:2015TCVN 7568-8:2015,"Mẫu được lấy ngẫu nhiên tại lô phương tiện, số lượng mẫu được lấy phụ thuộc vào số lượng phương tiện trong lô (n), cụ thể như sau:Mẫu được lấy ngẫu nhiên tại lô phương tiện, số lượng mẫu được lấy phụ thuộc vào số lượng phương tiện trong lô (n), cụ thể như sau:Mẫu được lấy ngẫu nhiên tại lô phương tiện, số lượng mẫu được lấy phụ thuộc vào số lượng phương tiện trong lô (n), cụ thể như sau:- Thử nghiệm lô lần đầu:- Thử nghiệm lô lần đầu:- Thử nghiệm lô lần đầu:+ Nếu n ≤ 1.000 thì lấy 07 mẫu;+ Nếu n ≤ 1.000 thì lấy 07 mẫu;+ Nếu n ≤ 1.000 thì lấy 07 mẫu;+ Nếu 1.000 < n ≤ 5.000 thì lấy 14 mẫu;+ Nếu 1.000 < n ≤ 5.000 thì lấy 14 mẫu;+ Nếu 1.000 < n ≤ 5.000 thì lấy 14 mẫu;+ Nếu 5.000 < n ≤ 10.000 thì lấy 21 mẫu;+ Nếu 5.000 < n ≤ 10.000 thì lấy 21 mẫu;+ Nếu 5.000 < n ≤ 10.000 thì lấy 21 mẫu;+ Nếu n > 10.000 thì lấy 28 mẫu.+ Nếu n > 10.000 thì lấy 28 mẫu.+ Nếu n > 10.000 thì lấy 28 mẫu.- Thử nghiệm lô lần kế tiếp:- Thử nghiệm lô lần kế tiếp:- Thử nghiệm lô lần kế tiếp:+ Nếu n ≤ 1.000 thì lấy 06 mẫu;+ Nếu n ≤ 1.000 thì lấy 06 mẫu;+ Nếu n ≤ 1.000 thì lấy 06 mẫu;+ Nếu 1.000 < n ≤ 5.000 thì lấy 12 mẫu;+ Nếu 1.000 < n ≤ 5.000 thì lấy 12 mẫu;+ Nếu 1.000 < n ≤ 5.000 thì lấy 12 mẫu;+ Nếu 5.000 < n ≤ 10.000 thì lấy 18 mẫu;+ Nếu 5.000 < n ≤ 10.000 thì lấy 18 mẫu;+ Nếu 5.000 < n ≤ 10.000 thì lấy 18 mẫu;+ Nếu n > 10.000 thì lấy 24 mẫu.+ Nếu n > 10.000 thì lấy 24 mẫu.+ Nếu n > 10.000 thì lấy 24 mẫu.",8531.10.208531.10.208531.10.20
2.4.6.2.4.6.2.4.6.,Đầu báo cháy kiểu điểm sử dụng cảm biến cacbon monoxit kết hợp với cảm biến nhiệtĐầu báo cháy kiểu điểm sử dụng cảm biến cacbon monoxit kết hợp với cảm biến nhiệtĐầu báo cháy kiểu điểm sử dụng cảm biến cacbon monoxit kết hợp với cảm biến nhiệt,5. Biến đổi của các thông số cung cấp điện5. Biến đổi của các thông số cung cấp điện5. Biến đổi của các thông số cung cấp điện,5.12.35.12.35.12.3TCVN 7568-8:2015TCVN 7568-8:2015TCVN 7568-8:2015,5.12.25.12.25.12.2TCVN 7568-8:2015TCVN 7568-8:2015TCVN 7568-8:2015,"Mẫu được lấy ngẫu nhiên tại lô phương tiện, số lượng mẫu được lấy phụ thuộc vào số lượng phương tiện trong lô (n), cụ thể như sau:Mẫu được lấy ngẫu nhiên tại lô phương tiện, số lượng mẫu được lấy phụ thuộc vào số lượng phương tiện trong lô (n), cụ thể như sau:Mẫu được lấy ngẫu nhiên tại lô phương tiện, số lượng mẫu được lấy phụ thuộc vào số lượng phương tiện trong lô (n), cụ thể như sau:- Thử nghiệm lô lần đầu:- Thử nghiệm lô lần đầu:- Thử nghiệm lô lần đầu:+ Nếu n ≤ 1.000 thì lấy 07 mẫu;+ Nếu n ≤ 1.000 thì lấy 07 mẫu;+ Nếu n ≤ 1.000 thì lấy 07 mẫu;+ Nếu 1.000 < n ≤ 5.000 thì lấy 14 mẫu;+ Nếu 1.000 < n ≤ 5.000 thì lấy 14 mẫu;+ Nếu 1.000 < n ≤ 5.000 thì lấy 14 mẫu;+ Nếu 5.000 < n ≤ 10.000 thì lấy 21 mẫu;+ Nếu 5.000 < n ≤ 10.000 thì lấy 21 mẫu;+ Nếu 5.000 < n ≤ 10.000 thì lấy 21 mẫu;+ Nếu n > 10.000 thì lấy 28 mẫu.+ Nếu n > 10.000 thì lấy 28 mẫu.+ Nếu n > 10.000 thì lấy 28 mẫu.- Thử nghiệm lô lần kế tiếp:- Thử nghiệm lô lần kế tiếp:- Thử nghiệm lô lần kế tiếp:+ Nếu n ≤ 1.000 thì lấy 06 mẫu;+ Nếu n ≤ 1.000 thì lấy 06 mẫu;+ Nếu n ≤ 1.000 thì lấy 06 mẫu;+ Nếu 1.000 < n ≤ 5.000 thì lấy 12 mẫu;+ Nếu 1.000 < n ≤ 5.000 thì lấy 12 mẫu;+ Nếu 1.000 < n ≤ 5.000 thì lấy 12 mẫu;+ Nếu 5.000 < n ≤ 10.000 thì lấy 18 mẫu;+ Nếu 5.000 < n ≤ 10.000 thì lấy 18 mẫu;+ Nếu 5.000 < n ≤ 10.000 thì lấy 18 mẫu;+ Nếu n > 10.000 thì lấy 24 mẫu.+ Nếu n > 10.000 thì lấy 24 mẫu.+ Nếu n > 10.000 thì lấy 24 mẫu.",8531.10.208531.10.208531.10.20
2.4.6.2.4.6.2.4.6.,Đầu báo cháy kiểu điểm sử dụng cảm biến cacbon monoxit kết hợp với cảm biến nhiệtĐầu báo cháy kiểu điểm sử dụng cảm biến cacbon monoxit kết hợp với cảm biến nhiệtĐầu báo cháy kiểu điểm sử dụng cảm biến cacbon monoxit kết hợp với cảm biến nhiệt,6. Nóng khô (vận hành)6. Nóng khô (vận hành)6. Nóng khô (vận hành),5.14.35.14.35.14.3TCVN 7568-8:2015TCVN 7568-8:2015TCVN 7568-8:2015,5.14.25.14.25.14.2TCVN 7568-8:2015TCVN 7568-8:2015TCVN 7568-8:2015,"Mẫu được lấy ngẫu nhiên tại lô phương tiện, số lượng mẫu được lấy phụ thuộc vào số lượng phương tiện trong lô (n), cụ thể như sau:Mẫu được lấy ngẫu nhiên tại lô phương tiện, số lượng mẫu được lấy phụ thuộc vào số lượng phương tiện trong lô (n), cụ thể như sau:Mẫu được lấy ngẫu nhiên tại lô phương tiện, số lượng mẫu được lấy phụ thuộc vào số lượng phương tiện trong lô (n), cụ thể như sau:- Thử nghiệm lô lần đầu:- Thử nghiệm lô lần đầu:- Thử nghiệm lô lần đầu:+ Nếu n ≤ 1.000 thì lấy 07 mẫu;+ Nếu n ≤ 1.000 thì lấy 07 mẫu;+ Nếu n ≤ 1.000 thì lấy 07 mẫu;+ Nếu 1.000 < n ≤ 5.000 thì lấy 14 mẫu;+ Nếu 1.000 < n ≤ 5.000 thì lấy 14 mẫu;+ Nếu 1.000 < n ≤ 5.000 thì lấy 14 mẫu;+ Nếu 5.000 < n ≤ 10.000 thì lấy 21 mẫu;+ Nếu 5.000 < n ≤ 10.000 thì lấy 21 mẫu;+ Nếu 5.000 < n ≤ 10.000 thì lấy 21 mẫu;+ Nếu n > 10.000 thì lấy 28 mẫu.+ Nếu n > 10.000 thì lấy 28 mẫu.+ Nếu n > 10.000 thì lấy 28 mẫu.- Thử nghiệm lô lần kế tiếp:- Thử nghiệm lô lần kế tiếp:- Thử nghiệm lô lần kế tiếp:+ Nếu n ≤ 1.000 thì lấy 06 mẫu;+ Nếu n ≤ 1.000 thì lấy 06 mẫu;+ Nếu n ≤ 1.000 thì lấy 06 mẫu;+ Nếu 1.000 < n ≤ 5.000 thì lấy 12 mẫu;+ Nếu 1.000 < n ≤ 5.000 thì lấy 12 mẫu;+ Nếu 1.000 < n ≤ 5.000 thì lấy 12 mẫu;+ Nếu 5.000 < n ≤ 10.000 thì lấy 18 mẫu;+ Nếu 5.000 < n ≤ 10.000 thì lấy 18 mẫu;+ Nếu 5.000 < n ≤ 10.000 thì lấy 18 mẫu;+ Nếu n > 10.000 thì lấy 24 mẫu.+ Nếu n > 10.000 thì lấy 24 mẫu.+ Nếu n > 10.000 thì lấy 24 mẫu.",8531.10.208531.10.208531.10.20
2.4.6.2.4.6.2.4.6.,Đầu báo cháy kiểu điểm sử dụng cảm biến cacbon monoxit kết hợp với cảm biến nhiệtĐầu báo cháy kiểu điểm sử dụng cảm biến cacbon monoxit kết hợp với cảm biến nhiệtĐầu báo cháy kiểu điểm sử dụng cảm biến cacbon monoxit kết hợp với cảm biến nhiệt,"7. Nóng ẩm, có chu kỳ (vận hành)7. Nóng ẩm, có chu kỳ (vận hành)7. Nóng ẩm, có chu kỳ (vận hành)",5.17.35.17.35.17.3TCVN 7568-8:2015TCVN 7568-8:2015TCVN 7568-8:2015,5.17.25.17.25.17.2TCVN 7568-8:2015TCVN 7568-8:2015TCVN 7568-8:2015,"Mẫu được lấy ngẫu nhiên tại lô phương tiện, số lượng mẫu được lấy phụ thuộc vào số lượng phương tiện trong lô (n), cụ thể như sau:Mẫu được lấy ngẫu nhiên tại lô phương tiện, số lượng mẫu được lấy phụ thuộc vào số lượng phương tiện trong lô (n), cụ thể như sau:Mẫu được lấy ngẫu nhiên tại lô phương tiện, số lượng mẫu được lấy phụ thuộc vào số lượng phương tiện trong lô (n), cụ thể như sau:- Thử nghiệm lô lần đầu:- Thử nghiệm lô lần đầu:- Thử nghiệm lô lần đầu:+ Nếu n ≤ 1.000 thì lấy 07 mẫu;+ Nếu n ≤ 1.000 thì lấy 07 mẫu;+ Nếu n ≤ 1.000 thì lấy 07 mẫu;+ Nếu 1.000 < n ≤ 5.000 thì lấy 14 mẫu;+ Nếu 1.000 < n ≤ 5.000 thì lấy 14 mẫu;+ Nếu 1.000 < n ≤ 5.000 thì lấy 14 mẫu;+ Nếu 5.000 < n ≤ 10.000 thì lấy 21 mẫu;+ Nếu 5.000 < n ≤ 10.000 thì lấy 21 mẫu;+ Nếu 5.000 < n ≤ 10.000 thì lấy 21 mẫu;+ Nếu n > 10.000 thì lấy 28 mẫu.+ Nếu n > 10.000 thì lấy 28 mẫu.+ Nếu n > 10.000 thì lấy 28 mẫu.- Thử nghiệm lô lần kế tiếp:- Thử nghiệm lô lần kế tiếp:- Thử nghiệm lô lần kế tiếp:+ Nếu n ≤ 1.000 thì lấy 06 mẫu;+ Nếu n ≤ 1.000 thì lấy 06 mẫu;+ Nếu n ≤ 1.000 thì lấy 06 mẫu;+ Nếu 1.000 < n ≤ 5.000 thì lấy 12 mẫu;+ Nếu 1.000 < n ≤ 5.000 thì lấy 12 mẫu;+ Nếu 1.000 < n ≤ 5.000 thì lấy 12 mẫu;+ Nếu 5.000 < n ≤ 10.000 thì lấy 18 mẫu;+ Nếu 5.000 < n ≤ 10.000 thì lấy 18 mẫu;+ Nếu 5.000 < n ≤ 10.000 thì lấy 18 mẫu;+ Nếu n > 10.000 thì lấy 24 mẫu.+ Nếu n > 10.000 thì lấy 24 mẫu.+ Nếu n > 10.000 thì lấy 24 mẫu.",8531.10.208531.10.208531.10.20
2.4.6.2.4.6.2.4.6.,Đầu báo cháy kiểu điểm sử dụng cảm biến cacbon monoxit kết hợp với cảm biến nhiệtĐầu báo cháy kiểu điểm sử dụng cảm biến cacbon monoxit kết hợp với cảm biến nhiệtĐầu báo cháy kiểu điểm sử dụng cảm biến cacbon monoxit kết hợp với cảm biến nhiệt,8. Ăn mòn sunfua đioxit (SO2) (khả năng chịu đựng) (*)8. Ăn mòn sunfua đioxit (SO8. Ăn mòn sunfua đioxit (SO22) (khả năng chịu đựng) (*)) (khả năng chịu đựng) (*),5.20.35.20.35.20.3TCVN 7568-8:2015TCVN 7568-8:2015TCVN 7568-8:2015,5.20.25.20.25.20.2TCVN 7568-8:2015TCVN 7568-8:2015TCVN 7568-8:2015,"Mẫu được lấy ngẫu nhiên tại lô phương tiện, số lượng mẫu được lấy phụ thuộc vào số lượng phương tiện trong lô (n), cụ thể như sau:Mẫu được lấy ngẫu nhiên tại lô phương tiện, số lượng mẫu được lấy phụ thuộc vào số lượng phương tiện trong lô (n), cụ thể như sau:Mẫu được lấy ngẫu nhiên tại lô phương tiện, số lượng mẫu được lấy phụ thuộc vào số lượng phương tiện trong lô (n), cụ thể như sau:- Thử nghiệm lô lần đầu:- Thử nghiệm lô lần đầu:- Thử nghiệm lô lần đầu:+ Nếu n ≤ 1.000 thì lấy 07 mẫu;+ Nếu n ≤ 1.000 thì lấy 07 mẫu;+ Nếu n ≤ 1.000 thì lấy 07 mẫu;+ Nếu 1.000 < n ≤ 5.000 thì lấy 14 mẫu;+ Nếu 1.000 < n ≤ 5.000 thì lấy 14 mẫu;+ Nếu 1.000 < n ≤ 5.000 thì lấy 14 mẫu;+ Nếu 5.000 < n ≤ 10.000 thì lấy 21 mẫu;+ Nếu 5.000 < n ≤ 10.000 thì lấy 21 mẫu;+ Nếu 5.000 < n ≤ 10.000 thì lấy 21 mẫu;+ Nếu n > 10.000 thì lấy 28 mẫu.+ Nếu n > 10.000 thì lấy 28 mẫu.+ Nếu n > 10.000 thì lấy 28 mẫu.- Thử nghiệm lô lần kế tiếp:- Thử nghiệm lô lần kế tiếp:- Thử nghiệm lô lần kế tiếp:+ Nếu n ≤ 1.000 thì lấy 06 mẫu;+ Nếu n ≤ 1.000 thì lấy 06 mẫu;+ Nếu n ≤ 1.000 thì lấy 06 mẫu;+ Nếu 1.000 < n ≤ 5.000 thì lấy 12 mẫu;+ Nếu 1.000 < n ≤ 5.000 thì lấy 12 mẫu;+ Nếu 1.000 < n ≤ 5.000 thì lấy 12 mẫu;+ Nếu 5.000 < n ≤ 10.000 thì lấy 18 mẫu;+ Nếu 5.000 < n ≤ 10.000 thì lấy 18 mẫu;+ Nếu 5.000 < n ≤ 10.000 thì lấy 18 mẫu;+ Nếu n > 10.000 thì lấy 24 mẫu.+ Nếu n > 10.000 thì lấy 24 mẫu.+ Nếu n > 10.000 thì lấy 24 mẫu.",8531.10.208531.10.208531.10.20
2.4.6.2.4.6.2.4.6.,Đầu báo cháy kiểu điểm sử dụng cảm biến cacbon monoxit kết hợp với cảm biến nhiệtĐầu báo cháy kiểu điểm sử dụng cảm biến cacbon monoxit kết hợp với cảm biến nhiệtĐầu báo cháy kiểu điểm sử dụng cảm biến cacbon monoxit kết hợp với cảm biến nhiệt,9. Va đập (vận hành)9. Va đập (vận hành)9. Va đập (vận hành),5.22.35.22.35.22.3TCVN 7568-8:2015TCVN 7568-8:2015TCVN 7568-8:2015,5.22.25.22.25.22.2TCVN 7568-8:2015TCVN 7568-8:2015TCVN 7568-8:2015,"Mẫu được lấy ngẫu nhiên tại lô phương tiện, số lượng mẫu được lấy phụ thuộc vào số lượng phương tiện trong lô (n), cụ thể như sau:Mẫu được lấy ngẫu nhiên tại lô phương tiện, số lượng mẫu được lấy phụ thuộc vào số lượng phương tiện trong lô (n), cụ thể như sau:Mẫu được lấy ngẫu nhiên tại lô phương tiện, số lượng mẫu được lấy phụ thuộc vào số lượng phương tiện trong lô (n), cụ thể như sau:- Thử nghiệm lô lần đầu:- Thử nghiệm lô lần đầu:- Thử nghiệm lô lần đầu:+ Nếu n ≤ 1.000 thì lấy 07 mẫu;+ Nếu n ≤ 1.000 thì lấy 07 mẫu;+ Nếu n ≤ 1.000 thì lấy 07 mẫu;+ Nếu 1.000 < n ≤ 5.000 thì lấy 14 mẫu;+ Nếu 1.000 < n ≤ 5.000 thì lấy 14 mẫu;+ Nếu 1.000 < n ≤ 5.000 thì lấy 14 mẫu;+ Nếu 5.000 < n ≤ 10.000 thì lấy 21 mẫu;+ Nếu 5.000 < n ≤ 10.000 thì lấy 21 mẫu;+ Nếu 5.000 < n ≤ 10.000 thì lấy 21 mẫu;+ Nếu n > 10.000 thì lấy 28 mẫu.+ Nếu n > 10.000 thì lấy 28 mẫu.+ Nếu n > 10.000 thì lấy 28 mẫu.- Thử nghiệm lô lần kế tiếp:- Thử nghiệm lô lần kế tiếp:- Thử nghiệm lô lần kế tiếp:+ Nếu n ≤ 1.000 thì lấy 06 mẫu;+ Nếu n ≤ 1.000 thì lấy 06 mẫu;+ Nếu n ≤ 1.000 thì lấy 06 mẫu;+ Nếu 1.000 < n ≤ 5.000 thì lấy 12 mẫu;+ Nếu 1.000 < n ≤ 5.000 thì lấy 12 mẫu;+ Nếu 1.000 < n ≤ 5.000 thì lấy 12 mẫu;+ Nếu 5.000 < n ≤ 10.000 thì lấy 18 mẫu;+ Nếu 5.000 < n ≤ 10.000 thì lấy 18 mẫu;+ Nếu 5.000 < n ≤ 10.000 thì lấy 18 mẫu;+ Nếu n > 10.000 thì lấy 24 mẫu.+ Nếu n > 10.000 thì lấy 24 mẫu.+ Nếu n > 10.000 thì lấy 24 mẫu.",8531.10.208531.10.208531.10.20
2.4.6.2.4.6.2.4.6.,Đầu báo cháy kiểu điểm sử dụng cảm biến cacbon monoxit kết hợp với cảm biến nhiệtĐầu báo cháy kiểu điểm sử dụng cảm biến cacbon monoxit kết hợp với cảm biến nhiệtĐầu báo cháy kiểu điểm sử dụng cảm biến cacbon monoxit kết hợp với cảm biến nhiệt,"10. Rung, hình sin (vận hành)10. Rung, hình sin (vận hành)10. Rung, hình sin (vận hành)",5.23.35.23.35.23.3TCVN 7568-8:2015TCVN 7568-8:2015TCVN 7568-8:2015,5.23.25.23.25.23.2TCVN 7568-8:2015TCVN 7568-8:2015TCVN 7568-8:2015,"Mẫu được lấy ngẫu nhiên tại lô phương tiện, số lượng mẫu được lấy phụ thuộc vào số lượng phương tiện trong lô (n), cụ thể như sau:Mẫu được lấy ngẫu nhiên tại lô phương tiện, số lượng mẫu được lấy phụ thuộc vào số lượng phương tiện trong lô (n), cụ thể như sau:Mẫu được lấy ngẫu nhiên tại lô phương tiện, số lượng mẫu được lấy phụ thuộc vào số lượng phương tiện trong lô (n), cụ thể như sau:- Thử nghiệm lô lần đầu:- Thử nghiệm lô lần đầu:- Thử nghiệm lô lần đầu:+ Nếu n ≤ 1.000 thì lấy 07 mẫu;+ Nếu n ≤ 1.000 thì lấy 07 mẫu;+ Nếu n ≤ 1.000 thì lấy 07 mẫu;+ Nếu 1.000 < n ≤ 5.000 thì lấy 14 mẫu;+ Nếu 1.000 < n ≤ 5.000 thì lấy 14 mẫu;+ Nếu 1.000 < n ≤ 5.000 thì lấy 14 mẫu;+ Nếu 5.000 < n ≤ 10.000 thì lấy 21 mẫu;+ Nếu 5.000 < n ≤ 10.000 thì lấy 21 mẫu;+ Nếu 5.000 < n ≤ 10.000 thì lấy 21 mẫu;+ Nếu n > 10.000 thì lấy 28 mẫu.+ Nếu n > 10.000 thì lấy 28 mẫu.+ Nếu n > 10.000 thì lấy 28 mẫu.- Thử nghiệm lô lần kế tiếp:- Thử nghiệm lô lần kế tiếp:- Thử nghiệm lô lần kế tiếp:+ Nếu n ≤ 1.000 thì lấy 06 mẫu;+ Nếu n ≤ 1.000 thì lấy 06 mẫu;+ Nếu n ≤ 1.000 thì lấy 06 mẫu;+ Nếu 1.000 < n ≤ 5.000 thì lấy 12 mẫu;+ Nếu 1.000 < n ≤ 5.000 thì lấy 12 mẫu;+ Nếu 1.000 < n ≤ 5.000 thì lấy 12 mẫu;+ Nếu 5.000 < n ≤ 10.000 thì lấy 18 mẫu;+ Nếu 5.000 < n ≤ 10.000 thì lấy 18 mẫu;+ Nếu 5.000 < n ≤ 10.000 thì lấy 18 mẫu;+ Nếu n > 10.000 thì lấy 24 mẫu.+ Nếu n > 10.000 thì lấy 24 mẫu.+ Nếu n > 10.000 thì lấy 24 mẫu.",8531.10.208531.10.208531.10.20
2.4.6.2.4.6.2.4.6.,Đầu báo cháy kiểu điểm sử dụng cảm biến cacbon monoxit kết hợp với cảm biến nhiệtĐầu báo cháy kiểu điểm sử dụng cảm biến cacbon monoxit kết hợp với cảm biến nhiệtĐầu báo cháy kiểu điểm sử dụng cảm biến cacbon monoxit kết hợp với cảm biến nhiệt,11. Suy hao tín hiệu tại hiện trường (***)11. Suy hao tín hiệu tại hiện trường (***)11. Suy hao tín hiệu tại hiện trường (***),4.2.14.2.14.2.1TCVN 7568-25:2023TCVN 7568-25:2023TCVN 7568-25:2023,8.2.28.2.28.2.2TCVN 7568-25:2023TCVN 7568-25:2023TCVN 7568-25:2023,"Mẫu được lấy ngẫu nhiên tại lô phương tiện, số lượng mẫu được lấy phụ thuộc vào số lượng phương tiện trong lô (n), cụ thể như sau:Mẫu được lấy ngẫu nhiên tại lô phương tiện, số lượng mẫu được lấy phụ thuộc vào số lượng phương tiện trong lô (n), cụ thể như sau:Mẫu được lấy ngẫu nhiên tại lô phương tiện, số lượng mẫu được lấy phụ thuộc vào số lượng phương tiện trong lô (n), cụ thể như sau:- Thử nghiệm lô lần đầu:- Thử nghiệm lô lần đầu:- Thử nghiệm lô lần đầu:+ Nếu n ≤ 1.000 thì lấy 07 mẫu;+ Nếu n ≤ 1.000 thì lấy 07 mẫu;+ Nếu n ≤ 1.000 thì lấy 07 mẫu;+ Nếu 1.000 < n ≤ 5.000 thì lấy 14 mẫu;+ Nếu 1.000 < n ≤ 5.000 thì lấy 14 mẫu;+ Nếu 1.000 < n ≤ 5.000 thì lấy 14 mẫu;+ Nếu 5.000 < n ≤ 10.000 thì lấy 21 mẫu;+ Nếu 5.000 < n ≤ 10.000 thì lấy 21 mẫu;+ Nếu 5.000 < n ≤ 10.000 thì lấy 21 mẫu;+ Nếu n > 10.000 thì lấy 28 mẫu.+ Nếu n > 10.000 thì lấy 28 mẫu.+ Nếu n > 10.000 thì lấy 28 mẫu.- Thử nghiệm lô lần kế tiếp:- Thử nghiệm lô lần kế tiếp:- Thử nghiệm lô lần kế tiếp:+ Nếu n ≤ 1.000 thì lấy 06 mẫu;+ Nếu n ≤ 1.000 thì lấy 06 mẫu;+ Nếu n ≤ 1.000 thì lấy 06 mẫu;+ Nếu 1.000 < n ≤ 5.000 thì lấy 12 mẫu;+ Nếu 1.000 < n ≤ 5.000 thì lấy 12 mẫu;+ Nếu 1.000 < n ≤ 5.000 thì lấy 12 mẫu;+ Nếu 5.000 < n ≤ 10.000 thì lấy 18 mẫu;+ Nếu 5.000 < n ≤ 10.000 thì lấy 18 mẫu;+ Nếu 5.000 < n ≤ 10.000 thì lấy 18 mẫu;+ Nếu n > 10.000 thì lấy 24 mẫu.+ Nếu n > 10.000 thì lấy 24 mẫu.+ Nếu n > 10.000 thì lấy 24 mẫu.",8531.10.208531.10.208531.10.20
2.4.6.2.4.6.2.4.6.,Đầu báo cháy kiểu điểm sử dụng cảm biến cacbon monoxit kết hợp với cảm biến nhiệtĐầu báo cháy kiểu điểm sử dụng cảm biến cacbon monoxit kết hợp với cảm biến nhiệtĐầu báo cháy kiểu điểm sử dụng cảm biến cacbon monoxit kết hợp với cảm biến nhiệt,12. Tính toàn vẹn của tín hiệu cảnh báo (***)12. Tính toàn vẹn của tín hiệu cảnh báo (***)12. Tính toàn vẹn của tín hiệu cảnh báo (***),4.2.24.2.24.2.2TCVN 7568-25:2023TCVN 7568-25:2023TCVN 7568-25:2023,8.2.38.2.38.2.3TCVN 7568-25:2023TCVN 7568-25:2023TCVN 7568-25:2023,"Mẫu được lấy ngẫu nhiên tại lô phương tiện, số lượng mẫu được lấy phụ thuộc vào số lượng phương tiện trong lô (n), cụ thể như sau:Mẫu được lấy ngẫu nhiên tại lô phương tiện, số lượng mẫu được lấy phụ thuộc vào số lượng phương tiện trong lô (n), cụ thể như sau:Mẫu được lấy ngẫu nhiên tại lô phương tiện, số lượng mẫu được lấy phụ thuộc vào số lượng phương tiện trong lô (n), cụ thể như sau:- Thử nghiệm lô lần đầu:- Thử nghiệm lô lần đầu:- Thử nghiệm lô lần đầu:+ Nếu n ≤ 1.000 thì lấy 07 mẫu;+ Nếu n ≤ 1.000 thì lấy 07 mẫu;+ Nếu n ≤ 1.000 thì lấy 07 mẫu;+ Nếu 1.000 < n ≤ 5.000 thì lấy 14 mẫu;+ Nếu 1.000 < n ≤ 5.000 thì lấy 14 mẫu;+ Nếu 1.000 < n ≤ 5.000 thì lấy 14 mẫu;+ Nếu 5.000 < n ≤ 10.000 thì lấy 21 mẫu;+ Nếu 5.000 < n ≤ 10.000 thì lấy 21 mẫu;+ Nếu 5.000 < n ≤ 10.000 thì lấy 21 mẫu;+ Nếu n > 10.000 thì lấy 28 mẫu.+ Nếu n > 10.000 thì lấy 28 mẫu.+ Nếu n > 10.000 thì lấy 28 mẫu.- Thử nghiệm lô lần kế tiếp:- Thử nghiệm lô lần kế tiếp:- Thử nghiệm lô lần kế tiếp:+ Nếu n ≤ 1.000 thì lấy 06 mẫu;+ Nếu n ≤ 1.000 thì lấy 06 mẫu;+ Nếu n ≤ 1.000 thì lấy 06 mẫu;+ Nếu 1.000 < n ≤ 5.000 thì lấy 12 mẫu;+ Nếu 1.000 < n ≤ 5.000 thì lấy 12 mẫu;+ Nếu 1.000 < n ≤ 5.000 thì lấy 12 mẫu;+ Nếu 5.000 < n ≤ 10.000 thì lấy 18 mẫu;+ Nếu 5.000 < n ≤ 10.000 thì lấy 18 mẫu;+ Nếu 5.000 < n ≤ 10.000 thì lấy 18 mẫu;+ Nếu n > 10.000 thì lấy 24 mẫu.+ Nếu n > 10.000 thì lấy 24 mẫu.+ Nếu n > 10.000 thì lấy 24 mẫu.",8531.10.208531.10.208531.10.20
2.4.6.2.4.6.2.4.6.,Đầu báo cháy kiểu điểm sử dụng cảm biến cacbon monoxit kết hợp với cảm biến nhiệtĐầu báo cháy kiểu điểm sử dụng cảm biến cacbon monoxit kết hợp với cảm biến nhiệtĐầu báo cháy kiểu điểm sử dụng cảm biến cacbon monoxit kết hợp với cảm biến nhiệt,13. Định danh của các thiết bị sử dụng đường truyền vỏ tuyển (***)13. Định danh của các thiết bị sử dụng đường truyền vỏ tuyển (***)13. Định danh của các thiết bị sử dụng đường truyền vỏ tuyển (***),4.2.34.2.34.2.3TCVN 7568-25:2023TCVN 7568-25:2023TCVN 7568-25:2023,8.2.48.2.48.2.4TCVN 7568-25:2023TCVN 7568-25:2023TCVN 7568-25:2023,"Mẫu được lấy ngẫu nhiên tại lô phương tiện, số lượng mẫu được lấy phụ thuộc vào số lượng phương tiện trong lô (n), cụ thể như sau:Mẫu được lấy ngẫu nhiên tại lô phương tiện, số lượng mẫu được lấy phụ thuộc vào số lượng phương tiện trong lô (n), cụ thể như sau:Mẫu được lấy ngẫu nhiên tại lô phương tiện, số lượng mẫu được lấy phụ thuộc vào số lượng phương tiện trong lô (n), cụ thể như sau:- Thử nghiệm lô lần đầu:- Thử nghiệm lô lần đầu:- Thử nghiệm lô lần đầu:+ Nếu n ≤ 1.000 thì lấy 07 mẫu;+ Nếu n ≤ 1.000 thì lấy 07 mẫu;+ Nếu n ≤ 1.000 thì lấy 07 mẫu;+ Nếu 1.000 < n ≤ 5.000 thì lấy 14 mẫu;+ Nếu 1.000 < n ≤ 5.000 thì lấy 14 mẫu;+ Nếu 1.000 < n ≤ 5.000 thì lấy 14 mẫu;+ Nếu 5.000 < n ≤ 10.000 thì lấy 21 mẫu;+ Nếu 5.000 < n ≤ 10.000 thì lấy 21 mẫu;+ Nếu 5.000 < n ≤ 10.000 thì lấy 21 mẫu;+ Nếu n > 10.000 thì lấy 28 mẫu.+ Nếu n > 10.000 thì lấy 28 mẫu.+ Nếu n > 10.000 thì lấy 28 mẫu.- Thử nghiệm lô lần kế tiếp:- Thử nghiệm lô lần kế tiếp:- Thử nghiệm lô lần kế tiếp:+ Nếu n ≤ 1.000 thì lấy 06 mẫu;+ Nếu n ≤ 1.000 thì lấy 06 mẫu;+ Nếu n ≤ 1.000 thì lấy 06 mẫu;+ Nếu 1.000 < n ≤ 5.000 thì lấy 12 mẫu;+ Nếu 1.000 < n ≤ 5.000 thì lấy 12 mẫu;+ Nếu 1.000 < n ≤ 5.000 thì lấy 12 mẫu;+ Nếu 5.000 < n ≤ 10.000 thì lấy 18 mẫu;+ Nếu 5.000 < n ≤ 10.000 thì lấy 18 mẫu;+ Nếu 5.000 < n ≤ 10.000 thì lấy 18 mẫu;+ Nếu n > 10.000 thì lấy 24 mẫu.+ Nếu n > 10.000 thì lấy 24 mẫu.+ Nếu n > 10.000 thì lấy 24 mẫu.",8531.10.208531.10.208531.10.20
2.4.6.2.4.6.2.4.6.,Đầu báo cháy kiểu điểm sử dụng cảm biến cacbon monoxit kết hợp với cảm biến nhiệtĐầu báo cháy kiểu điểm sử dụng cảm biến cacbon monoxit kết hợp với cảm biến nhiệtĐầu báo cháy kiểu điểm sử dụng cảm biến cacbon monoxit kết hợp với cảm biến nhiệt,14. Ăng ten (***)14. Ăng ten (***)14. Ăng ten (***),4.2.74.2.74.2.7TCVN 7568-25:2023TCVN 7568-25:2023TCVN 7568-25:2023,8.2.98.2.98.2.9TCVN 7568-25:2023TCVN 7568-25:2023TCVN 7568-25:2023,"Mẫu được lấy ngẫu nhiên tại lô phương tiện, số lượng mẫu được lấy phụ thuộc vào số lượng phương tiện trong lô (n), cụ thể như sau:Mẫu được lấy ngẫu nhiên tại lô phương tiện, số lượng mẫu được lấy phụ thuộc vào số lượng phương tiện trong lô (n), cụ thể như sau:Mẫu được lấy ngẫu nhiên tại lô phương tiện, số lượng mẫu được lấy phụ thuộc vào số lượng phương tiện trong lô (n), cụ thể như sau:- Thử nghiệm lô lần đầu:- Thử nghiệm lô lần đầu:- Thử nghiệm lô lần đầu:+ Nếu n ≤ 1.000 thì lấy 07 mẫu;+ Nếu n ≤ 1.000 thì lấy 07 mẫu;+ Nếu n ≤ 1.000 thì lấy 07 mẫu;+ Nếu 1.000 < n ≤ 5.000 thì lấy 14 mẫu;+ Nếu 1.000 < n ≤ 5.000 thì lấy 14 mẫu;+ Nếu 1.000 < n ≤ 5.000 thì lấy 14 mẫu;+ Nếu 5.000 < n ≤ 10.000 thì lấy 21 mẫu;+ Nếu 5.000 < n ≤ 10.000 thì lấy 21 mẫu;+ Nếu 5.000 < n ≤ 10.000 thì lấy 21 mẫu;+ Nếu n > 10.000 thì lấy 28 mẫu.+ Nếu n > 10.000 thì lấy 28 mẫu.+ Nếu n > 10.000 thì lấy 28 mẫu.- Thử nghiệm lô lần kế tiếp:- Thử nghiệm lô lần kế tiếp:- Thử nghiệm lô lần kế tiếp:+ Nếu n ≤ 1.000 thì lấy 06 mẫu;+ Nếu n ≤ 1.000 thì lấy 06 mẫu;+ Nếu n ≤ 1.000 thì lấy 06 mẫu;+ Nếu 1.000 < n ≤ 5.000 thì lấy 12 mẫu;+ Nếu 1.000 < n ≤ 5.000 thì lấy 12 mẫu;+ Nếu 1.000 < n ≤ 5.000 thì lấy 12 mẫu;+ Nếu 5.000 < n ≤ 10.000 thì lấy 18 mẫu;+ Nếu 5.000 < n ≤ 10.000 thì lấy 18 mẫu;+ Nếu 5.000 < n ≤ 10.000 thì lấy 18 mẫu;+ Nếu n > 10.000 thì lấy 24 mẫu.+ Nếu n > 10.000 thì lấy 24 mẫu.+ Nếu n > 10.000 thì lấy 24 mẫu.",8531.10.208531.10.208531.10.20
2.4.6.2.4.6.2.4.6.,Đầu báo cháy kiểu điểm sử dụng cảm biến cacbon monoxit kết hợp với cảm biến nhiệtĐầu báo cháy kiểu điểm sử dụng cảm biến cacbon monoxit kết hợp với cảm biến nhiệtĐầu báo cháy kiểu điểm sử dụng cảm biến cacbon monoxit kết hợp với cảm biến nhiệt,15. Tuổi thọ nguồn độc lập (***)15. Tuổi thọ nguồn độc lập (***)15. Tuổi thọ nguồn độc lập (***),5.3.25.3.25.3.2TCVN 7568-25:2023TCVN 7568-25:2023TCVN 7568-25:2023,8.3.38.3.38.3.3TCVN 7568-25:2023TCVN 7568-25:2023TCVN 7568-25:2023,"Mẫu được lấy ngẫu nhiên tại lô phương tiện, số lượng mẫu được lấy phụ thuộc vào số lượng phương tiện trong lô (n), cụ thể như sau:Mẫu được lấy ngẫu nhiên tại lô phương tiện, số lượng mẫu được lấy phụ thuộc vào số lượng phương tiện trong lô (n), cụ thể như sau:Mẫu được lấy ngẫu nhiên tại lô phương tiện, số lượng mẫu được lấy phụ thuộc vào số lượng phương tiện trong lô (n), cụ thể như sau:- Thử nghiệm lô lần đầu:- Thử nghiệm lô lần đầu:- Thử nghiệm lô lần đầu:+ Nếu n ≤ 1.000 thì lấy 07 mẫu;+ Nếu n ≤ 1.000 thì lấy 07 mẫu;+ Nếu n ≤ 1.000 thì lấy 07 mẫu;+ Nếu 1.000 < n ≤ 5.000 thì lấy 14 mẫu;+ Nếu 1.000 < n ≤ 5.000 thì lấy 14 mẫu;+ Nếu 1.000 < n ≤ 5.000 thì lấy 14 mẫu;+ Nếu 5.000 < n ≤ 10.000 thì lấy 21 mẫu;+ Nếu 5.000 < n ≤ 10.000 thì lấy 21 mẫu;+ Nếu 5.000 < n ≤ 10.000 thì lấy 21 mẫu;+ Nếu n > 10.000 thì lấy 28 mẫu.+ Nếu n > 10.000 thì lấy 28 mẫu.+ Nếu n > 10.000 thì lấy 28 mẫu.- Thử nghiệm lô lần kế tiếp:- Thử nghiệm lô lần kế tiếp:- Thử nghiệm lô lần kế tiếp:+ Nếu n ≤ 1.000 thì lấy 06 mẫu;+ Nếu n ≤ 1.000 thì lấy 06 mẫu;+ Nếu n ≤ 1.000 thì lấy 06 mẫu;+ Nếu 1.000 < n ≤ 5.000 thì lấy 12 mẫu;+ Nếu 1.000 < n ≤ 5.000 thì lấy 12 mẫu;+ Nếu 1.000 < n ≤ 5.000 thì lấy 12 mẫu;+ Nếu 5.000 < n ≤ 10.000 thì lấy 18 mẫu;+ Nếu 5.000 < n ≤ 10.000 thì lấy 18 mẫu;+ Nếu 5.000 < n ≤ 10.000 thì lấy 18 mẫu;+ Nếu n > 10.000 thì lấy 24 mẫu.+ Nếu n > 10.000 thì lấy 24 mẫu.+ Nếu n > 10.000 thì lấy 24 mẫu.",8531.10.208531.10.208531.10.20
2.4.6.2.4.6.2.4.6.,Đầu báo cháy kiểu điểm sử dụng cảm biến cacbon monoxit kết hợp với cảm biến nhiệtĐầu báo cháy kiểu điểm sử dụng cảm biến cacbon monoxit kết hợp với cảm biến nhiệtĐầu báo cháy kiểu điểm sử dụng cảm biến cacbon monoxit kết hợp với cảm biến nhiệt,16. Xuyên nhiễu giữa các hệ thống của cùng một nhà sản xuất (***)16. Xuyên nhiễu giữa các hệ thống của cùng một nhà sản xuất (***)16. Xuyên nhiễu giữa các hệ thống của cùng một nhà sản xuất (***),4.2.5.24.2.5.24.2.5.2TCVN 7568-25:2023TCVN 7568-25:2023TCVN 7568-25:2023,8.2.68.2.68.2.6TCVN 7568-25:2023TCVN 7568-25:2023TCVN 7568-25:2023,"Mẫu được lấy ngẫu nhiên tại lô phương tiện, số lượng mẫu được lấy phụ thuộc vào số lượng phương tiện trong lô (n), cụ thể như sau:Mẫu được lấy ngẫu nhiên tại lô phương tiện, số lượng mẫu được lấy phụ thuộc vào số lượng phương tiện trong lô (n), cụ thể như sau:Mẫu được lấy ngẫu nhiên tại lô phương tiện, số lượng mẫu được lấy phụ thuộc vào số lượng phương tiện trong lô (n), cụ thể như sau:- Thử nghiệm lô lần đầu:- Thử nghiệm lô lần đầu:- Thử nghiệm lô lần đầu:+ Nếu n ≤ 1.000 thì lấy 07 mẫu;+ Nếu n ≤ 1.000 thì lấy 07 mẫu;+ Nếu n ≤ 1.000 thì lấy 07 mẫu;+ Nếu 1.000 < n ≤ 5.000 thì lấy 14 mẫu;+ Nếu 1.000 < n ≤ 5.000 thì lấy 14 mẫu;+ Nếu 1.000 < n ≤ 5.000 thì lấy 14 mẫu;+ Nếu 5.000 < n ≤ 10.000 thì lấy 21 mẫu;+ Nếu 5.000 < n ≤ 10.000 thì lấy 21 mẫu;+ Nếu 5.000 < n ≤ 10.000 thì lấy 21 mẫu;+ Nếu n > 10.000 thì lấy 28 mẫu.+ Nếu n > 10.000 thì lấy 28 mẫu.+ Nếu n > 10.000 thì lấy 28 mẫu.- Thử nghiệm lô lần kế tiếp:- Thử nghiệm lô lần kế tiếp:- Thử nghiệm lô lần kế tiếp:+ Nếu n ≤ 1.000 thì lấy 06 mẫu;+ Nếu n ≤ 1.000 thì lấy 06 mẫu;+ Nếu n ≤ 1.000 thì lấy 06 mẫu;+ Nếu 1.000 < n ≤ 5.000 thì lấy 12 mẫu;+ Nếu 1.000 < n ≤ 5.000 thì lấy 12 mẫu;+ Nếu 1.000 < n ≤ 5.000 thì lấy 12 mẫu;+ Nếu 5.000 < n ≤ 10.000 thì lấy 18 mẫu;+ Nếu 5.000 < n ≤ 10.000 thì lấy 18 mẫu;+ Nếu 5.000 < n ≤ 10.000 thì lấy 18 mẫu;+ Nếu n > 10.000 thì lấy 24 mẫu.+ Nếu n > 10.000 thì lấy 24 mẫu.+ Nếu n > 10.000 thì lấy 24 mẫu.",8531.10.208531.10.208531.10.20
2.4.7.2.4.7.2.4.7.,Đầu báo cháy kiểu điểm sử dụng cảm biến khói và cảm biến nhiệtĐầu báo cháy kiểu điểm sử dụng cảm biến khói và cảm biến nhiệtĐầu báo cháy kiểu điểm sử dụng cảm biến khói và cảm biến nhiệt,1. Khả năng lặp lại của kích hoạt khói1. Khả năng lặp lại của kích hoạt khói1. Khả năng lặp lại của kích hoạt khói,5.2.35.2.35.2.3TCVN 7568-15:2015TCVN 7568-15:2015TCVN 7568-15:2015,5.2.25.2.25.2.2TCVN 7568-15:2015TCVN 7568-15:2015TCVN 7568-15:2015,"Mẫu được lấy ngẫu nhiên tại lô phương tiện, số lượng mẫu được lấy phụ thuộc vào số lượng phương tiện trong lô (n), cụ thể như sau:Mẫu được lấy ngẫu nhiên tại lô phương tiện, số lượng mẫu được lấy phụ thuộc vào số lượng phương tiện trong lô (n), cụ thể như sau:Mẫu được lấy ngẫu nhiên tại lô phương tiện, số lượng mẫu được lấy phụ thuộc vào số lượng phương tiện trong lô (n), cụ thể như sau:- Thử nghiệm lô lần đầu:- Thử nghiệm lô lần đầu:- Thử nghiệm lô lần đầu:+ Nếu n ≤ 1.000 thì lấy 16 mẫu;+ Nếu n ≤ 1.000 thì lấy 16 mẫu;+ Nếu n ≤ 1.000 thì lấy 16 mẫu;+ Nếu 1.000 < n ≤ 5.000 thì lấy 32 mẫu;+ Nếu 1.000 < n ≤ 5.000 thì lấy 32 mẫu;+ Nếu 1.000 < n ≤ 5.000 thì lấy 32 mẫu;+ Nếu 5.000 < n ≤ 10.000 thì lấy 48 mẫu;+ Nếu 5.000 < n ≤ 10.000 thì lấy 48 mẫu;+ Nếu 5.000 < n ≤ 10.000 thì lấy 48 mẫu;+ Nếu n > 10.000 thì lấy 64 mẫu.+ Nếu n > 10.000 thì lấy 64 mẫu.+ Nếu n > 10.000 thì lấy 64 mẫu.- Thử nghiệm lô lần kế tiếp:- Thử nghiệm lô lần kế tiếp:- Thử nghiệm lô lần kế tiếp:+ Nếu n ≤ 1.000 thì lấy 13 mẫu;+ Nếu n ≤ 1.000 thì lấy 13 mẫu;+ Nếu n ≤ 1.000 thì lấy 13 mẫu;+ Nếu 1.000 < n ≤ 5.000 thì lấy 26 mẫu;+ Nếu 1.000 < n ≤ 5.000 thì lấy 26 mẫu;+ Nếu 1.000 < n ≤ 5.000 thì lấy 26 mẫu;+ Nếu 5.000 < n ≤ 10.000 thì lấy 39 mẫu;+ Nếu 5.000 < n ≤ 10.000 thì lấy 39 mẫu;+ Nếu 5.000 < n ≤ 10.000 thì lấy 39 mẫu;+ Nếu n > 10.000 thì lấy 52 mẫu.+ Nếu n > 10.000 thì lấy 52 mẫu.+ Nếu n > 10.000 thì lấy 52 mẫu.",8531.10.208531.10.208531.10.20
2.4.7.2.4.7.2.4.7.,Đầu báo cháy kiểu điểm sử dụng cảm biến khói và cảm biến nhiệtĐầu báo cháy kiểu điểm sử dụng cảm biến khói và cảm biến nhiệtĐầu báo cháy kiểu điểm sử dụng cảm biến khói và cảm biến nhiệt,2. Sự phụ thuộc vào hướng của kích hoạt khói2. Sự phụ thuộc vào hướng của kích hoạt khói2. Sự phụ thuộc vào hướng của kích hoạt khói,5.3.35.3.35.3.3TCVN 7568-15:2015TCVN 7568-15:2015TCVN 7568-15:2015,5.3.25.3.25.3.2TCVN 7568-15:2015TCVN 7568-15:2015TCVN 7568-15:2015,"Mẫu được lấy ngẫu nhiên tại lô phương tiện, số lượng mẫu được lấy phụ thuộc vào số lượng phương tiện trong lô (n), cụ thể như sau:Mẫu được lấy ngẫu nhiên tại lô phương tiện, số lượng mẫu được lấy phụ thuộc vào số lượng phương tiện trong lô (n), cụ thể như sau:Mẫu được lấy ngẫu nhiên tại lô phương tiện, số lượng mẫu được lấy phụ thuộc vào số lượng phương tiện trong lô (n), cụ thể như sau:- Thử nghiệm lô lần đầu:- Thử nghiệm lô lần đầu:- Thử nghiệm lô lần đầu:+ Nếu n ≤ 1.000 thì lấy 16 mẫu;+ Nếu n ≤ 1.000 thì lấy 16 mẫu;+ Nếu n ≤ 1.000 thì lấy 16 mẫu;+ Nếu 1.000 < n ≤ 5.000 thì lấy 32 mẫu;+ Nếu 1.000 < n ≤ 5.000 thì lấy 32 mẫu;+ Nếu 1.000 < n ≤ 5.000 thì lấy 32 mẫu;+ Nếu 5.000 < n ≤ 10.000 thì lấy 48 mẫu;+ Nếu 5.000 < n ≤ 10.000 thì lấy 48 mẫu;+ Nếu 5.000 < n ≤ 10.000 thì lấy 48 mẫu;+ Nếu n > 10.000 thì lấy 64 mẫu.+ Nếu n > 10.000 thì lấy 64 mẫu.+ Nếu n > 10.000 thì lấy 64 mẫu.- Thử nghiệm lô lần kế tiếp:- Thử nghiệm lô lần kế tiếp:- Thử nghiệm lô lần kế tiếp:+ Nếu n ≤ 1.000 thì lấy 13 mẫu;+ Nếu n ≤ 1.000 thì lấy 13 mẫu;+ Nếu n ≤ 1.000 thì lấy 13 mẫu;+ Nếu 1.000 < n ≤ 5.000 thì lấy 26 mẫu;+ Nếu 1.000 < n ≤ 5.000 thì lấy 26 mẫu;+ Nếu 1.000 < n ≤ 5.000 thì lấy 26 mẫu;+ Nếu 5.000 < n ≤ 10.000 thì lấy 39 mẫu;+ Nếu 5.000 < n ≤ 10.000 thì lấy 39 mẫu;+ Nếu 5.000 < n ≤ 10.000 thì lấy 39 mẫu;+ Nếu n > 10.000 thì lấy 52 mẫu.+ Nếu n > 10.000 thì lấy 52 mẫu.+ Nếu n > 10.000 thì lấy 52 mẫu.",8531.10.208531.10.208531.10.20
2.4.7.2.4.7.2.4.7.,Đầu báo cháy kiểu điểm sử dụng cảm biến khói và cảm biến nhiệtĐầu báo cháy kiểu điểm sử dụng cảm biến khói và cảm biến nhiệtĐầu báo cháy kiểu điểm sử dụng cảm biến khói và cảm biến nhiệt,3. Sự phụ thuộc vào hướng của kích hoạt nhiệt3. Sự phụ thuộc vào hướng của kích hoạt nhiệt3. Sự phụ thuộc vào hướng của kích hoạt nhiệt,5.4.35.4.35.4.3TCVN 7568-15:2015TCVN 7568-15:2015TCVN 7568-15:2015,5.4.25.4.25.4.2TCVN 7568-15:2015TCVN 7568-15:2015TCVN 7568-15:2015,"Mẫu được lấy ngẫu nhiên tại lô phương tiện, số lượng mẫu được lấy phụ thuộc vào số lượng phương tiện trong lô (n), cụ thể như sau:Mẫu được lấy ngẫu nhiên tại lô phương tiện, số lượng mẫu được lấy phụ thuộc vào số lượng phương tiện trong lô (n), cụ thể như sau:Mẫu được lấy ngẫu nhiên tại lô phương tiện, số lượng mẫu được lấy phụ thuộc vào số lượng phương tiện trong lô (n), cụ thể như sau:- Thử nghiệm lô lần đầu:- Thử nghiệm lô lần đầu:- Thử nghiệm lô lần đầu:+ Nếu n ≤ 1.000 thì lấy 16 mẫu;+ Nếu n ≤ 1.000 thì lấy 16 mẫu;+ Nếu n ≤ 1.000 thì lấy 16 mẫu;+ Nếu 1.000 < n ≤ 5.000 thì lấy 32 mẫu;+ Nếu 1.000 < n ≤ 5.000 thì lấy 32 mẫu;+ Nếu 1.000 < n ≤ 5.000 thì lấy 32 mẫu;+ Nếu 5.000 < n ≤ 10.000 thì lấy 48 mẫu;+ Nếu 5.000 < n ≤ 10.000 thì lấy 48 mẫu;+ Nếu 5.000 < n ≤ 10.000 thì lấy 48 mẫu;+ Nếu n > 10.000 thì lấy 64 mẫu.+ Nếu n > 10.000 thì lấy 64 mẫu.+ Nếu n > 10.000 thì lấy 64 mẫu.- Thử nghiệm lô lần kế tiếp:- Thử nghiệm lô lần kế tiếp:- Thử nghiệm lô lần kế tiếp:+ Nếu n ≤ 1.000 thì lấy 13 mẫu;+ Nếu n ≤ 1.000 thì lấy 13 mẫu;+ Nếu n ≤ 1.000 thì lấy 13 mẫu;+ Nếu 1.000 < n ≤ 5.000 thì lấy 26 mẫu;+ Nếu 1.000 < n ≤ 5.000 thì lấy 26 mẫu;+ Nếu 1.000 < n ≤ 5.000 thì lấy 26 mẫu;+ Nếu 5.000 < n ≤ 10.000 thì lấy 39 mẫu;+ Nếu 5.000 < n ≤ 10.000 thì lấy 39 mẫu;+ Nếu 5.000 < n ≤ 10.000 thì lấy 39 mẫu;+ Nếu n > 10.000 thì lấy 52 mẫu.+ Nếu n > 10.000 thì lấy 52 mẫu.+ Nếu n > 10.000 thì lấy 52 mẫu.",8531.10.208531.10.208531.10.20
2.4.7.2.4.7.2.4.7.,Đầu báo cháy kiểu điểm sử dụng cảm biến khói và cảm biến nhiệtĐầu báo cháy kiểu điểm sử dụng cảm biến khói và cảm biến nhiệtĐầu báo cháy kiểu điểm sử dụng cảm biến khói và cảm biến nhiệt,4. Tính tái tạo lại của kích hoạt khói4. Tính tái tạo lại của kích hoạt khói4. Tính tái tạo lại của kích hoạt khói,5.5.35.5.35.5.3TCVN 7568-15:2015TCVN 7568-15:2015TCVN 7568-15:2015,5.5.25.5.25.5.2TCVN 7568-15:2015TCVN 7568-15:2015TCVN 7568-15:2015,"Mẫu được lấy ngẫu nhiên tại lô phương tiện, số lượng mẫu được lấy phụ thuộc vào số lượng phương tiện trong lô (n), cụ thể như sau:Mẫu được lấy ngẫu nhiên tại lô phương tiện, số lượng mẫu được lấy phụ thuộc vào số lượng phương tiện trong lô (n), cụ thể như sau:Mẫu được lấy ngẫu nhiên tại lô phương tiện, số lượng mẫu được lấy phụ thuộc vào số lượng phương tiện trong lô (n), cụ thể như sau:- Thử nghiệm lô lần đầu:- Thử nghiệm lô lần đầu:- Thử nghiệm lô lần đầu:+ Nếu n ≤ 1.000 thì lấy 16 mẫu;+ Nếu n ≤ 1.000 thì lấy 16 mẫu;+ Nếu n ≤ 1.000 thì lấy 16 mẫu;+ Nếu 1.000 < n ≤ 5.000 thì lấy 32 mẫu;+ Nếu 1.000 < n ≤ 5.000 thì lấy 32 mẫu;+ Nếu 1.000 < n ≤ 5.000 thì lấy 32 mẫu;+ Nếu 5.000 < n ≤ 10.000 thì lấy 48 mẫu;+ Nếu 5.000 < n ≤ 10.000 thì lấy 48 mẫu;+ Nếu 5.000 < n ≤ 10.000 thì lấy 48 mẫu;+ Nếu n > 10.000 thì lấy 64 mẫu.+ Nếu n > 10.000 thì lấy 64 mẫu.+ Nếu n > 10.000 thì lấy 64 mẫu.- Thử nghiệm lô lần kế tiếp:- Thử nghiệm lô lần kế tiếp:- Thử nghiệm lô lần kế tiếp:+ Nếu n ≤ 1.000 thì lấy 13 mẫu;+ Nếu n ≤ 1.000 thì lấy 13 mẫu;+ Nếu n ≤ 1.000 thì lấy 13 mẫu;+ Nếu 1.000 < n ≤ 5.000 thì lấy 26 mẫu;+ Nếu 1.000 < n ≤ 5.000 thì lấy 26 mẫu;+ Nếu 1.000 < n ≤ 5.000 thì lấy 26 mẫu;+ Nếu 5.000 < n ≤ 10.000 thì lấy 39 mẫu;+ Nếu 5.000 < n ≤ 10.000 thì lấy 39 mẫu;+ Nếu 5.000 < n ≤ 10.000 thì lấy 39 mẫu;+ Nếu n > 10.000 thì lấy 52 mẫu.+ Nếu n > 10.000 thì lấy 52 mẫu.+ Nếu n > 10.000 thì lấy 52 mẫu.",8531.10.208531.10.208531.10.20
2.4.7.2.4.7.2.4.7.,Đầu báo cháy kiểu điểm sử dụng cảm biến khói và cảm biến nhiệtĐầu báo cháy kiểu điểm sử dụng cảm biến khói và cảm biến nhiệtĐầu báo cháy kiểu điểm sử dụng cảm biến khói và cảm biến nhiệt,5. Tính tái tạo lại của kích hoạt nhiệt5. Tính tái tạo lại của kích hoạt nhiệt5. Tính tái tạo lại của kích hoạt nhiệt,5.6.35.6.35.6.3TCVN 7568-15:2015TCVN 7568-15:2015TCVN 7568-15:2015,5.6.25.6.25.6.2TCVN 7568-15:2015TCVN 7568-15:2015TCVN 7568-15:2015,"Mẫu được lấy ngẫu nhiên tại lô phương tiện, số lượng mẫu được lấy phụ thuộc vào số lượng phương tiện trong lô (n), cụ thể như sau:Mẫu được lấy ngẫu nhiên tại lô phương tiện, số lượng mẫu được lấy phụ thuộc vào số lượng phương tiện trong lô (n), cụ thể như sau:Mẫu được lấy ngẫu nhiên tại lô phương tiện, số lượng mẫu được lấy phụ thuộc vào số lượng phương tiện trong lô (n), cụ thể như sau:- Thử nghiệm lô lần đầu:- Thử nghiệm lô lần đầu:- Thử nghiệm lô lần đầu:+ Nếu n ≤ 1.000 thì lấy 16 mẫu;+ Nếu n ≤ 1.000 thì lấy 16 mẫu;+ Nếu n ≤ 1.000 thì lấy 16 mẫu;+ Nếu 1.000 < n ≤ 5.000 thì lấy 32 mẫu;+ Nếu 1.000 < n ≤ 5.000 thì lấy 32 mẫu;+ Nếu 1.000 < n ≤ 5.000 thì lấy 32 mẫu;+ Nếu 5.000 < n ≤ 10.000 thì lấy 48 mẫu;+ Nếu 5.000 < n ≤ 10.000 thì lấy 48 mẫu;+ Nếu 5.000 < n ≤ 10.000 thì lấy 48 mẫu;+ Nếu n > 10.000 thì lấy 64 mẫu.+ Nếu n > 10.000 thì lấy 64 mẫu.+ Nếu n > 10.000 thì lấy 64 mẫu.- Thử nghiệm lô lần kế tiếp:- Thử nghiệm lô lần kế tiếp:- Thử nghiệm lô lần kế tiếp:+ Nếu n ≤ 1.000 thì lấy 13 mẫu;+ Nếu n ≤ 1.000 thì lấy 13 mẫu;+ Nếu n ≤ 1.000 thì lấy 13 mẫu;+ Nếu 1.000 < n ≤ 5.000 thì lấy 26 mẫu;+ Nếu 1.000 < n ≤ 5.000 thì lấy 26 mẫu;+ Nếu 1.000 < n ≤ 5.000 thì lấy 26 mẫu;+ Nếu 5.000 < n ≤ 10.000 thì lấy 39 mẫu;+ Nếu 5.000 < n ≤ 10.000 thì lấy 39 mẫu;+ Nếu 5.000 < n ≤ 10.000 thì lấy 39 mẫu;+ Nếu n > 10.000 thì lấy 52 mẫu.+ Nếu n > 10.000 thì lấy 52 mẫu.+ Nếu n > 10.000 thì lấy 52 mẫu.",8531.10.208531.10.208531.10.20
2.4.7.2.4.7.2.4.7.,Đầu báo cháy kiểu điểm sử dụng cảm biến khói và cảm biến nhiệtĐầu báo cháy kiểu điểm sử dụng cảm biến khói và cảm biến nhiệtĐầu báo cháy kiểu điểm sử dụng cảm biến khói và cảm biến nhiệt,6. Giới hạn dưới của kích hoạt nhiệt6. Giới hạn dưới của kích hoạt nhiệt6. Giới hạn dưới của kích hoạt nhiệt,5.7.35.7.35.7.3TCVN 7568-15:2015TCVN 7568-15:2015TCVN 7568-15:2015,5.7.25.7.25.7.2TCVN 7568-15:2015TCVN 7568-15:2015TCVN 7568-15:2015,"Mẫu được lấy ngẫu nhiên tại lô phương tiện, số lượng mẫu được lấy phụ thuộc vào số lượng phương tiện trong lô (n), cụ thể như sau:Mẫu được lấy ngẫu nhiên tại lô phương tiện, số lượng mẫu được lấy phụ thuộc vào số lượng phương tiện trong lô (n), cụ thể như sau:Mẫu được lấy ngẫu nhiên tại lô phương tiện, số lượng mẫu được lấy phụ thuộc vào số lượng phương tiện trong lô (n), cụ thể như sau:- Thử nghiệm lô lần đầu:- Thử nghiệm lô lần đầu:- Thử nghiệm lô lần đầu:+ Nếu n ≤ 1.000 thì lấy 16 mẫu;+ Nếu n ≤ 1.000 thì lấy 16 mẫu;+ Nếu n ≤ 1.000 thì lấy 16 mẫu;+ Nếu 1.000 < n ≤ 5.000 thì lấy 32 mẫu;+ Nếu 1.000 < n ≤ 5.000 thì lấy 32 mẫu;+ Nếu 1.000 < n ≤ 5.000 thì lấy 32 mẫu;+ Nếu 5.000 < n ≤ 10.000 thì lấy 48 mẫu;+ Nếu 5.000 < n ≤ 10.000 thì lấy 48 mẫu;+ Nếu 5.000 < n ≤ 10.000 thì lấy 48 mẫu;+ Nếu n > 10.000 thì lấy 64 mẫu.+ Nếu n > 10.000 thì lấy 64 mẫu.+ Nếu n > 10.000 thì lấy 64 mẫu.- Thử nghiệm lô lần kế tiếp:- Thử nghiệm lô lần kế tiếp:- Thử nghiệm lô lần kế tiếp:+ Nếu n ≤ 1.000 thì lấy 13 mẫu;+ Nếu n ≤ 1.000 thì lấy 13 mẫu;+ Nếu n ≤ 1.000 thì lấy 13 mẫu;+ Nếu 1.000 < n ≤ 5.000 thì lấy 26 mẫu;+ Nếu 1.000 < n ≤ 5.000 thì lấy 26 mẫu;+ Nếu 1.000 < n ≤ 5.000 thì lấy 26 mẫu;+ Nếu 5.000 < n ≤ 10.000 thì lấy 39 mẫu;+ Nếu 5.000 < n ≤ 10.000 thì lấy 39 mẫu;+ Nếu 5.000 < n ≤ 10.000 thì lấy 39 mẫu;+ Nếu n > 10.000 thì lấy 52 mẫu.+ Nếu n > 10.000 thì lấy 52 mẫu.+ Nếu n > 10.000 thì lấy 52 mẫu.",8531.10.208531.10.208531.10.20
2.4.7.2.4.7.2.4.7.,Đầu báo cháy kiểu điểm sử dụng cảm biến khói và cảm biến nhiệtĐầu báo cháy kiểu điểm sử dụng cảm biến khói và cảm biến nhiệtĐầu báo cháy kiểu điểm sử dụng cảm biến khói và cảm biến nhiệt,7. Chuyển động của không khí7. Chuyển động của không khí7. Chuyển động của không khí,5.8.35.8.35.8.3TCVN 7568-15:2015TCVN 7568-15:2015TCVN 7568-15:2015,5.8.25.8.25.8.2TCVN 7568-15:2015TCVN 7568-15:2015TCVN 7568-15:2015,"Mẫu được lấy ngẫu nhiên tại lô phương tiện, số lượng mẫu được lấy phụ thuộc vào số lượng phương tiện trong lô (n), cụ thể như sau:Mẫu được lấy ngẫu nhiên tại lô phương tiện, số lượng mẫu được lấy phụ thuộc vào số lượng phương tiện trong lô (n), cụ thể như sau:Mẫu được lấy ngẫu nhiên tại lô phương tiện, số lượng mẫu được lấy phụ thuộc vào số lượng phương tiện trong lô (n), cụ thể như sau:- Thử nghiệm lô lần đầu:- Thử nghiệm lô lần đầu:- Thử nghiệm lô lần đầu:+ Nếu n ≤ 1.000 thì lấy 16 mẫu;+ Nếu n ≤ 1.000 thì lấy 16 mẫu;+ Nếu n ≤ 1.000 thì lấy 16 mẫu;+ Nếu 1.000 < n ≤ 5.000 thì lấy 32 mẫu;+ Nếu 1.000 < n ≤ 5.000 thì lấy 32 mẫu;+ Nếu 1.000 < n ≤ 5.000 thì lấy 32 mẫu;+ Nếu 5.000 < n ≤ 10.000 thì lấy 48 mẫu;+ Nếu 5.000 < n ≤ 10.000 thì lấy 48 mẫu;+ Nếu 5.000 < n ≤ 10.000 thì lấy 48 mẫu;+ Nếu n > 10.000 thì lấy 64 mẫu.+ Nếu n > 10.000 thì lấy 64 mẫu.+ Nếu n > 10.000 thì lấy 64 mẫu.- Thử nghiệm lô lần kế tiếp:- Thử nghiệm lô lần kế tiếp:- Thử nghiệm lô lần kế tiếp:+ Nếu n ≤ 1.000 thì lấy 13 mẫu;+ Nếu n ≤ 1.000 thì lấy 13 mẫu;+ Nếu n ≤ 1.000 thì lấy 13 mẫu;+ Nếu 1.000 < n ≤ 5.000 thì lấy 26 mẫu;+ Nếu 1.000 < n ≤ 5.000 thì lấy 26 mẫu;+ Nếu 1.000 < n ≤ 5.000 thì lấy 26 mẫu;+ Nếu 5.000 < n ≤ 10.000 thì lấy 39 mẫu;+ Nếu 5.000 < n ≤ 10.000 thì lấy 39 mẫu;+ Nếu 5.000 < n ≤ 10.000 thì lấy 39 mẫu;+ Nếu n > 10.000 thì lấy 52 mẫu.+ Nếu n > 10.000 thì lấy 52 mẫu.+ Nếu n > 10.000 thì lấy 52 mẫu.",8531.10.208531.10.208531.10.20
2.4.7.2.4.7.2.4.7.,Đầu báo cháy kiểu điểm sử dụng cảm biến khói và cảm biến nhiệtĐầu báo cháy kiểu điểm sử dụng cảm biến khói và cảm biến nhiệtĐầu báo cháy kiểu điểm sử dụng cảm biến khói và cảm biến nhiệt,8. Sự lóa mắt8. Sự lóa mắt8. Sự lóa mắt,5.9.35.9.35.9.3TCVN 7568-15:2015TCVN 7568-15:2015TCVN 7568-15:2015,5.9.25.9.25.9.2TCVN 7568-15:2015TCVN 7568-15:2015TCVN 7568-15:2015,"Mẫu được lấy ngẫu nhiên tại lô phương tiện, số lượng mẫu được lấy phụ thuộc vào số lượng phương tiện trong lô (n), cụ thể như sau:Mẫu được lấy ngẫu nhiên tại lô phương tiện, số lượng mẫu được lấy phụ thuộc vào số lượng phương tiện trong lô (n), cụ thể như sau:Mẫu được lấy ngẫu nhiên tại lô phương tiện, số lượng mẫu được lấy phụ thuộc vào số lượng phương tiện trong lô (n), cụ thể như sau:- Thử nghiệm lô lần đầu:- Thử nghiệm lô lần đầu:- Thử nghiệm lô lần đầu:+ Nếu n ≤ 1.000 thì lấy 16 mẫu;+ Nếu n ≤ 1.000 thì lấy 16 mẫu;+ Nếu n ≤ 1.000 thì lấy 16 mẫu;+ Nếu 1.000 < n ≤ 5.000 thì lấy 32 mẫu;+ Nếu 1.000 < n ≤ 5.000 thì lấy 32 mẫu;+ Nếu 1.000 < n ≤ 5.000 thì lấy 32 mẫu;+ Nếu 5.000 < n ≤ 10.000 thì lấy 48 mẫu;+ Nếu 5.000 < n ≤ 10.000 thì lấy 48 mẫu;+ Nếu 5.000 < n ≤ 10.000 thì lấy 48 mẫu;+ Nếu n > 10.000 thì lấy 64 mẫu.+ Nếu n > 10.000 thì lấy 64 mẫu.+ Nếu n > 10.000 thì lấy 64 mẫu.- Thử nghiệm lô lần kế tiếp:- Thử nghiệm lô lần kế tiếp:- Thử nghiệm lô lần kế tiếp:+ Nếu n ≤ 1.000 thì lấy 13 mẫu;+ Nếu n ≤ 1.000 thì lấy 13 mẫu;+ Nếu n ≤ 1.000 thì lấy 13 mẫu;+ Nếu 1.000 < n ≤ 5.000 thì lấy 26 mẫu;+ Nếu 1.000 < n ≤ 5.000 thì lấy 26 mẫu;+ Nếu 1.000 < n ≤ 5.000 thì lấy 26 mẫu;+ Nếu 5.000 < n ≤ 10.000 thì lấy 39 mẫu;+ Nếu 5.000 < n ≤ 10.000 thì lấy 39 mẫu;+ Nếu 5.000 < n ≤ 10.000 thì lấy 39 mẫu;+ Nếu n > 10.000 thì lấy 52 mẫu.+ Nếu n > 10.000 thì lấy 52 mẫu.+ Nếu n > 10.000 thì lấy 52 mẫu.",8531.10.208531.10.208531.10.20
2.4.7.2.4.7.2.4.7.,Đầu báo cháy kiểu điểm sử dụng cảm biến khói và cảm biến nhiệtĐầu báo cháy kiểu điểm sử dụng cảm biến khói và cảm biến nhiệtĐầu báo cháy kiểu điểm sử dụng cảm biến khói và cảm biến nhiệt,9. Biến đổi của các thông số cung cấp (điện áp)9. Biến đổi của các thông số cung cấp (điện áp)9. Biến đổi của các thông số cung cấp (điện áp),5.10.35.10.35.10.3TCVN 7568-15:2015TCVN 7568-15:2015TCVN 7568-15:2015,5.10.25.10.25.10.2TCVN 7568-15:2015TCVN 7568-15:2015TCVN 7568-15:2015,"Mẫu được lấy ngẫu nhiên tại lô phương tiện, số lượng mẫu được lấy phụ thuộc vào số lượng phương tiện trong lô (n), cụ thể như sau:Mẫu được lấy ngẫu nhiên tại lô phương tiện, số lượng mẫu được lấy phụ thuộc vào số lượng phương tiện trong lô (n), cụ thể như sau:Mẫu được lấy ngẫu nhiên tại lô phương tiện, số lượng mẫu được lấy phụ thuộc vào số lượng phương tiện trong lô (n), cụ thể như sau:- Thử nghiệm lô lần đầu:- Thử nghiệm lô lần đầu:- Thử nghiệm lô lần đầu:+ Nếu n ≤ 1.000 thì lấy 16 mẫu;+ Nếu n ≤ 1.000 thì lấy 16 mẫu;+ Nếu n ≤ 1.000 thì lấy 16 mẫu;+ Nếu 1.000 < n ≤ 5.000 thì lấy 32 mẫu;+ Nếu 1.000 < n ≤ 5.000 thì lấy 32 mẫu;+ Nếu 1.000 < n ≤ 5.000 thì lấy 32 mẫu;+ Nếu 5.000 < n ≤ 10.000 thì lấy 48 mẫu;+ Nếu 5.000 < n ≤ 10.000 thì lấy 48 mẫu;+ Nếu 5.000 < n ≤ 10.000 thì lấy 48 mẫu;+ Nếu n > 10.000 thì lấy 64 mẫu.+ Nếu n > 10.000 thì lấy 64 mẫu.+ Nếu n > 10.000 thì lấy 64 mẫu.- Thử nghiệm lô lần kế tiếp:- Thử nghiệm lô lần kế tiếp:- Thử nghiệm lô lần kế tiếp:+ Nếu n ≤ 1.000 thì lấy 13 mẫu;+ Nếu n ≤ 1.000 thì lấy 13 mẫu;+ Nếu n ≤ 1.000 thì lấy 13 mẫu;+ Nếu 1.000 < n ≤ 5.000 thì lấy 26 mẫu;+ Nếu 1.000 < n ≤ 5.000 thì lấy 26 mẫu;+ Nếu 1.000 < n ≤ 5.000 thì lấy 26 mẫu;+ Nếu 5.000 < n ≤ 10.000 thì lấy 39 mẫu;+ Nếu 5.000 < n ≤ 10.000 thì lấy 39 mẫu;+ Nếu 5.000 < n ≤ 10.000 thì lấy 39 mẫu;+ Nếu n > 10.000 thì lấy 52 mẫu.+ Nếu n > 10.000 thì lấy 52 mẫu.+ Nếu n > 10.000 thì lấy 52 mẫu.",8531.10.208531.10.208531.10.20
2.4.7.2.4.7.2.4.7.,Đầu báo cháy kiểu điểm sử dụng cảm biến khói và cảm biến nhiệtĐầu báo cháy kiểu điểm sử dụng cảm biến khói và cảm biến nhiệtĐầu báo cháy kiểu điểm sử dụng cảm biến khói và cảm biến nhiệt,10. Nóng khô (vận hành)10. Nóng khô (vận hành)10. Nóng khô (vận hành),5.11.35.11.35.11.3TCVN 7568-15:2015TCVN 7568-15:2015TCVN 7568-15:2015,5.11.25.11.25.11.2TCVN 7568-15:2015TCVN 7568-15:2015TCVN 7568-15:2015,"Mẫu được lấy ngẫu nhiên tại lô phương tiện, số lượng mẫu được lấy phụ thuộc vào số lượng phương tiện trong lô (n), cụ thể như sau:Mẫu được lấy ngẫu nhiên tại lô phương tiện, số lượng mẫu được lấy phụ thuộc vào số lượng phương tiện trong lô (n), cụ thể như sau:Mẫu được lấy ngẫu nhiên tại lô phương tiện, số lượng mẫu được lấy phụ thuộc vào số lượng phương tiện trong lô (n), cụ thể như sau:- Thử nghiệm lô lần đầu:- Thử nghiệm lô lần đầu:- Thử nghiệm lô lần đầu:+ Nếu n ≤ 1.000 thì lấy 16 mẫu;+ Nếu n ≤ 1.000 thì lấy 16 mẫu;+ Nếu n ≤ 1.000 thì lấy 16 mẫu;+ Nếu 1.000 < n ≤ 5.000 thì lấy 32 mẫu;+ Nếu 1.000 < n ≤ 5.000 thì lấy 32 mẫu;+ Nếu 1.000 < n ≤ 5.000 thì lấy 32 mẫu;+ Nếu 5.000 < n ≤ 10.000 thì lấy 48 mẫu;+ Nếu 5.000 < n ≤ 10.000 thì lấy 48 mẫu;+ Nếu 5.000 < n ≤ 10.000 thì lấy 48 mẫu;+ Nếu n > 10.000 thì lấy 64 mẫu.+ Nếu n > 10.000 thì lấy 64 mẫu.+ Nếu n > 10.000 thì lấy 64 mẫu.- Thử nghiệm lô lần kế tiếp:- Thử nghiệm lô lần kế tiếp:- Thử nghiệm lô lần kế tiếp:+ Nếu n ≤ 1.000 thì lấy 13 mẫu;+ Nếu n ≤ 1.000 thì lấy 13 mẫu;+ Nếu n ≤ 1.000 thì lấy 13 mẫu;+ Nếu 1.000 < n ≤ 5.000 thì lấy 26 mẫu;+ Nếu 1.000 < n ≤ 5.000 thì lấy 26 mẫu;+ Nếu 1.000 < n ≤ 5.000 thì lấy 26 mẫu;+ Nếu 5.000 < n ≤ 10.000 thì lấy 39 mẫu;+ Nếu 5.000 < n ≤ 10.000 thì lấy 39 mẫu;+ Nếu 5.000 < n ≤ 10.000 thì lấy 39 mẫu;+ Nếu n > 10.000 thì lấy 52 mẫu.+ Nếu n > 10.000 thì lấy 52 mẫu.+ Nếu n > 10.000 thì lấy 52 mẫu.",8531.10.208531.10.208531.10.20
2.4.7.2.4.7.2.4.7.,Đầu báo cháy kiểu điểm sử dụng cảm biến khói và cảm biến nhiệtĐầu báo cháy kiểu điểm sử dụng cảm biến khói và cảm biến nhiệtĐầu báo cháy kiểu điểm sử dụng cảm biến khói và cảm biến nhiệt,"11. Nóng ẩm, có chu kỳ (vận hành)11. Nóng ẩm, có chu kỳ (vận hành)11. Nóng ẩm, có chu kỳ (vận hành)",5.13.35.13.35.13.3TCVN 7568-15:2015TCVN 7568-15:2015TCVN 7568-15:2015,5.13.25.13.25.13.2TCVN 7568-15:2015TCVN 7568-15:2015TCVN 7568-15:2015,"Mẫu được lấy ngẫu nhiên tại lô phương tiện, số lượng mẫu được lấy phụ thuộc vào số lượng phương tiện trong lô (n), cụ thể như sau:Mẫu được lấy ngẫu nhiên tại lô phương tiện, số lượng mẫu được lấy phụ thuộc vào số lượng phương tiện trong lô (n), cụ thể như sau:Mẫu được lấy ngẫu nhiên tại lô phương tiện, số lượng mẫu được lấy phụ thuộc vào số lượng phương tiện trong lô (n), cụ thể như sau:- Thử nghiệm lô lần đầu:- Thử nghiệm lô lần đầu:- Thử nghiệm lô lần đầu:+ Nếu n ≤ 1.000 thì lấy 16 mẫu;+ Nếu n ≤ 1.000 thì lấy 16 mẫu;+ Nếu n ≤ 1.000 thì lấy 16 mẫu;+ Nếu 1.000 < n ≤ 5.000 thì lấy 32 mẫu;+ Nếu 1.000 < n ≤ 5.000 thì lấy 32 mẫu;+ Nếu 1.000 < n ≤ 5.000 thì lấy 32 mẫu;+ Nếu 5.000 < n ≤ 10.000 thì lấy 48 mẫu;+ Nếu 5.000 < n ≤ 10.000 thì lấy 48 mẫu;+ Nếu 5.000 < n ≤ 10.000 thì lấy 48 mẫu;+ Nếu n > 10.000 thì lấy 64 mẫu.+ Nếu n > 10.000 thì lấy 64 mẫu.+ Nếu n > 10.000 thì lấy 64 mẫu.- Thử nghiệm lô lần kế tiếp:- Thử nghiệm lô lần kế tiếp:- Thử nghiệm lô lần kế tiếp:+ Nếu n ≤ 1.000 thì lấy 13 mẫu;+ Nếu n ≤ 1.000 thì lấy 13 mẫu;+ Nếu n ≤ 1.000 thì lấy 13 mẫu;+ Nếu 1.000 < n ≤ 5.000 thì lấy 26 mẫu;+ Nếu 1.000 < n ≤ 5.000 thì lấy 26 mẫu;+ Nếu 1.000 < n ≤ 5.000 thì lấy 26 mẫu;+ Nếu 5.000 < n ≤ 10.000 thì lấy 39 mẫu;+ Nếu 5.000 < n ≤ 10.000 thì lấy 39 mẫu;+ Nếu 5.000 < n ≤ 10.000 thì lấy 39 mẫu;+ Nếu n > 10.000 thì lấy 52 mẫu.+ Nếu n > 10.000 thì lấy 52 mẫu.+ Nếu n > 10.000 thì lấy 52 mẫu.",8531.10.208531.10.208531.10.20
2.4.7.2.4.7.2.4.7.,Đầu báo cháy kiểu điểm sử dụng cảm biến khói và cảm biến nhiệtĐầu báo cháy kiểu điểm sử dụng cảm biến khói và cảm biến nhiệtĐầu báo cháy kiểu điểm sử dụng cảm biến khói và cảm biến nhiệt,"12. Nóng ẩm, trạng thái ổn định (khả năng chịu đựng) (*)12. Nóng ẩm, trạng thái ổn định (khả năng chịu đựng) (*)12. Nóng ẩm, trạng thái ổn định (khả năng chịu đựng) (*)",5.14.35.14.35.14.3TCVN 7568-15:2015TCVN 7568-15:2015TCVN 7568-15:2015,5.14.25.14.25.14.2TCVN 7568-15:2015TCVN 7568-15:2015TCVN 7568-15:2015,"Mẫu được lấy ngẫu nhiên tại lô phương tiện, số lượng mẫu được lấy phụ thuộc vào số lượng phương tiện trong lô (n), cụ thể như sau:Mẫu được lấy ngẫu nhiên tại lô phương tiện, số lượng mẫu được lấy phụ thuộc vào số lượng phương tiện trong lô (n), cụ thể như sau:Mẫu được lấy ngẫu nhiên tại lô phương tiện, số lượng mẫu được lấy phụ thuộc vào số lượng phương tiện trong lô (n), cụ thể như sau:- Thử nghiệm lô lần đầu:- Thử nghiệm lô lần đầu:- Thử nghiệm lô lần đầu:+ Nếu n ≤ 1.000 thì lấy 16 mẫu;+ Nếu n ≤ 1.000 thì lấy 16 mẫu;+ Nếu n ≤ 1.000 thì lấy 16 mẫu;+ Nếu 1.000 < n ≤ 5.000 thì lấy 32 mẫu;+ Nếu 1.000 < n ≤ 5.000 thì lấy 32 mẫu;+ Nếu 1.000 < n ≤ 5.000 thì lấy 32 mẫu;+ Nếu 5.000 < n ≤ 10.000 thì lấy 48 mẫu;+ Nếu 5.000 < n ≤ 10.000 thì lấy 48 mẫu;+ Nếu 5.000 < n ≤ 10.000 thì lấy 48 mẫu;+ Nếu n > 10.000 thì lấy 64 mẫu.+ Nếu n > 10.000 thì lấy 64 mẫu.+ Nếu n > 10.000 thì lấy 64 mẫu.- Thử nghiệm lô lần kế tiếp:- Thử nghiệm lô lần kế tiếp:- Thử nghiệm lô lần kế tiếp:+ Nếu n ≤ 1.000 thì lấy 13 mẫu;+ Nếu n ≤ 1.000 thì lấy 13 mẫu;+ Nếu n ≤ 1.000 thì lấy 13 mẫu;+ Nếu 1.000 < n ≤ 5.000 thì lấy 26 mẫu;+ Nếu 1.000 < n ≤ 5.000 thì lấy 26 mẫu;+ Nếu 1.000 < n ≤ 5.000 thì lấy 26 mẫu;+ Nếu 5.000 < n ≤ 10.000 thì lấy 39 mẫu;+ Nếu 5.000 < n ≤ 10.000 thì lấy 39 mẫu;+ Nếu 5.000 < n ≤ 10.000 thì lấy 39 mẫu;+ Nếu n > 10.000 thì lấy 52 mẫu.+ Nếu n > 10.000 thì lấy 52 mẫu.+ Nếu n > 10.000 thì lấy 52 mẫu.",8531.10.208531.10.208531.10.20
2.4.7.2.4.7.2.4.7.,Đầu báo cháy kiểu điểm sử dụng cảm biến khói và cảm biến nhiệtĐầu báo cháy kiểu điểm sử dụng cảm biến khói và cảm biến nhiệtĐầu báo cháy kiểu điểm sử dụng cảm biến khói và cảm biến nhiệt,13. Ăn mòn sunfua dioxide (SO2) (khả năng chịu đựng) (*)13. Ăn mòn sunfua dioxide (SO13. Ăn mòn sunfua dioxide (SO22) (khả năng chịu đựng) (*)) (khả năng chịu đựng) (*),5.15.35.15.35.15.3TCVN 7568-15:2015TCVN 7568-15:2015TCVN 7568-15:2015,5.15.25.15.25.15.2TCVN 7568-15:2015TCVN 7568-15:2015TCVN 7568-15:2015,"Mẫu được lấy ngẫu nhiên tại lô phương tiện, số lượng mẫu được lấy phụ thuộc vào số lượng phương tiện trong lô (n), cụ thể như sau:Mẫu được lấy ngẫu nhiên tại lô phương tiện, số lượng mẫu được lấy phụ thuộc vào số lượng phương tiện trong lô (n), cụ thể như sau:Mẫu được lấy ngẫu nhiên tại lô phương tiện, số lượng mẫu được lấy phụ thuộc vào số lượng phương tiện trong lô (n), cụ thể như sau:- Thử nghiệm lô lần đầu:- Thử nghiệm lô lần đầu:- Thử nghiệm lô lần đầu:+ Nếu n ≤ 1.000 thì lấy 16 mẫu;+ Nếu n ≤ 1.000 thì lấy 16 mẫu;+ Nếu n ≤ 1.000 thì lấy 16 mẫu;+ Nếu 1.000 < n ≤ 5.000 thì lấy 32 mẫu;+ Nếu 1.000 < n ≤ 5.000 thì lấy 32 mẫu;+ Nếu 1.000 < n ≤ 5.000 thì lấy 32 mẫu;+ Nếu 5.000 < n ≤ 10.000 thì lấy 48 mẫu;+ Nếu 5.000 < n ≤ 10.000 thì lấy 48 mẫu;+ Nếu 5.000 < n ≤ 10.000 thì lấy 48 mẫu;+ Nếu n > 10.000 thì lấy 64 mẫu.+ Nếu n > 10.000 thì lấy 64 mẫu.+ Nếu n > 10.000 thì lấy 64 mẫu.- Thử nghiệm lô lần kế tiếp:- Thử nghiệm lô lần kế tiếp:- Thử nghiệm lô lần kế tiếp:+ Nếu n ≤ 1.000 thì lấy 13 mẫu;+ Nếu n ≤ 1.000 thì lấy 13 mẫu;+ Nếu n ≤ 1.000 thì lấy 13 mẫu;+ Nếu 1.000 < n ≤ 5.000 thì lấy 26 mẫu;+ Nếu 1.000 < n ≤ 5.000 thì lấy 26 mẫu;+ Nếu 1.000 < n ≤ 5.000 thì lấy 26 mẫu;+ Nếu 5.000 < n ≤ 10.000 thì lấy 39 mẫu;+ Nếu 5.000 < n ≤ 10.000 thì lấy 39 mẫu;+ Nếu 5.000 < n ≤ 10.000 thì lấy 39 mẫu;+ Nếu n > 10.000 thì lấy 52 mẫu.+ Nếu n > 10.000 thì lấy 52 mẫu.+ Nếu n > 10.000 thì lấy 52 mẫu.",8531.10.208531.10.208531.10.20
2.4.7.2.4.7.2.4.7.,Đầu báo cháy kiểu điểm sử dụng cảm biến khói và cảm biến nhiệtĐầu báo cháy kiểu điểm sử dụng cảm biến khói và cảm biến nhiệtĐầu báo cháy kiểu điểm sử dụng cảm biến khói và cảm biến nhiệt,14. Rung lắc mạnh (vận hành)14. Rung lắc mạnh (vận hành)14. Rung lắc mạnh (vận hành),5.16.35.16.35.16.3TCVN 7568-15:2015TCVN 7568-15:2015TCVN 7568-15:2015,5.16.25.16.25.16.2TCVN 7568-15:2015TCVN 7568-15:2015TCVN 7568-15:2015,"Mẫu được lấy ngẫu nhiên tại lô phương tiện, số lượng mẫu được lấy phụ thuộc vào số lượng phương tiện trong lô (n), cụ thể như sau:Mẫu được lấy ngẫu nhiên tại lô phương tiện, số lượng mẫu được lấy phụ thuộc vào số lượng phương tiện trong lô (n), cụ thể như sau:Mẫu được lấy ngẫu nhiên tại lô phương tiện, số lượng mẫu được lấy phụ thuộc vào số lượng phương tiện trong lô (n), cụ thể như sau:- Thử nghiệm lô lần đầu:- Thử nghiệm lô lần đầu:- Thử nghiệm lô lần đầu:+ Nếu n ≤ 1.000 thì lấy 16 mẫu;+ Nếu n ≤ 1.000 thì lấy 16 mẫu;+ Nếu n ≤ 1.000 thì lấy 16 mẫu;+ Nếu 1.000 < n ≤ 5.000 thì lấy 32 mẫu;+ Nếu 1.000 < n ≤ 5.000 thì lấy 32 mẫu;+ Nếu 1.000 < n ≤ 5.000 thì lấy 32 mẫu;+ Nếu 5.000 < n ≤ 10.000 thì lấy 48 mẫu;+ Nếu 5.000 < n ≤ 10.000 thì lấy 48 mẫu;+ Nếu 5.000 < n ≤ 10.000 thì lấy 48 mẫu;+ Nếu n > 10.000 thì lấy 64 mẫu.+ Nếu n > 10.000 thì lấy 64 mẫu.+ Nếu n > 10.000 thì lấy 64 mẫu.- Thử nghiệm lô lần kế tiếp:- Thử nghiệm lô lần kế tiếp:- Thử nghiệm lô lần kế tiếp:+ Nếu n ≤ 1.000 thì lấy 13 mẫu;+ Nếu n ≤ 1.000 thì lấy 13 mẫu;+ Nếu n ≤ 1.000 thì lấy 13 mẫu;+ Nếu 1.000 < n ≤ 5.000 thì lấy 26 mẫu;+ Nếu 1.000 < n ≤ 5.000 thì lấy 26 mẫu;+ Nếu 1.000 < n ≤ 5.000 thì lấy 26 mẫu;+ Nếu 5.000 < n ≤ 10.000 thì lấy 39 mẫu;+ Nếu 5.000 < n ≤ 10.000 thì lấy 39 mẫu;+ Nếu 5.000 < n ≤ 10.000 thì lấy 39 mẫu;+ Nếu n > 10.000 thì lấy 52 mẫu.+ Nếu n > 10.000 thì lấy 52 mẫu.+ Nếu n > 10.000 thì lấy 52 mẫu.",8531.10.208531.10.208531.10.20
2.4.7.2.4.7.2.4.7.,Đầu báo cháy kiểu điểm sử dụng cảm biến khói và cảm biến nhiệtĐầu báo cháy kiểu điểm sử dụng cảm biến khói và cảm biến nhiệtĐầu báo cháy kiểu điểm sử dụng cảm biến khói và cảm biến nhiệt,15. Thử rung hình sin (vận hành)15. Thử rung hình sin (vận hành)15. Thử rung hình sin (vận hành),5.18.35.18.35.18.3TCVN 7568-15:2015TCVN 7568-15:2015TCVN 7568-15:2015,5.18.25.18.25.18.2TCVN 7568-15:2015TCVN 7568-15:2015TCVN 7568-15:2015,"Mẫu được lấy ngẫu nhiên tại lô phương tiện, số lượng mẫu được lấy phụ thuộc vào số lượng phương tiện trong lô (n), cụ thể như sau:Mẫu được lấy ngẫu nhiên tại lô phương tiện, số lượng mẫu được lấy phụ thuộc vào số lượng phương tiện trong lô (n), cụ thể như sau:Mẫu được lấy ngẫu nhiên tại lô phương tiện, số lượng mẫu được lấy phụ thuộc vào số lượng phương tiện trong lô (n), cụ thể như sau:- Thử nghiệm lô lần đầu:- Thử nghiệm lô lần đầu:- Thử nghiệm lô lần đầu:+ Nếu n ≤ 1.000 thì lấy 16 mẫu;+ Nếu n ≤ 1.000 thì lấy 16 mẫu;+ Nếu n ≤ 1.000 thì lấy 16 mẫu;+ Nếu 1.000 < n ≤ 5.000 thì lấy 32 mẫu;+ Nếu 1.000 < n ≤ 5.000 thì lấy 32 mẫu;+ Nếu 1.000 < n ≤ 5.000 thì lấy 32 mẫu;+ Nếu 5.000 < n ≤ 10.000 thì lấy 48 mẫu;+ Nếu 5.000 < n ≤ 10.000 thì lấy 48 mẫu;+ Nếu 5.000 < n ≤ 10.000 thì lấy 48 mẫu;+ Nếu n > 10.000 thì lấy 64 mẫu.+ Nếu n > 10.000 thì lấy 64 mẫu.+ Nếu n > 10.000 thì lấy 64 mẫu.- Thử nghiệm lô lần kế tiếp:- Thử nghiệm lô lần kế tiếp:- Thử nghiệm lô lần kế tiếp:+ Nếu n ≤ 1.000 thì lấy 13 mẫu;+ Nếu n ≤ 1.000 thì lấy 13 mẫu;+ Nếu n ≤ 1.000 thì lấy 13 mẫu;+ Nếu 1.000 < n ≤ 5.000 thì lấy 26 mẫu;+ Nếu 1.000 < n ≤ 5.000 thì lấy 26 mẫu;+ Nếu 1.000 < n ≤ 5.000 thì lấy 26 mẫu;+ Nếu 5.000 < n ≤ 10.000 thì lấy 39 mẫu;+ Nếu 5.000 < n ≤ 10.000 thì lấy 39 mẫu;+ Nếu 5.000 < n ≤ 10.000 thì lấy 39 mẫu;+ Nếu n > 10.000 thì lấy 52 mẫu.+ Nếu n > 10.000 thì lấy 52 mẫu.+ Nếu n > 10.000 thì lấy 52 mẫu.",8531.10.208531.10.208531.10.20
2.4.7.2.4.7.2.4.7.,Đầu báo cháy kiểu điểm sử dụng cảm biến khói và cảm biến nhiệtĐầu báo cháy kiểu điểm sử dụng cảm biến khói và cảm biến nhiệtĐầu báo cháy kiểu điểm sử dụng cảm biến khói và cảm biến nhiệt,16. Thử rung hình sin (khả năng chịu đựng) (*)16. Thử rung hình sin (khả năng chịu đựng) (*)16. Thử rung hình sin (khả năng chịu đựng) (*),5.19.35.19.35.19.3TCVN 7568-15:2015TCVN 7568-15:2015TCVN 7568-15:2015,5.19.25.19.25.19.2TCVN 7568-15:2015TCVN 7568-15:2015TCVN 7568-15:2015,"Mẫu được lấy ngẫu nhiên tại lô phương tiện, số lượng mẫu được lấy phụ thuộc vào số lượng phương tiện trong lô (n), cụ thể như sau:Mẫu được lấy ngẫu nhiên tại lô phương tiện, số lượng mẫu được lấy phụ thuộc vào số lượng phương tiện trong lô (n), cụ thể như sau:Mẫu được lấy ngẫu nhiên tại lô phương tiện, số lượng mẫu được lấy phụ thuộc vào số lượng phương tiện trong lô (n), cụ thể như sau:- Thử nghiệm lô lần đầu:- Thử nghiệm lô lần đầu:- Thử nghiệm lô lần đầu:+ Nếu n ≤ 1.000 thì lấy 16 mẫu;+ Nếu n ≤ 1.000 thì lấy 16 mẫu;+ Nếu n ≤ 1.000 thì lấy 16 mẫu;+ Nếu 1.000 < n ≤ 5.000 thì lấy 32 mẫu;+ Nếu 1.000 < n ≤ 5.000 thì lấy 32 mẫu;+ Nếu 1.000 < n ≤ 5.000 thì lấy 32 mẫu;+ Nếu 5.000 < n ≤ 10.000 thì lấy 48 mẫu;+ Nếu 5.000 < n ≤ 10.000 thì lấy 48 mẫu;+ Nếu 5.000 < n ≤ 10.000 thì lấy 48 mẫu;+ Nếu n > 10.000 thì lấy 64 mẫu.+ Nếu n > 10.000 thì lấy 64 mẫu.+ Nếu n > 10.000 thì lấy 64 mẫu.- Thử nghiệm lô lần kế tiếp:- Thử nghiệm lô lần kế tiếp:- Thử nghiệm lô lần kế tiếp:+ Nếu n ≤ 1.000 thì lấy 13 mẫu;+ Nếu n ≤ 1.000 thì lấy 13 mẫu;+ Nếu n ≤ 1.000 thì lấy 13 mẫu;+ Nếu 1.000 < n ≤ 5.000 thì lấy 26 mẫu;+ Nếu 1.000 < n ≤ 5.000 thì lấy 26 mẫu;+ Nếu 1.000 < n ≤ 5.000 thì lấy 26 mẫu;+ Nếu 5.000 < n ≤ 10.000 thì lấy 39 mẫu;+ Nếu 5.000 < n ≤ 10.000 thì lấy 39 mẫu;+ Nếu 5.000 < n ≤ 10.000 thì lấy 39 mẫu;+ Nếu n > 10.000 thì lấy 52 mẫu.+ Nếu n > 10.000 thì lấy 52 mẫu.+ Nếu n > 10.000 thì lấy 52 mẫu.",8531.10.208531.10.208531.10.20
2.4.7.2.4.7.2.4.7.,Đầu báo cháy kiểu điểm sử dụng cảm biến khói và cảm biến nhiệtĐầu báo cháy kiểu điểm sử dụng cảm biến khói và cảm biến nhiệtĐầu báo cháy kiểu điểm sử dụng cảm biến khói và cảm biến nhiệt,17. Đầu báo cháy có nhiều hơn một cảm biến khói - phép thử tùy chọn (*)17. Đầu báo cháy có nhiều hơn một cảm biến khói - phép thử tùy chọn (*)17. Đầu báo cháy có nhiều hơn một cảm biến khói - phép thử tùy chọn (*),5.21.35.21.35.21.3TCVN 7568-15:2015TCVN 7568-15:2015TCVN 7568-15:2015,5.21.25.21.25.21.2TCVN 7568-15:2015TCVN 7568-15:2015TCVN 7568-15:2015,"Mẫu được lấy ngẫu nhiên tại lô phương tiện, số lượng mẫu được lấy phụ thuộc vào số lượng phương tiện trong lô (n), cụ thể như sau:Mẫu được lấy ngẫu nhiên tại lô phương tiện, số lượng mẫu được lấy phụ thuộc vào số lượng phương tiện trong lô (n), cụ thể như sau:Mẫu được lấy ngẫu nhiên tại lô phương tiện, số lượng mẫu được lấy phụ thuộc vào số lượng phương tiện trong lô (n), cụ thể như sau:- Thử nghiệm lô lần đầu:- Thử nghiệm lô lần đầu:- Thử nghiệm lô lần đầu:+ Nếu n ≤ 1.000 thì lấy 16 mẫu;+ Nếu n ≤ 1.000 thì lấy 16 mẫu;+ Nếu n ≤ 1.000 thì lấy 16 mẫu;+ Nếu 1.000 < n ≤ 5.000 thì lấy 32 mẫu;+ Nếu 1.000 < n ≤ 5.000 thì lấy 32 mẫu;+ Nếu 1.000 < n ≤ 5.000 thì lấy 32 mẫu;+ Nếu 5.000 < n ≤ 10.000 thì lấy 48 mẫu;+ Nếu 5.000 < n ≤ 10.000 thì lấy 48 mẫu;+ Nếu 5.000 < n ≤ 10.000 thì lấy 48 mẫu;+ Nếu n > 10.000 thì lấy 64 mẫu.+ Nếu n > 10.000 thì lấy 64 mẫu.+ Nếu n > 10.000 thì lấy 64 mẫu.- Thử nghiệm lô lần kế tiếp:- Thử nghiệm lô lần kế tiếp:- Thử nghiệm lô lần kế tiếp:+ Nếu n ≤ 1.000 thì lấy 13 mẫu;+ Nếu n ≤ 1.000 thì lấy 13 mẫu;+ Nếu n ≤ 1.000 thì lấy 13 mẫu;+ Nếu 1.000 < n ≤ 5.000 thì lấy 26 mẫu;+ Nếu 1.000 < n ≤ 5.000 thì lấy 26 mẫu;+ Nếu 1.000 < n ≤ 5.000 thì lấy 26 mẫu;+ Nếu 5.000 < n ≤ 10.000 thì lấy 39 mẫu;+ Nếu 5.000 < n ≤ 10.000 thì lấy 39 mẫu;+ Nếu 5.000 < n ≤ 10.000 thì lấy 39 mẫu;+ Nếu n > 10.000 thì lấy 52 mẫu.+ Nếu n > 10.000 thì lấy 52 mẫu.+ Nếu n > 10.000 thì lấy 52 mẫu.",8531.10.208531.10.208531.10.20
2.4.7.2.4.7.2.4.7.,Đầu báo cháy kiểu điểm sử dụng cảm biến khói và cảm biến nhiệtĐầu báo cháy kiểu điểm sử dụng cảm biến khói và cảm biến nhiệtĐầu báo cháy kiểu điểm sử dụng cảm biến khói và cảm biến nhiệt,18. Độ nhạy với đám cháy18. Độ nhạy với đám cháy18. Độ nhạy với đám cháy,5.22.35.22.35.22.3TCVN 7568-15:2015TCVN 7568-15:2015TCVN 7568-15:2015,5.22.25.22.25.22.2TCVN 7568-15:2015TCVN 7568-15:2015TCVN 7568-15:2015,"Mẫu được lấy ngẫu nhiên tại lô phương tiện, số lượng mẫu được lấy phụ thuộc vào số lượng phương tiện trong lô (n), cụ thể như sau:Mẫu được lấy ngẫu nhiên tại lô phương tiện, số lượng mẫu được lấy phụ thuộc vào số lượng phương tiện trong lô (n), cụ thể như sau:Mẫu được lấy ngẫu nhiên tại lô phương tiện, số lượng mẫu được lấy phụ thuộc vào số lượng phương tiện trong lô (n), cụ thể như sau:- Thử nghiệm lô lần đầu:- Thử nghiệm lô lần đầu:- Thử nghiệm lô lần đầu:+ Nếu n ≤ 1.000 thì lấy 16 mẫu;+ Nếu n ≤ 1.000 thì lấy 16 mẫu;+ Nếu n ≤ 1.000 thì lấy 16 mẫu;+ Nếu 1.000 < n ≤ 5.000 thì lấy 32 mẫu;+ Nếu 1.000 < n ≤ 5.000 thì lấy 32 mẫu;+ Nếu 1.000 < n ≤ 5.000 thì lấy 32 mẫu;+ Nếu 5.000 < n ≤ 10.000 thì lấy 48 mẫu;+ Nếu 5.000 < n ≤ 10.000 thì lấy 48 mẫu;+ Nếu 5.000 < n ≤ 10.000 thì lấy 48 mẫu;+ Nếu n > 10.000 thì lấy 64 mẫu.+ Nếu n > 10.000 thì lấy 64 mẫu.+ Nếu n > 10.000 thì lấy 64 mẫu.- Thử nghiệm lô lần kế tiếp:- Thử nghiệm lô lần kế tiếp:- Thử nghiệm lô lần kế tiếp:+ Nếu n ≤ 1.000 thì lấy 13 mẫu;+ Nếu n ≤ 1.000 thì lấy 13 mẫu;+ Nếu n ≤ 1.000 thì lấy 13 mẫu;+ Nếu 1.000 < n ≤ 5.000 thì lấy 26 mẫu;+ Nếu 1.000 < n ≤ 5.000 thì lấy 26 mẫu;+ Nếu 1.000 < n ≤ 5.000 thì lấy 26 mẫu;+ Nếu 5.000 < n ≤ 10.000 thì lấy 39 mẫu;+ Nếu 5.000 < n ≤ 10.000 thì lấy 39 mẫu;+ Nếu 5.000 < n ≤ 10.000 thì lấy 39 mẫu;+ Nếu n > 10.000 thì lấy 52 mẫu.+ Nếu n > 10.000 thì lấy 52 mẫu.+ Nếu n > 10.000 thì lấy 52 mẫu.",8531.10.208531.10.208531.10.20
2.4.7.2.4.7.2.4.7.,Đầu báo cháy kiểu điểm sử dụng cảm biến khói và cảm biến nhiệtĐầu báo cháy kiểu điểm sử dụng cảm biến khói và cảm biến nhiệtĐầu báo cháy kiểu điểm sử dụng cảm biến khói và cảm biến nhiệt,19. Suy hao tín hiệu tại hiện trường (***)19. Suy hao tín hiệu tại hiện trường (***)19. Suy hao tín hiệu tại hiện trường (***),4.2.14.2.14.2.1TCVN 7568-25:2023TCVN 7568-25:2023TCVN 7568-25:2023,8.2.28.2.28.2.2TCVN 7568-25:2023TCVN 7568-25:2023TCVN 7568-25:2023,"Mẫu được lấy ngẫu nhiên tại lô phương tiện, số lượng mẫu được lấy phụ thuộc vào số lượng phương tiện trong lô (n), cụ thể như sau:Mẫu được lấy ngẫu nhiên tại lô phương tiện, số lượng mẫu được lấy phụ thuộc vào số lượng phương tiện trong lô (n), cụ thể như sau:Mẫu được lấy ngẫu nhiên tại lô phương tiện, số lượng mẫu được lấy phụ thuộc vào số lượng phương tiện trong lô (n), cụ thể như sau:- Thử nghiệm lô lần đầu:- Thử nghiệm lô lần đầu:- Thử nghiệm lô lần đầu:+ Nếu n ≤ 1.000 thì lấy 16 mẫu;+ Nếu n ≤ 1.000 thì lấy 16 mẫu;+ Nếu n ≤ 1.000 thì lấy 16 mẫu;+ Nếu 1.000 < n ≤ 5.000 thì lấy 32 mẫu;+ Nếu 1.000 < n ≤ 5.000 thì lấy 32 mẫu;+ Nếu 1.000 < n ≤ 5.000 thì lấy 32 mẫu;+ Nếu 5.000 < n ≤ 10.000 thì lấy 48 mẫu;+ Nếu 5.000 < n ≤ 10.000 thì lấy 48 mẫu;+ Nếu 5.000 < n ≤ 10.000 thì lấy 48 mẫu;+ Nếu n > 10.000 thì lấy 64 mẫu.+ Nếu n > 10.000 thì lấy 64 mẫu.+ Nếu n > 10.000 thì lấy 64 mẫu.- Thử nghiệm lô lần kế tiếp:- Thử nghiệm lô lần kế tiếp:- Thử nghiệm lô lần kế tiếp:+ Nếu n ≤ 1.000 thì lấy 13 mẫu;+ Nếu n ≤ 1.000 thì lấy 13 mẫu;+ Nếu n ≤ 1.000 thì lấy 13 mẫu;+ Nếu 1.000 < n ≤ 5.000 thì lấy 26 mẫu;+ Nếu 1.000 < n ≤ 5.000 thì lấy 26 mẫu;+ Nếu 1.000 < n ≤ 5.000 thì lấy 26 mẫu;+ Nếu 5.000 < n ≤ 10.000 thì lấy 39 mẫu;+ Nếu 5.000 < n ≤ 10.000 thì lấy 39 mẫu;+ Nếu 5.000 < n ≤ 10.000 thì lấy 39 mẫu;+ Nếu n > 10.000 thì lấy 52 mẫu.+ Nếu n > 10.000 thì lấy 52 mẫu.+ Nếu n > 10.000 thì lấy 52 mẫu.",8531.10.208531.10.208531.10.20
2.4.7.2.4.7.2.4.7.,Đầu báo cháy kiểu điểm sử dụng cảm biến khói và cảm biến nhiệtĐầu báo cháy kiểu điểm sử dụng cảm biến khói và cảm biến nhiệtĐầu báo cháy kiểu điểm sử dụng cảm biến khói và cảm biến nhiệt,20. Tính toàn vẹn của tín hiệu cảnh báo (***)20. Tính toàn vẹn của tín hiệu cảnh báo (***)20. Tính toàn vẹn của tín hiệu cảnh báo (***),4.2.24.2.24.2.2TCVN 7568-25:2023TCVN 7568-25:2023TCVN 7568-25:2023,8.2.38.2.38.2.3TCVN 7568-25:2023TCVN 7568-25:2023TCVN 7568-25:2023,"Mẫu được lấy ngẫu nhiên tại lô phương tiện, số lượng mẫu được lấy phụ thuộc vào số lượng phương tiện trong lô (n), cụ thể như sau:Mẫu được lấy ngẫu nhiên tại lô phương tiện, số lượng mẫu được lấy phụ thuộc vào số lượng phương tiện trong lô (n), cụ thể như sau:Mẫu được lấy ngẫu nhiên tại lô phương tiện, số lượng mẫu được lấy phụ thuộc vào số lượng phương tiện trong lô (n), cụ thể như sau:- Thử nghiệm lô lần đầu:- Thử nghiệm lô lần đầu:- Thử nghiệm lô lần đầu:+ Nếu n ≤ 1.000 thì lấy 16 mẫu;+ Nếu n ≤ 1.000 thì lấy 16 mẫu;+ Nếu n ≤ 1.000 thì lấy 16 mẫu;+ Nếu 1.000 < n ≤ 5.000 thì lấy 32 mẫu;+ Nếu 1.000 < n ≤ 5.000 thì lấy 32 mẫu;+ Nếu 1.000 < n ≤ 5.000 thì lấy 32 mẫu;+ Nếu 5.000 < n ≤ 10.000 thì lấy 48 mẫu;+ Nếu 5.000 < n ≤ 10.000 thì lấy 48 mẫu;+ Nếu 5.000 < n ≤ 10.000 thì lấy 48 mẫu;+ Nếu n > 10.000 thì lấy 64 mẫu.+ Nếu n > 10.000 thì lấy 64 mẫu.+ Nếu n > 10.000 thì lấy 64 mẫu.- Thử nghiệm lô lần kế tiếp:- Thử nghiệm lô lần kế tiếp:- Thử nghiệm lô lần kế tiếp:+ Nếu n ≤ 1.000 thì lấy 13 mẫu;+ Nếu n ≤ 1.000 thì lấy 13 mẫu;+ Nếu n ≤ 1.000 thì lấy 13 mẫu;+ Nếu 1.000 < n ≤ 5.000 thì lấy 26 mẫu;+ Nếu 1.000 < n ≤ 5.000 thì lấy 26 mẫu;+ Nếu 1.000 < n ≤ 5.000 thì lấy 26 mẫu;+ Nếu 5.000 < n ≤ 10.000 thì lấy 39 mẫu;+ Nếu 5.000 < n ≤ 10.000 thì lấy 39 mẫu;+ Nếu 5.000 < n ≤ 10.000 thì lấy 39 mẫu;+ Nếu n > 10.000 thì lấy 52 mẫu.+ Nếu n > 10.000 thì lấy 52 mẫu.+ Nếu n > 10.000 thì lấy 52 mẫu.",8531.10.208531.10.208531.10.20
2.4.7.2.4.7.2.4.7.,Đầu báo cháy kiểu điểm sử dụng cảm biến khói và cảm biến nhiệtĐầu báo cháy kiểu điểm sử dụng cảm biến khói và cảm biến nhiệtĐầu báo cháy kiểu điểm sử dụng cảm biến khói và cảm biến nhiệt,21. Định danh của các thiết bị sử dụng đường truyền vô tuyến (***)21. Định danh của các thiết bị sử dụng đường truyền vô tuyến (***)21. Định danh của các thiết bị sử dụng đường truyền vô tuyến (***),4.2.34.2.34.2.3TCVN 7568-25:2023TCVN 7568-25:2023TCVN 7568-25:2023,8.2.48.2.48.2.4TCVN 7568-25:2023TCVN 7568-25:2023TCVN 7568-25:2023,"Mẫu được lấy ngẫu nhiên tại lô phương tiện, số lượng mẫu được lấy phụ thuộc vào số lượng phương tiện trong lô (n), cụ thể như sau:Mẫu được lấy ngẫu nhiên tại lô phương tiện, số lượng mẫu được lấy phụ thuộc vào số lượng phương tiện trong lô (n), cụ thể như sau:Mẫu được lấy ngẫu nhiên tại lô phương tiện, số lượng mẫu được lấy phụ thuộc vào số lượng phương tiện trong lô (n), cụ thể như sau:- Thử nghiệm lô lần đầu:- Thử nghiệm lô lần đầu:- Thử nghiệm lô lần đầu:+ Nếu n ≤ 1.000 thì lấy 16 mẫu;+ Nếu n ≤ 1.000 thì lấy 16 mẫu;+ Nếu n ≤ 1.000 thì lấy 16 mẫu;+ Nếu 1.000 < n ≤ 5.000 thì lấy 32 mẫu;+ Nếu 1.000 < n ≤ 5.000 thì lấy 32 mẫu;+ Nếu 1.000 < n ≤ 5.000 thì lấy 32 mẫu;+ Nếu 5.000 < n ≤ 10.000 thì lấy 48 mẫu;+ Nếu 5.000 < n ≤ 10.000 thì lấy 48 mẫu;+ Nếu 5.000 < n ≤ 10.000 thì lấy 48 mẫu;+ Nếu n > 10.000 thì lấy 64 mẫu.+ Nếu n > 10.000 thì lấy 64 mẫu.+ Nếu n > 10.000 thì lấy 64 mẫu.- Thử nghiệm lô lần kế tiếp:- Thử nghiệm lô lần kế tiếp:- Thử nghiệm lô lần kế tiếp:+ Nếu n ≤ 1.000 thì lấy 13 mẫu;+ Nếu n ≤ 1.000 thì lấy 13 mẫu;+ Nếu n ≤ 1.000 thì lấy 13 mẫu;+ Nếu 1.000 < n ≤ 5.000 thì lấy 26 mẫu;+ Nếu 1.000 < n ≤ 5.000 thì lấy 26 mẫu;+ Nếu 1.000 < n ≤ 5.000 thì lấy 26 mẫu;+ Nếu 5.000 < n ≤ 10.000 thì lấy 39 mẫu;+ Nếu 5.000 < n ≤ 10.000 thì lấy 39 mẫu;+ Nếu 5.000 < n ≤ 10.000 thì lấy 39 mẫu;+ Nếu n > 10.000 thì lấy 52 mẫu.+ Nếu n > 10.000 thì lấy 52 mẫu.+ Nếu n > 10.000 thì lấy 52 mẫu.",8531.10.208531.10.208531.10.20
2.4.7.2.4.7.2.4.7.,Đầu báo cháy kiểu điểm sử dụng cảm biến khói và cảm biến nhiệtĐầu báo cháy kiểu điểm sử dụng cảm biến khói và cảm biến nhiệtĐầu báo cháy kiểu điểm sử dụng cảm biến khói và cảm biến nhiệt,22. Ăng ten (***)22. Ăng ten (***)22. Ăng ten (***),4.2.74.2.74.2.7TCVN 7568-25:2023TCVN 7568-25:2023TCVN 7568-25:2023,8.2.98.2.98.2.9TCVN 7568-25:2023TCVN 7568-25:2023TCVN 7568-25:2023,"Mẫu được lấy ngẫu nhiên tại lô phương tiện, số lượng mẫu được lấy phụ thuộc vào số lượng phương tiện trong lô (n), cụ thể như sau:Mẫu được lấy ngẫu nhiên tại lô phương tiện, số lượng mẫu được lấy phụ thuộc vào số lượng phương tiện trong lô (n), cụ thể như sau:Mẫu được lấy ngẫu nhiên tại lô phương tiện, số lượng mẫu được lấy phụ thuộc vào số lượng phương tiện trong lô (n), cụ thể như sau:- Thử nghiệm lô lần đầu:- Thử nghiệm lô lần đầu:- Thử nghiệm lô lần đầu:+ Nếu n ≤ 1.000 thì lấy 16 mẫu;+ Nếu n ≤ 1.000 thì lấy 16 mẫu;+ Nếu n ≤ 1.000 thì lấy 16 mẫu;+ Nếu 1.000 < n ≤ 5.000 thì lấy 32 mẫu;+ Nếu 1.000 < n ≤ 5.000 thì lấy 32 mẫu;+ Nếu 1.000 < n ≤ 5.000 thì lấy 32 mẫu;+ Nếu 5.000 < n ≤ 10.000 thì lấy 48 mẫu;+ Nếu 5.000 < n ≤ 10.000 thì lấy 48 mẫu;+ Nếu 5.000 < n ≤ 10.000 thì lấy 48 mẫu;+ Nếu n > 10.000 thì lấy 64 mẫu.+ Nếu n > 10.000 thì lấy 64 mẫu.+ Nếu n > 10.000 thì lấy 64 mẫu.- Thử nghiệm lô lần kế tiếp:- Thử nghiệm lô lần kế tiếp:- Thử nghiệm lô lần kế tiếp:+ Nếu n ≤ 1.000 thì lấy 13 mẫu;+ Nếu n ≤ 1.000 thì lấy 13 mẫu;+ Nếu n ≤ 1.000 thì lấy 13 mẫu;+ Nếu 1.000 < n ≤ 5.000 thì lấy 26 mẫu;+ Nếu 1.000 < n ≤ 5.000 thì lấy 26 mẫu;+ Nếu 1.000 < n ≤ 5.000 thì lấy 26 mẫu;+ Nếu 5.000 < n ≤ 10.000 thì lấy 39 mẫu;+ Nếu 5.000 < n ≤ 10.000 thì lấy 39 mẫu;+ Nếu 5.000 < n ≤ 10.000 thì lấy 39 mẫu;+ Nếu n > 10.000 thì lấy 52 mẫu.+ Nếu n > 10.000 thì lấy 52 mẫu.+ Nếu n > 10.000 thì lấy 52 mẫu.",8531.10.208531.10.208531.10.20
2.4.7.2.4.7.2.4.7.,Đầu báo cháy kiểu điểm sử dụng cảm biến khói và cảm biến nhiệtĐầu báo cháy kiểu điểm sử dụng cảm biến khói và cảm biến nhiệtĐầu báo cháy kiểu điểm sử dụng cảm biến khói và cảm biến nhiệt,23. Tuổi thọ nguồn độc lập (***)23. Tuổi thọ nguồn độc lập (***)23. Tuổi thọ nguồn độc lập (***),5.3.25.3.25.3.2TCVN 7568-25:2023TCVN 7568-25:2023TCVN 7568-25:2023,8.3.38.3.38.3.3TCVN 7568-25:2023TCVN 7568-25:2023TCVN 7568-25:2023,"Mẫu được lấy ngẫu nhiên tại lô phương tiện, số lượng mẫu được lấy phụ thuộc vào số lượng phương tiện trong lô (n), cụ thể như sau:Mẫu được lấy ngẫu nhiên tại lô phương tiện, số lượng mẫu được lấy phụ thuộc vào số lượng phương tiện trong lô (n), cụ thể như sau:Mẫu được lấy ngẫu nhiên tại lô phương tiện, số lượng mẫu được lấy phụ thuộc vào số lượng phương tiện trong lô (n), cụ thể như sau:- Thử nghiệm lô lần đầu:- Thử nghiệm lô lần đầu:- Thử nghiệm lô lần đầu:+ Nếu n ≤ 1.000 thì lấy 16 mẫu;+ Nếu n ≤ 1.000 thì lấy 16 mẫu;+ Nếu n ≤ 1.000 thì lấy 16 mẫu;+ Nếu 1.000 < n ≤ 5.000 thì lấy 32 mẫu;+ Nếu 1.000 < n ≤ 5.000 thì lấy 32 mẫu;+ Nếu 1.000 < n ≤ 5.000 thì lấy 32 mẫu;+ Nếu 5.000 < n ≤ 10.000 thì lấy 48 mẫu;+ Nếu 5.000 < n ≤ 10.000 thì lấy 48 mẫu;+ Nếu 5.000 < n ≤ 10.000 thì lấy 48 mẫu;+ Nếu n > 10.000 thì lấy 64 mẫu.+ Nếu n > 10.000 thì lấy 64 mẫu.+ Nếu n > 10.000 thì lấy 64 mẫu.- Thử nghiệm lô lần kế tiếp:- Thử nghiệm lô lần kế tiếp:- Thử nghiệm lô lần kế tiếp:+ Nếu n ≤ 1.000 thì lấy 13 mẫu;+ Nếu n ≤ 1.000 thì lấy 13 mẫu;+ Nếu n ≤ 1.000 thì lấy 13 mẫu;+ Nếu 1.000 < n ≤ 5.000 thì lấy 26 mẫu;+ Nếu 1.000 < n ≤ 5.000 thì lấy 26 mẫu;+ Nếu 1.000 < n ≤ 5.000 thì lấy 26 mẫu;+ Nếu 5.000 < n ≤ 10.000 thì lấy 39 mẫu;+ Nếu 5.000 < n ≤ 10.000 thì lấy 39 mẫu;+ Nếu 5.000 < n ≤ 10.000 thì lấy 39 mẫu;+ Nếu n > 10.000 thì lấy 52 mẫu.+ Nếu n > 10.000 thì lấy 52 mẫu.+ Nếu n > 10.000 thì lấy 52 mẫu.",8531.10.208531.10.208531.10.20
2.4.7.2.4.7.2.4.7.,Đầu báo cháy kiểu điểm sử dụng cảm biến khói và cảm biến nhiệtĐầu báo cháy kiểu điểm sử dụng cảm biến khói và cảm biến nhiệtĐầu báo cháy kiểu điểm sử dụng cảm biến khói và cảm biến nhiệt,24. Xuyên nhiễu giữa các hệ thống của cùng một nhà sản xuất (***)24. Xuyên nhiễu giữa các hệ thống của cùng một nhà sản xuất (***)24. Xuyên nhiễu giữa các hệ thống của cùng một nhà sản xuất (***),4.2.5.24.2.5.24.2.5.2TCVN 7568-25:2023TCVN 7568-25:2023TCVN 7568-25:2023,8.2.68.2.68.2.6TCVN 7568-25:2023TCVN 7568-25:2023TCVN 7568-25:2023,"Mẫu được lấy ngẫu nhiên tại lô phương tiện, số lượng mẫu được lấy phụ thuộc vào số lượng phương tiện trong lô (n), cụ thể như sau:Mẫu được lấy ngẫu nhiên tại lô phương tiện, số lượng mẫu được lấy phụ thuộc vào số lượng phương tiện trong lô (n), cụ thể như sau:Mẫu được lấy ngẫu nhiên tại lô phương tiện, số lượng mẫu được lấy phụ thuộc vào số lượng phương tiện trong lô (n), cụ thể như sau:- Thử nghiệm lô lần đầu:- Thử nghiệm lô lần đầu:- Thử nghiệm lô lần đầu:+ Nếu n ≤ 1.000 thì lấy 16 mẫu;+ Nếu n ≤ 1.000 thì lấy 16 mẫu;+ Nếu n ≤ 1.000 thì lấy 16 mẫu;+ Nếu 1.000 < n ≤ 5.000 thì lấy 32 mẫu;+ Nếu 1.000 < n ≤ 5.000 thì lấy 32 mẫu;+ Nếu 1.000 < n ≤ 5.000 thì lấy 32 mẫu;+ Nếu 5.000 < n ≤ 10.000 thì lấy 48 mẫu;+ Nếu 5.000 < n ≤ 10.000 thì lấy 48 mẫu;+ Nếu 5.000 < n ≤ 10.000 thì lấy 48 mẫu;+ Nếu n > 10.000 thì lấy 64 mẫu.+ Nếu n > 10.000 thì lấy 64 mẫu.+ Nếu n > 10.000 thì lấy 64 mẫu.- Thử nghiệm lô lần kế tiếp:- Thử nghiệm lô lần kế tiếp:- Thử nghiệm lô lần kế tiếp:+ Nếu n ≤ 1.000 thì lấy 13 mẫu;+ Nếu n ≤ 1.000 thì lấy 13 mẫu;+ Nếu n ≤ 1.000 thì lấy 13 mẫu;+ Nếu 1.000 < n ≤ 5.000 thì lấy 26 mẫu;+ Nếu 1.000 < n ≤ 5.000 thì lấy 26 mẫu;+ Nếu 1.000 < n ≤ 5.000 thì lấy 26 mẫu;+ Nếu 5.000 < n ≤ 10.000 thì lấy 39 mẫu;+ Nếu 5.000 < n ≤ 10.000 thì lấy 39 mẫu;+ Nếu 5.000 < n ≤ 10.000 thì lấy 39 mẫu;+ Nếu n > 10.000 thì lấy 52 mẫu.+ Nếu n > 10.000 thì lấy 52 mẫu.+ Nếu n > 10.000 thì lấy 52 mẫu.",8531.10.208531.10.208531.10.20
2.4.82.4.82.4.8,Đầu báo cháy khói kiểu hút (Bộ phát hiện khói công nghệ hút)Đầu báo cháy khói kiểu hút (Bộ phát hiện khói công nghệ hút)Đầu báo cháy khói kiểu hút (Bộ phát hiện khói công nghệ hút),1. Tính lặp lại1. Tính lặp lại1. Tính lặp lại,5.2.35.2.35.2.3TCVN 7568-20:2016TCVN 7568-20:2016TCVN 7568-20:2016,5.2.25.2.25.2.2TCVN 7568-20:2016TCVN 7568-20:2016TCVN 7568-20:2016,"Mẫu được lấy ngẫu nhiên tại lô phương tiện, số lượng mẫu được lấy phụ thuộc vào số lượng phương tiện trong lô (n), cụ thể như sau:Mẫu được lấy ngẫu nhiên tại lô phương tiện, số lượng mẫu được lấy phụ thuộc vào số lượng phương tiện trong lô (n), cụ thể như sau:Mẫu được lấy ngẫu nhiên tại lô phương tiện, số lượng mẫu được lấy phụ thuộc vào số lượng phương tiện trong lô (n), cụ thể như sau:- Thử nghiệm lô lần đầu:- Thử nghiệm lô lần đầu:- Thử nghiệm lô lần đầu:+ Nếu n ≤ 1.000 thì lấy 06 mẫu;+ Nếu n ≤ 1.000 thì lấy 06 mẫu;+ Nếu n ≤ 1.000 thì lấy 06 mẫu;+ Nếu 1.000 < n ≤ 5.000 thì lấy 12 mẫu;+ Nếu 1.000 < n ≤ 5.000 thì lấy 12 mẫu;+ Nếu 1.000 < n ≤ 5.000 thì lấy 12 mẫu;+ Nếu 5.000 < n ≤ 10.000 thì lấy 18 mẫu;+ Nếu 5.000 < n ≤ 10.000 thì lấy 18 mẫu;+ Nếu 5.000 < n ≤ 10.000 thì lấy 18 mẫu;+ Nếu n > 10.000 thì lấy 24 mẫu.+ Nếu n > 10.000 thì lấy 24 mẫu.+ Nếu n > 10.000 thì lấy 24 mẫu.- Thử nghiệm lô lần kế tiếp:- Thử nghiệm lô lần kế tiếp:- Thử nghiệm lô lần kế tiếp:+ Nếu n ≤ 1.000 thì lấy 03 mẫu;+ Nếu n ≤ 1.000 thì lấy 03 mẫu;+ Nếu n ≤ 1.000 thì lấy 03 mẫu;+ Nếu 1.000 < n ≤ 5.000 thì lấy 06 mẫu;+ Nếu 1.000 < n ≤ 5.000 thì lấy 06 mẫu;+ Nếu 1.000 < n ≤ 5.000 thì lấy 06 mẫu;+ Nếu 5.000 < n ≤ 10.000 thì lấy 09 mẫu;+ Nếu 5.000 < n ≤ 10.000 thì lấy 09 mẫu;+ Nếu 5.000 < n ≤ 10.000 thì lấy 09 mẫu;+ Nếu n > 10.000 thì lấy 12 mẫu+ Nếu n > 10.000 thì lấy 12 mẫu+ Nếu n > 10.000 thì lấy 12 mẫu",8531.10.308531.10.308531.10.30
2.4.82.4.82.4.8,Đầu báo cháy khói kiểu hút (Bộ phát hiện khói công nghệ hút)Đầu báo cháy khói kiểu hút (Bộ phát hiện khói công nghệ hút)Đầu báo cháy khói kiểu hút (Bộ phát hiện khói công nghệ hút),2. Tính tái lặp2. Tính tái lặp2. Tính tái lặp,5.3.35.3.35.3.3TCVN 7568-20:2016TCVN 7568-20:2016TCVN 7568-20:2016,5.3.25.3.25.3.2TCVN 7568-20:2016TCVN 7568-20:2016TCVN 7568-20:2016,"Mẫu được lấy ngẫu nhiên tại lô phương tiện, số lượng mẫu được lấy phụ thuộc vào số lượng phương tiện trong lô (n), cụ thể như sau:Mẫu được lấy ngẫu nhiên tại lô phương tiện, số lượng mẫu được lấy phụ thuộc vào số lượng phương tiện trong lô (n), cụ thể như sau:Mẫu được lấy ngẫu nhiên tại lô phương tiện, số lượng mẫu được lấy phụ thuộc vào số lượng phương tiện trong lô (n), cụ thể như sau:- Thử nghiệm lô lần đầu:- Thử nghiệm lô lần đầu:- Thử nghiệm lô lần đầu:+ Nếu n ≤ 1.000 thì lấy 06 mẫu;+ Nếu n ≤ 1.000 thì lấy 06 mẫu;+ Nếu n ≤ 1.000 thì lấy 06 mẫu;+ Nếu 1.000 < n ≤ 5.000 thì lấy 12 mẫu;+ Nếu 1.000 < n ≤ 5.000 thì lấy 12 mẫu;+ Nếu 1.000 < n ≤ 5.000 thì lấy 12 mẫu;+ Nếu 5.000 < n ≤ 10.000 thì lấy 18 mẫu;+ Nếu 5.000 < n ≤ 10.000 thì lấy 18 mẫu;+ Nếu 5.000 < n ≤ 10.000 thì lấy 18 mẫu;+ Nếu n > 10.000 thì lấy 24 mẫu.+ Nếu n > 10.000 thì lấy 24 mẫu.+ Nếu n > 10.000 thì lấy 24 mẫu.- Thử nghiệm lô lần kế tiếp:- Thử nghiệm lô lần kế tiếp:- Thử nghiệm lô lần kế tiếp:+ Nếu n ≤ 1.000 thì lấy 03 mẫu;+ Nếu n ≤ 1.000 thì lấy 03 mẫu;+ Nếu n ≤ 1.000 thì lấy 03 mẫu;+ Nếu 1.000 < n ≤ 5.000 thì lấy 06 mẫu;+ Nếu 1.000 < n ≤ 5.000 thì lấy 06 mẫu;+ Nếu 1.000 < n ≤ 5.000 thì lấy 06 mẫu;+ Nếu 5.000 < n ≤ 10.000 thì lấy 09 mẫu;+ Nếu 5.000 < n ≤ 10.000 thì lấy 09 mẫu;+ Nếu 5.000 < n ≤ 10.000 thì lấy 09 mẫu;+ Nếu n > 10.000 thì lấy 12 mẫu+ Nếu n > 10.000 thì lấy 12 mẫu+ Nếu n > 10.000 thì lấy 12 mẫu",8531.10.308531.10.308531.10.30
2.4.82.4.82.4.8,Đầu báo cháy khói kiểu hút (Bộ phát hiện khói công nghệ hút)Đầu báo cháy khói kiểu hút (Bộ phát hiện khói công nghệ hút)Đầu báo cháy khói kiểu hút (Bộ phát hiện khói công nghệ hút),3. Sự biến đổi của điện thế nguồn cấp3. Sự biến đổi của điện thế nguồn cấp3. Sự biến đổi của điện thế nguồn cấp,5.4.35.4.35.4.3TCVN 7568-20:2016TCVN 7568-20:2016TCVN 7568-20:2016,5.4.25.4.25.4.2TCVN 7568-20:2016TCVN 7568-20:2016TCVN 7568-20:2016,"Mẫu được lấy ngẫu nhiên tại lô phương tiện, số lượng mẫu được lấy phụ thuộc vào số lượng phương tiện trong lô (n), cụ thể như sau:Mẫu được lấy ngẫu nhiên tại lô phương tiện, số lượng mẫu được lấy phụ thuộc vào số lượng phương tiện trong lô (n), cụ thể như sau:Mẫu được lấy ngẫu nhiên tại lô phương tiện, số lượng mẫu được lấy phụ thuộc vào số lượng phương tiện trong lô (n), cụ thể như sau:- Thử nghiệm lô lần đầu:- Thử nghiệm lô lần đầu:- Thử nghiệm lô lần đầu:+ Nếu n ≤ 1.000 thì lấy 06 mẫu;+ Nếu n ≤ 1.000 thì lấy 06 mẫu;+ Nếu n ≤ 1.000 thì lấy 06 mẫu;+ Nếu 1.000 < n ≤ 5.000 thì lấy 12 mẫu;+ Nếu 1.000 < n ≤ 5.000 thì lấy 12 mẫu;+ Nếu 1.000 < n ≤ 5.000 thì lấy 12 mẫu;+ Nếu 5.000 < n ≤ 10.000 thì lấy 18 mẫu;+ Nếu 5.000 < n ≤ 10.000 thì lấy 18 mẫu;+ Nếu 5.000 < n ≤ 10.000 thì lấy 18 mẫu;+ Nếu n > 10.000 thì lấy 24 mẫu.+ Nếu n > 10.000 thì lấy 24 mẫu.+ Nếu n > 10.000 thì lấy 24 mẫu.- Thử nghiệm lô lần kế tiếp:- Thử nghiệm lô lần kế tiếp:- Thử nghiệm lô lần kế tiếp:+ Nếu n ≤ 1.000 thì lấy 03 mẫu;+ Nếu n ≤ 1.000 thì lấy 03 mẫu;+ Nếu n ≤ 1.000 thì lấy 03 mẫu;+ Nếu 1.000 < n ≤ 5.000 thì lấy 06 mẫu;+ Nếu 1.000 < n ≤ 5.000 thì lấy 06 mẫu;+ Nếu 1.000 < n ≤ 5.000 thì lấy 06 mẫu;+ Nếu 5.000 < n ≤ 10.000 thì lấy 09 mẫu;+ Nếu 5.000 < n ≤ 10.000 thì lấy 09 mẫu;+ Nếu 5.000 < n ≤ 10.000 thì lấy 09 mẫu;+ Nếu n > 10.000 thì lấy 12 mẫu+ Nếu n > 10.000 thì lấy 12 mẫu+ Nếu n > 10.000 thì lấy 12 mẫu",8531.10.308531.10.308531.10.30
2.4.82.4.82.4.8,Đầu báo cháy khói kiểu hút (Bộ phát hiện khói công nghệ hút)Đầu báo cháy khói kiểu hút (Bộ phát hiện khói công nghệ hút)Đầu báo cháy khói kiểu hút (Bộ phát hiện khói công nghệ hút),4. Điều kiện khô nóng (vận hành)4. Điều kiện khô nóng (vận hành)4. Điều kiện khô nóng (vận hành),5.5.35.5.35.5.3TCVN 7568-20:2016TCVN 7568-20:2016TCVN 7568-20:2016,5.5.25.5.25.5.2TCVN 7568-20:2016TCVN 7568-20:2016TCVN 7568-20:2016,"Mẫu được lấy ngẫu nhiên tại lô phương tiện, số lượng mẫu được lấy phụ thuộc vào số lượng phương tiện trong lô (n), cụ thể như sau:Mẫu được lấy ngẫu nhiên tại lô phương tiện, số lượng mẫu được lấy phụ thuộc vào số lượng phương tiện trong lô (n), cụ thể như sau:Mẫu được lấy ngẫu nhiên tại lô phương tiện, số lượng mẫu được lấy phụ thuộc vào số lượng phương tiện trong lô (n), cụ thể như sau:- Thử nghiệm lô lần đầu:- Thử nghiệm lô lần đầu:- Thử nghiệm lô lần đầu:+ Nếu n ≤ 1.000 thì lấy 06 mẫu;+ Nếu n ≤ 1.000 thì lấy 06 mẫu;+ Nếu n ≤ 1.000 thì lấy 06 mẫu;+ Nếu 1.000 < n ≤ 5.000 thì lấy 12 mẫu;+ Nếu 1.000 < n ≤ 5.000 thì lấy 12 mẫu;+ Nếu 1.000 < n ≤ 5.000 thì lấy 12 mẫu;+ Nếu 5.000 < n ≤ 10.000 thì lấy 18 mẫu;+ Nếu 5.000 < n ≤ 10.000 thì lấy 18 mẫu;+ Nếu 5.000 < n ≤ 10.000 thì lấy 18 mẫu;+ Nếu n > 10.000 thì lấy 24 mẫu.+ Nếu n > 10.000 thì lấy 24 mẫu.+ Nếu n > 10.000 thì lấy 24 mẫu.- Thử nghiệm lô lần kế tiếp:- Thử nghiệm lô lần kế tiếp:- Thử nghiệm lô lần kế tiếp:+ Nếu n ≤ 1.000 thì lấy 03 mẫu;+ Nếu n ≤ 1.000 thì lấy 03 mẫu;+ Nếu n ≤ 1.000 thì lấy 03 mẫu;+ Nếu 1.000 < n ≤ 5.000 thì lấy 06 mẫu;+ Nếu 1.000 < n ≤ 5.000 thì lấy 06 mẫu;+ Nếu 1.000 < n ≤ 5.000 thì lấy 06 mẫu;+ Nếu 5.000 < n ≤ 10.000 thì lấy 09 mẫu;+ Nếu 5.000 < n ≤ 10.000 thì lấy 09 mẫu;+ Nếu 5.000 < n ≤ 10.000 thì lấy 09 mẫu;+ Nếu n > 10.000 thì lấy 12 mẫu+ Nếu n > 10.000 thì lấy 12 mẫu+ Nếu n > 10.000 thì lấy 12 mẫu",8531.10.308531.10.308531.10.30
2.4.82.4.82.4.8,Đầu báo cháy khói kiểu hút (Bộ phát hiện khói công nghệ hút)Đầu báo cháy khói kiểu hút (Bộ phát hiện khói công nghệ hút)Đầu báo cháy khói kiểu hút (Bộ phát hiện khói công nghệ hút),"5. Điều kiện ẩm nhiệt, trạng thái ổn định (vận hành)5. Điều kiện ẩm nhiệt, trạng thái ổn định (vận hành)5. Điều kiện ẩm nhiệt, trạng thái ổn định (vận hành)",5.7.35.7.35.7.3TCVN 7568-20:2016TCVN 7568-20:2016TCVN 7568-20:2016,5.7.25.7.25.7.2TCVN 7568-20:2016TCVN 7568-20:2016TCVN 7568-20:2016,"Mẫu được lấy ngẫu nhiên tại lô phương tiện, số lượng mẫu được lấy phụ thuộc vào số lượng phương tiện trong lô (n), cụ thể như sau:Mẫu được lấy ngẫu nhiên tại lô phương tiện, số lượng mẫu được lấy phụ thuộc vào số lượng phương tiện trong lô (n), cụ thể như sau:Mẫu được lấy ngẫu nhiên tại lô phương tiện, số lượng mẫu được lấy phụ thuộc vào số lượng phương tiện trong lô (n), cụ thể như sau:- Thử nghiệm lô lần đầu:- Thử nghiệm lô lần đầu:- Thử nghiệm lô lần đầu:+ Nếu n ≤ 1.000 thì lấy 06 mẫu;+ Nếu n ≤ 1.000 thì lấy 06 mẫu;+ Nếu n ≤ 1.000 thì lấy 06 mẫu;+ Nếu 1.000 < n ≤ 5.000 thì lấy 12 mẫu;+ Nếu 1.000 < n ≤ 5.000 thì lấy 12 mẫu;+ Nếu 1.000 < n ≤ 5.000 thì lấy 12 mẫu;+ Nếu 5.000 < n ≤ 10.000 thì lấy 18 mẫu;+ Nếu 5.000 < n ≤ 10.000 thì lấy 18 mẫu;+ Nếu 5.000 < n ≤ 10.000 thì lấy 18 mẫu;+ Nếu n > 10.000 thì lấy 24 mẫu.+ Nếu n > 10.000 thì lấy 24 mẫu.+ Nếu n > 10.000 thì lấy 24 mẫu.- Thử nghiệm lô lần kế tiếp:- Thử nghiệm lô lần kế tiếp:- Thử nghiệm lô lần kế tiếp:+ Nếu n ≤ 1.000 thì lấy 03 mẫu;+ Nếu n ≤ 1.000 thì lấy 03 mẫu;+ Nếu n ≤ 1.000 thì lấy 03 mẫu;+ Nếu 1.000 < n ≤ 5.000 thì lấy 06 mẫu;+ Nếu 1.000 < n ≤ 5.000 thì lấy 06 mẫu;+ Nếu 1.000 < n ≤ 5.000 thì lấy 06 mẫu;+ Nếu 5.000 < n ≤ 10.000 thì lấy 09 mẫu;+ Nếu 5.000 < n ≤ 10.000 thì lấy 09 mẫu;+ Nếu 5.000 < n ≤ 10.000 thì lấy 09 mẫu;+ Nếu n > 10.000 thì lấy 12 mẫu+ Nếu n > 10.000 thì lấy 12 mẫu+ Nếu n > 10.000 thì lấy 12 mẫu",8531.10.308531.10.308531.10.30
2.4.82.4.82.4.8,Đầu báo cháy khói kiểu hút (Bộ phát hiện khói công nghệ hút)Đầu báo cháy khói kiểu hút (Bộ phát hiện khói công nghệ hút)Đầu báo cháy khói kiểu hút (Bộ phát hiện khói công nghệ hút),"6. Điều kiện ẩm nhiệt, trạng thái ổn định (*)6. Điều kiện ẩm nhiệt, trạng thái ổn định (*)6. Điều kiện ẩm nhiệt, trạng thái ổn định (*)",5.8.35.8.35.8.3TCVN 7568-20:2016TCVN 7568-20:2016TCVN 7568-20:2016,5.8.25.8.25.8.2TCVN 7568-20:2016TCVN 7568-20:2016TCVN 7568-20:2016,"Mẫu được lấy ngẫu nhiên tại lô phương tiện, số lượng mẫu được lấy phụ thuộc vào số lượng phương tiện trong lô (n), cụ thể như sau:Mẫu được lấy ngẫu nhiên tại lô phương tiện, số lượng mẫu được lấy phụ thuộc vào số lượng phương tiện trong lô (n), cụ thể như sau:Mẫu được lấy ngẫu nhiên tại lô phương tiện, số lượng mẫu được lấy phụ thuộc vào số lượng phương tiện trong lô (n), cụ thể như sau:- Thử nghiệm lô lần đầu:- Thử nghiệm lô lần đầu:- Thử nghiệm lô lần đầu:+ Nếu n ≤ 1.000 thì lấy 06 mẫu;+ Nếu n ≤ 1.000 thì lấy 06 mẫu;+ Nếu n ≤ 1.000 thì lấy 06 mẫu;+ Nếu 1.000 < n ≤ 5.000 thì lấy 12 mẫu;+ Nếu 1.000 < n ≤ 5.000 thì lấy 12 mẫu;+ Nếu 1.000 < n ≤ 5.000 thì lấy 12 mẫu;+ Nếu 5.000 < n ≤ 10.000 thì lấy 18 mẫu;+ Nếu 5.000 < n ≤ 10.000 thì lấy 18 mẫu;+ Nếu 5.000 < n ≤ 10.000 thì lấy 18 mẫu;+ Nếu n > 10.000 thì lấy 24 mẫu.+ Nếu n > 10.000 thì lấy 24 mẫu.+ Nếu n > 10.000 thì lấy 24 mẫu.- Thử nghiệm lô lần kế tiếp:- Thử nghiệm lô lần kế tiếp:- Thử nghiệm lô lần kế tiếp:+ Nếu n ≤ 1.000 thì lấy 03 mẫu;+ Nếu n ≤ 1.000 thì lấy 03 mẫu;+ Nếu n ≤ 1.000 thì lấy 03 mẫu;+ Nếu 1.000 < n ≤ 5.000 thì lấy 06 mẫu;+ Nếu 1.000 < n ≤ 5.000 thì lấy 06 mẫu;+ Nếu 1.000 < n ≤ 5.000 thì lấy 06 mẫu;+ Nếu 5.000 < n ≤ 10.000 thì lấy 09 mẫu;+ Nếu 5.000 < n ≤ 10.000 thì lấy 09 mẫu;+ Nếu 5.000 < n ≤ 10.000 thì lấy 09 mẫu;+ Nếu n > 10.000 thì lấy 12 mẫu+ Nếu n > 10.000 thì lấy 12 mẫu+ Nếu n > 10.000 thì lấy 12 mẫu",8531.10.308531.10.308531.10.30
2.4.82.4.82.4.8,Đầu báo cháy khói kiểu hút (Bộ phát hiện khói công nghệ hút)Đầu báo cháy khói kiểu hút (Bộ phát hiện khói công nghệ hút)Đầu báo cháy khói kiểu hút (Bộ phát hiện khói công nghệ hút),7. Chịu ăn mòn sunphur dioxide (SO2) (*)7. Chịu ăn mòn sunphur dioxide (SO7. Chịu ăn mòn sunphur dioxide (SO22) (*)) (*),5.9.35.9.35.9.3TCVN 7568-20:2016TCVN 7568-20:2016TCVN 7568-20:2016,5.9.25.9.25.9.2TCVN 7568-20:2016TCVN 7568-20:2016TCVN 7568-20:2016,"Mẫu được lấy ngẫu nhiên tại lô phương tiện, số lượng mẫu được lấy phụ thuộc vào số lượng phương tiện trong lô (n), cụ thể như sau:Mẫu được lấy ngẫu nhiên tại lô phương tiện, số lượng mẫu được lấy phụ thuộc vào số lượng phương tiện trong lô (n), cụ thể như sau:Mẫu được lấy ngẫu nhiên tại lô phương tiện, số lượng mẫu được lấy phụ thuộc vào số lượng phương tiện trong lô (n), cụ thể như sau:- Thử nghiệm lô lần đầu:- Thử nghiệm lô lần đầu:- Thử nghiệm lô lần đầu:+ Nếu n ≤ 1.000 thì lấy 06 mẫu;+ Nếu n ≤ 1.000 thì lấy 06 mẫu;+ Nếu n ≤ 1.000 thì lấy 06 mẫu;+ Nếu 1.000 < n ≤ 5.000 thì lấy 12 mẫu;+ Nếu 1.000 < n ≤ 5.000 thì lấy 12 mẫu;+ Nếu 1.000 < n ≤ 5.000 thì lấy 12 mẫu;+ Nếu 5.000 < n ≤ 10.000 thì lấy 18 mẫu;+ Nếu 5.000 < n ≤ 10.000 thì lấy 18 mẫu;+ Nếu 5.000 < n ≤ 10.000 thì lấy 18 mẫu;+ Nếu n > 10.000 thì lấy 24 mẫu.+ Nếu n > 10.000 thì lấy 24 mẫu.+ Nếu n > 10.000 thì lấy 24 mẫu.- Thử nghiệm lô lần kế tiếp:- Thử nghiệm lô lần kế tiếp:- Thử nghiệm lô lần kế tiếp:+ Nếu n ≤ 1.000 thì lấy 03 mẫu;+ Nếu n ≤ 1.000 thì lấy 03 mẫu;+ Nếu n ≤ 1.000 thì lấy 03 mẫu;+ Nếu 1.000 < n ≤ 5.000 thì lấy 06 mẫu;+ Nếu 1.000 < n ≤ 5.000 thì lấy 06 mẫu;+ Nếu 1.000 < n ≤ 5.000 thì lấy 06 mẫu;+ Nếu 5.000 < n ≤ 10.000 thì lấy 09 mẫu;+ Nếu 5.000 < n ≤ 10.000 thì lấy 09 mẫu;+ Nếu 5.000 < n ≤ 10.000 thì lấy 09 mẫu;+ Nếu n > 10.000 thì lấy 12 mẫu+ Nếu n > 10.000 thì lấy 12 mẫu+ Nếu n > 10.000 thì lấy 12 mẫu",8531.10.308531.10.308531.10.30
2.4.82.4.82.4.8,Đầu báo cháy khói kiểu hút (Bộ phát hiện khói công nghệ hút)Đầu báo cháy khói kiểu hút (Bộ phát hiện khói công nghệ hút)Đầu báo cháy khói kiểu hút (Bộ phát hiện khói công nghệ hút),8. Sốc (vận hành)8. Sốc (vận hành)8. Sốc (vận hành),5.10.35.10.35.10.3TCVN 7568-20:2016TCVN 7568-20:2016TCVN 7568-20:2016,5.10.25.10.25.10.2TCVN 7568-20:2016TCVN 7568-20:2016TCVN 7568-20:2016,"Mẫu được lấy ngẫu nhiên tại lô phương tiện, số lượng mẫu được lấy phụ thuộc vào số lượng phương tiện trong lô (n), cụ thể như sau:Mẫu được lấy ngẫu nhiên tại lô phương tiện, số lượng mẫu được lấy phụ thuộc vào số lượng phương tiện trong lô (n), cụ thể như sau:Mẫu được lấy ngẫu nhiên tại lô phương tiện, số lượng mẫu được lấy phụ thuộc vào số lượng phương tiện trong lô (n), cụ thể như sau:- Thử nghiệm lô lần đầu:- Thử nghiệm lô lần đầu:- Thử nghiệm lô lần đầu:+ Nếu n ≤ 1.000 thì lấy 06 mẫu;+ Nếu n ≤ 1.000 thì lấy 06 mẫu;+ Nếu n ≤ 1.000 thì lấy 06 mẫu;+ Nếu 1.000 < n ≤ 5.000 thì lấy 12 mẫu;+ Nếu 1.000 < n ≤ 5.000 thì lấy 12 mẫu;+ Nếu 1.000 < n ≤ 5.000 thì lấy 12 mẫu;+ Nếu 5.000 < n ≤ 10.000 thì lấy 18 mẫu;+ Nếu 5.000 < n ≤ 10.000 thì lấy 18 mẫu;+ Nếu 5.000 < n ≤ 10.000 thì lấy 18 mẫu;+ Nếu n > 10.000 thì lấy 24 mẫu.+ Nếu n > 10.000 thì lấy 24 mẫu.+ Nếu n > 10.000 thì lấy 24 mẫu.- Thử nghiệm lô lần kế tiếp:- Thử nghiệm lô lần kế tiếp:- Thử nghiệm lô lần kế tiếp:+ Nếu n ≤ 1.000 thì lấy 03 mẫu;+ Nếu n ≤ 1.000 thì lấy 03 mẫu;+ Nếu n ≤ 1.000 thì lấy 03 mẫu;+ Nếu 1.000 < n ≤ 5.000 thì lấy 06 mẫu;+ Nếu 1.000 < n ≤ 5.000 thì lấy 06 mẫu;+ Nếu 1.000 < n ≤ 5.000 thì lấy 06 mẫu;+ Nếu 5.000 < n ≤ 10.000 thì lấy 09 mẫu;+ Nếu 5.000 < n ≤ 10.000 thì lấy 09 mẫu;+ Nếu 5.000 < n ≤ 10.000 thì lấy 09 mẫu;+ Nếu n > 10.000 thì lấy 12 mẫu+ Nếu n > 10.000 thì lấy 12 mẫu+ Nếu n > 10.000 thì lấy 12 mẫu",8531.10.308531.10.308531.10.30
2.4.82.4.82.4.8,Đầu báo cháy khói kiểu hút (Bộ phát hiện khói công nghệ hút)Đầu báo cháy khói kiểu hút (Bộ phát hiện khói công nghệ hút)Đầu báo cháy khói kiểu hút (Bộ phát hiện khói công nghệ hút),9. Va đập (vận hành)9. Va đập (vận hành)9. Va đập (vận hành),5.11.35.11.35.11.3TCVN 7568-20:2016TCVN 7568-20:2016TCVN 7568-20:2016,5.11.25.11.25.11.2TCVN 7568-20:2016TCVN 7568-20:2016TCVN 7568-20:2016,"Mẫu được lấy ngẫu nhiên tại lô phương tiện, số lượng mẫu được lấy phụ thuộc vào số lượng phương tiện trong lô (n), cụ thể như sau:Mẫu được lấy ngẫu nhiên tại lô phương tiện, số lượng mẫu được lấy phụ thuộc vào số lượng phương tiện trong lô (n), cụ thể như sau:Mẫu được lấy ngẫu nhiên tại lô phương tiện, số lượng mẫu được lấy phụ thuộc vào số lượng phương tiện trong lô (n), cụ thể như sau:- Thử nghiệm lô lần đầu:- Thử nghiệm lô lần đầu:- Thử nghiệm lô lần đầu:+ Nếu n ≤ 1.000 thì lấy 06 mẫu;+ Nếu n ≤ 1.000 thì lấy 06 mẫu;+ Nếu n ≤ 1.000 thì lấy 06 mẫu;+ Nếu 1.000 < n ≤ 5.000 thì lấy 12 mẫu;+ Nếu 1.000 < n ≤ 5.000 thì lấy 12 mẫu;+ Nếu 1.000 < n ≤ 5.000 thì lấy 12 mẫu;+ Nếu 5.000 < n ≤ 10.000 thì lấy 18 mẫu;+ Nếu 5.000 < n ≤ 10.000 thì lấy 18 mẫu;+ Nếu 5.000 < n ≤ 10.000 thì lấy 18 mẫu;+ Nếu n > 10.000 thì lấy 24 mẫu.+ Nếu n > 10.000 thì lấy 24 mẫu.+ Nếu n > 10.000 thì lấy 24 mẫu.- Thử nghiệm lô lần kế tiếp:- Thử nghiệm lô lần kế tiếp:- Thử nghiệm lô lần kế tiếp:+ Nếu n ≤ 1.000 thì lấy 03 mẫu;+ Nếu n ≤ 1.000 thì lấy 03 mẫu;+ Nếu n ≤ 1.000 thì lấy 03 mẫu;+ Nếu 1.000 < n ≤ 5.000 thì lấy 06 mẫu;+ Nếu 1.000 < n ≤ 5.000 thì lấy 06 mẫu;+ Nếu 1.000 < n ≤ 5.000 thì lấy 06 mẫu;+ Nếu 5.000 < n ≤ 10.000 thì lấy 09 mẫu;+ Nếu 5.000 < n ≤ 10.000 thì lấy 09 mẫu;+ Nếu 5.000 < n ≤ 10.000 thì lấy 09 mẫu;+ Nếu n > 10.000 thì lấy 12 mẫu+ Nếu n > 10.000 thì lấy 12 mẫu+ Nếu n > 10.000 thì lấy 12 mẫu",8531.10.308531.10.308531.10.30
2.4.82.4.82.4.8,Đầu báo cháy khói kiểu hút (Bộ phát hiện khói công nghệ hút)Đầu báo cháy khói kiểu hút (Bộ phát hiện khói công nghệ hút)Đầu báo cháy khói kiểu hút (Bộ phát hiện khói công nghệ hút),"10. Rung, dao động sin (vận hành)10. Rung, dao động sin (vận hành)10. Rung, dao động sin (vận hành)",5.12.35.12.35.12.3TCVN 7568-20:2016TCVN 7568-20:2016TCVN 7568-20:2016,5.12.25.12.25.12.2TCVN 7568-20:2016TCVN 7568-20:2016TCVN 7568-20:2016,"Mẫu được lấy ngẫu nhiên tại lô phương tiện, số lượng mẫu được lấy phụ thuộc vào số lượng phương tiện trong lô (n), cụ thể như sau:Mẫu được lấy ngẫu nhiên tại lô phương tiện, số lượng mẫu được lấy phụ thuộc vào số lượng phương tiện trong lô (n), cụ thể như sau:Mẫu được lấy ngẫu nhiên tại lô phương tiện, số lượng mẫu được lấy phụ thuộc vào số lượng phương tiện trong lô (n), cụ thể như sau:- Thử nghiệm lô lần đầu:- Thử nghiệm lô lần đầu:- Thử nghiệm lô lần đầu:+ Nếu n ≤ 1.000 thì lấy 06 mẫu;+ Nếu n ≤ 1.000 thì lấy 06 mẫu;+ Nếu n ≤ 1.000 thì lấy 06 mẫu;+ Nếu 1.000 < n ≤ 5.000 thì lấy 12 mẫu;+ Nếu 1.000 < n ≤ 5.000 thì lấy 12 mẫu;+ Nếu 1.000 < n ≤ 5.000 thì lấy 12 mẫu;+ Nếu 5.000 < n ≤ 10.000 thì lấy 18 mẫu;+ Nếu 5.000 < n ≤ 10.000 thì lấy 18 mẫu;+ Nếu 5.000 < n ≤ 10.000 thì lấy 18 mẫu;+ Nếu n > 10.000 thì lấy 24 mẫu.+ Nếu n > 10.000 thì lấy 24 mẫu.+ Nếu n > 10.000 thì lấy 24 mẫu.- Thử nghiệm lô lần kế tiếp:- Thử nghiệm lô lần kế tiếp:- Thử nghiệm lô lần kế tiếp:+ Nếu n ≤ 1.000 thì lấy 03 mẫu;+ Nếu n ≤ 1.000 thì lấy 03 mẫu;+ Nếu n ≤ 1.000 thì lấy 03 mẫu;+ Nếu 1.000 < n ≤ 5.000 thì lấy 06 mẫu;+ Nếu 1.000 < n ≤ 5.000 thì lấy 06 mẫu;+ Nếu 1.000 < n ≤ 5.000 thì lấy 06 mẫu;+ Nếu 5.000 < n ≤ 10.000 thì lấy 09 mẫu;+ Nếu 5.000 < n ≤ 10.000 thì lấy 09 mẫu;+ Nếu 5.000 < n ≤ 10.000 thì lấy 09 mẫu;+ Nếu n > 10.000 thì lấy 12 mẫu+ Nếu n > 10.000 thì lấy 12 mẫu+ Nếu n > 10.000 thì lấy 12 mẫu",8531.10.308531.10.308531.10.30
2.4.82.4.82.4.8,Đầu báo cháy khói kiểu hút (Bộ phát hiện khói công nghệ hút)Đầu báo cháy khói kiểu hút (Bộ phát hiện khói công nghệ hút)Đầu báo cháy khói kiểu hút (Bộ phát hiện khói công nghệ hút),"11. Rung, dao động sin (độ bền) (*)11. Rung, dao động sin (độ bền) (*)11. Rung, dao động sin (độ bền) (*)",5.13.35.13.35.13.3TCVN 7568-20:2016TCVN 7568-20:2016TCVN 7568-20:2016,5.13.25.13.25.13.2TCVN 7568-20:2016TCVN 7568-20:2016TCVN 7568-20:2016,"Mẫu được lấy ngẫu nhiên tại lô phương tiện, số lượng mẫu được lấy phụ thuộc vào số lượng phương tiện trong lô (n), cụ thể như sau:Mẫu được lấy ngẫu nhiên tại lô phương tiện, số lượng mẫu được lấy phụ thuộc vào số lượng phương tiện trong lô (n), cụ thể như sau:Mẫu được lấy ngẫu nhiên tại lô phương tiện, số lượng mẫu được lấy phụ thuộc vào số lượng phương tiện trong lô (n), cụ thể như sau:- Thử nghiệm lô lần đầu:- Thử nghiệm lô lần đầu:- Thử nghiệm lô lần đầu:+ Nếu n ≤ 1.000 thì lấy 06 mẫu;+ Nếu n ≤ 1.000 thì lấy 06 mẫu;+ Nếu n ≤ 1.000 thì lấy 06 mẫu;+ Nếu 1.000 < n ≤ 5.000 thì lấy 12 mẫu;+ Nếu 1.000 < n ≤ 5.000 thì lấy 12 mẫu;+ Nếu 1.000 < n ≤ 5.000 thì lấy 12 mẫu;+ Nếu 5.000 < n ≤ 10.000 thì lấy 18 mẫu;+ Nếu 5.000 < n ≤ 10.000 thì lấy 18 mẫu;+ Nếu 5.000 < n ≤ 10.000 thì lấy 18 mẫu;+ Nếu n > 10.000 thì lấy 24 mẫu.+ Nếu n > 10.000 thì lấy 24 mẫu.+ Nếu n > 10.000 thì lấy 24 mẫu.- Thử nghiệm lô lần kế tiếp:- Thử nghiệm lô lần kế tiếp:- Thử nghiệm lô lần kế tiếp:+ Nếu n ≤ 1.000 thì lấy 03 mẫu;+ Nếu n ≤ 1.000 thì lấy 03 mẫu;+ Nếu n ≤ 1.000 thì lấy 03 mẫu;+ Nếu 1.000 < n ≤ 5.000 thì lấy 06 mẫu;+ Nếu 1.000 < n ≤ 5.000 thì lấy 06 mẫu;+ Nếu 1.000 < n ≤ 5.000 thì lấy 06 mẫu;+ Nếu 5.000 < n ≤ 10.000 thì lấy 09 mẫu;+ Nếu 5.000 < n ≤ 10.000 thì lấy 09 mẫu;+ Nếu 5.000 < n ≤ 10.000 thì lấy 09 mẫu;+ Nếu n > 10.000 thì lấy 12 mẫu+ Nếu n > 10.000 thì lấy 12 mẫu+ Nếu n > 10.000 thì lấy 12 mẫu",8531.10.308531.10.308531.10.30
2.4.82.4.82.4.8,Đầu báo cháy khói kiểu hút (Bộ phát hiện khói công nghệ hút)Đầu báo cháy khói kiểu hút (Bộ phát hiện khói công nghệ hút)Đầu báo cháy khói kiểu hút (Bộ phát hiện khói công nghệ hút),12. Độ nhạy với lửa (*)12. Độ nhạy với lửa (*)12. Độ nhạy với lửa (*),5.15.35.15.35.15.3TCVN 7568-20:2016TCVN 7568-20:2016TCVN 7568-20:2016,5.15.25.15.25.15.2TCVN 7568-20:2016TCVN 7568-20:2016TCVN 7568-20:2016,"Mẫu được lấy ngẫu nhiên tại lô phương tiện, số lượng mẫu được lấy phụ thuộc vào số lượng phương tiện trong lô (n), cụ thể như sau:Mẫu được lấy ngẫu nhiên tại lô phương tiện, số lượng mẫu được lấy phụ thuộc vào số lượng phương tiện trong lô (n), cụ thể như sau:Mẫu được lấy ngẫu nhiên tại lô phương tiện, số lượng mẫu được lấy phụ thuộc vào số lượng phương tiện trong lô (n), cụ thể như sau:- Thử nghiệm lô lần đầu:- Thử nghiệm lô lần đầu:- Thử nghiệm lô lần đầu:+ Nếu n ≤ 1.000 thì lấy 06 mẫu;+ Nếu n ≤ 1.000 thì lấy 06 mẫu;+ Nếu n ≤ 1.000 thì lấy 06 mẫu;+ Nếu 1.000 < n ≤ 5.000 thì lấy 12 mẫu;+ Nếu 1.000 < n ≤ 5.000 thì lấy 12 mẫu;+ Nếu 1.000 < n ≤ 5.000 thì lấy 12 mẫu;+ Nếu 5.000 < n ≤ 10.000 thì lấy 18 mẫu;+ Nếu 5.000 < n ≤ 10.000 thì lấy 18 mẫu;+ Nếu 5.000 < n ≤ 10.000 thì lấy 18 mẫu;+ Nếu n > 10.000 thì lấy 24 mẫu.+ Nếu n > 10.000 thì lấy 24 mẫu.+ Nếu n > 10.000 thì lấy 24 mẫu.- Thử nghiệm lô lần kế tiếp:- Thử nghiệm lô lần kế tiếp:- Thử nghiệm lô lần kế tiếp:+ Nếu n ≤ 1.000 thì lấy 03 mẫu;+ Nếu n ≤ 1.000 thì lấy 03 mẫu;+ Nếu n ≤ 1.000 thì lấy 03 mẫu;+ Nếu 1.000 < n ≤ 5.000 thì lấy 06 mẫu;+ Nếu 1.000 < n ≤ 5.000 thì lấy 06 mẫu;+ Nếu 1.000 < n ≤ 5.000 thì lấy 06 mẫu;+ Nếu 5.000 < n ≤ 10.000 thì lấy 09 mẫu;+ Nếu 5.000 < n ≤ 10.000 thì lấy 09 mẫu;+ Nếu 5.000 < n ≤ 10.000 thì lấy 09 mẫu;+ Nếu n > 10.000 thì lấy 12 mẫu+ Nếu n > 10.000 thì lấy 12 mẫu+ Nếu n > 10.000 thì lấy 12 mẫu",8531.10.308531.10.308531.10.30
2.4.9.2.4.9.2.4.9.,Đầu báo cháy khói dùng trong các đường ống (Thiết bị phát hiện khói dùng trong các đường ống)Đầu báo cháy khói dùng trong các đường ống (Thiết bị phát hiện khói dùng trong các đường ống)Đầu báo cháy khói dùng trong các đường ống (Thiết bị phát hiện khói dùng trong các đường ống),1. Tính lặp lại1. Tính lặp lại1. Tính lặp lại,5.2.35.2.35.2.3TCVN 7568-22:2016TCVN 7568-22:2016TCVN 7568-22:2016,5.2.25.2.25.2.2TCVN 7568-22:2016TCVN 7568-22:2016TCVN 7568-22:2016,"Mẫu được lấy ngẫu nhiên tại lô phương tiện, số lượng mẫu được lấy phụ thuộc vào số lượng phương tiện trong lô (n), cụ thể như sau:Mẫu được lấy ngẫu nhiên tại lô phương tiện, số lượng mẫu được lấy phụ thuộc vào số lượng phương tiện trong lô (n), cụ thể như sau:Mẫu được lấy ngẫu nhiên tại lô phương tiện, số lượng mẫu được lấy phụ thuộc vào số lượng phương tiện trong lô (n), cụ thể như sau:- Thử nghiệm lô lần đầu:- Thử nghiệm lô lần đầu:- Thử nghiệm lô lần đầu:+ Nếu n ≤ 1.000 thì lấy 11 mẫu;+ Nếu n ≤ 1.000 thì lấy 11 mẫu;+ Nếu n ≤ 1.000 thì lấy 11 mẫu;+ Nếu 1.000 < n ≤ 5.000 thì lấy 22 mẫu;+ Nếu 1.000 < n ≤ 5.000 thì lấy 22 mẫu;+ Nếu 1.000 < n ≤ 5.000 thì lấy 22 mẫu;+ Nếu 5.000 < n ≤ 10.000 thì lấy 33 mẫu;+ Nếu 5.000 < n ≤ 10.000 thì lấy 33 mẫu;+ Nếu 5.000 < n ≤ 10.000 thì lấy 33 mẫu;+ Nếu n > 10.000 thì lấy 44 mẫu.+ Nếu n > 10.000 thì lấy 44 mẫu.+ Nếu n > 10.000 thì lấy 44 mẫu.- Thử nghiệm lô lần kế tiếp:- Thử nghiệm lô lần kế tiếp:- Thử nghiệm lô lần kế tiếp:+ Nếu n ≤ 1.000 thì lấy 07 mẫu;+ Nếu n ≤ 1.000 thì lấy 07 mẫu;+ Nếu n ≤ 1.000 thì lấy 07 mẫu;+ Nếu 1.000 < n ≤ 5.000 thì lấy 14 mẫu;+ Nếu 1.000 < n ≤ 5.000 thì lấy 14 mẫu;+ Nếu 1.000 < n ≤ 5.000 thì lấy 14 mẫu;+ Nếu 5.000 < n ≤ 10.000 thì lấy 21 mẫu;+ Nếu 5.000 < n ≤ 10.000 thì lấy 21 mẫu;+ Nếu 5.000 < n ≤ 10.000 thì lấy 21 mẫu;+ Nếu n > 10.000 thì lấy 28 mẫu.+ Nếu n > 10.000 thì lấy 28 mẫu.+ Nếu n > 10.000 thì lấy 28 mẫu.",8531.10.308531.10.308531.10.30
2.4.9.2.4.9.2.4.9.,Đầu báo cháy khói dùng trong các đường ống (Thiết bị phát hiện khói dùng trong các đường ống)Đầu báo cháy khói dùng trong các đường ống (Thiết bị phát hiện khói dùng trong các đường ống)Đầu báo cháy khói dùng trong các đường ống (Thiết bị phát hiện khói dùng trong các đường ống),2. Tính tái lặp2. Tính tái lặp2. Tính tái lặp,5.3.35.3.35.3.3TCVN 7568-22:2016TCVN 7568-22:2016TCVN 7568-22:2016,5.325.325.32TCVN 7568-22:2016TCVN 7568-22:2016TCVN 7568-22:2016,"Mẫu được lấy ngẫu nhiên tại lô phương tiện, số lượng mẫu được lấy phụ thuộc vào số lượng phương tiện trong lô (n), cụ thể như sau:Mẫu được lấy ngẫu nhiên tại lô phương tiện, số lượng mẫu được lấy phụ thuộc vào số lượng phương tiện trong lô (n), cụ thể như sau:Mẫu được lấy ngẫu nhiên tại lô phương tiện, số lượng mẫu được lấy phụ thuộc vào số lượng phương tiện trong lô (n), cụ thể như sau:- Thử nghiệm lô lần đầu:- Thử nghiệm lô lần đầu:- Thử nghiệm lô lần đầu:+ Nếu n ≤ 1.000 thì lấy 11 mẫu;+ Nếu n ≤ 1.000 thì lấy 11 mẫu;+ Nếu n ≤ 1.000 thì lấy 11 mẫu;+ Nếu 1.000 < n ≤ 5.000 thì lấy 22 mẫu;+ Nếu 1.000 < n ≤ 5.000 thì lấy 22 mẫu;+ Nếu 1.000 < n ≤ 5.000 thì lấy 22 mẫu;+ Nếu 5.000 < n ≤ 10.000 thì lấy 33 mẫu;+ Nếu 5.000 < n ≤ 10.000 thì lấy 33 mẫu;+ Nếu 5.000 < n ≤ 10.000 thì lấy 33 mẫu;+ Nếu n > 10.000 thì lấy 44 mẫu.+ Nếu n > 10.000 thì lấy 44 mẫu.+ Nếu n > 10.000 thì lấy 44 mẫu.- Thử nghiệm lô lần kế tiếp:- Thử nghiệm lô lần kế tiếp:- Thử nghiệm lô lần kế tiếp:+ Nếu n ≤ 1.000 thì lấy 07 mẫu;+ Nếu n ≤ 1.000 thì lấy 07 mẫu;+ Nếu n ≤ 1.000 thì lấy 07 mẫu;+ Nếu 1.000 < n ≤ 5.000 thì lấy 14 mẫu;+ Nếu 1.000 < n ≤ 5.000 thì lấy 14 mẫu;+ Nếu 1.000 < n ≤ 5.000 thì lấy 14 mẫu;+ Nếu 5.000 < n ≤ 10.000 thì lấy 21 mẫu;+ Nếu 5.000 < n ≤ 10.000 thì lấy 21 mẫu;+ Nếu 5.000 < n ≤ 10.000 thì lấy 21 mẫu;+ Nếu n > 10.000 thì lấy 28 mẫu.+ Nếu n > 10.000 thì lấy 28 mẫu.+ Nếu n > 10.000 thì lấy 28 mẫu.",8531.10.308531.10.308531.10.30
2.4.9.2.4.9.2.4.9.,Đầu báo cháy khói dùng trong các đường ống (Thiết bị phát hiện khói dùng trong các đường ống)Đầu báo cháy khói dùng trong các đường ống (Thiết bị phát hiện khói dùng trong các đường ống)Đầu báo cháy khói dùng trong các đường ống (Thiết bị phát hiện khói dùng trong các đường ống),3. Sự biến đổi của điện thế nguồn cấp3. Sự biến đổi của điện thế nguồn cấp3. Sự biến đổi của điện thế nguồn cấp,5.4.35.4.35.4.3TCVN 7568-22:2016TCVN 7568-22:2016TCVN 7568-22:2016,5.4.25.4.25.4.2TCVN 7568-22:2016TCVN 7568-22:2016TCVN 7568-22:2016,"Mẫu được lấy ngẫu nhiên tại lô phương tiện, số lượng mẫu được lấy phụ thuộc vào số lượng phương tiện trong lô (n), cụ thể như sau:Mẫu được lấy ngẫu nhiên tại lô phương tiện, số lượng mẫu được lấy phụ thuộc vào số lượng phương tiện trong lô (n), cụ thể như sau:Mẫu được lấy ngẫu nhiên tại lô phương tiện, số lượng mẫu được lấy phụ thuộc vào số lượng phương tiện trong lô (n), cụ thể như sau:- Thử nghiệm lô lần đầu:- Thử nghiệm lô lần đầu:- Thử nghiệm lô lần đầu:+ Nếu n ≤ 1.000 thì lấy 11 mẫu;+ Nếu n ≤ 1.000 thì lấy 11 mẫu;+ Nếu n ≤ 1.000 thì lấy 11 mẫu;+ Nếu 1.000 < n ≤ 5.000 thì lấy 22 mẫu;+ Nếu 1.000 < n ≤ 5.000 thì lấy 22 mẫu;+ Nếu 1.000 < n ≤ 5.000 thì lấy 22 mẫu;+ Nếu 5.000 < n ≤ 10.000 thì lấy 33 mẫu;+ Nếu 5.000 < n ≤ 10.000 thì lấy 33 mẫu;+ Nếu 5.000 < n ≤ 10.000 thì lấy 33 mẫu;+ Nếu n > 10.000 thì lấy 44 mẫu.+ Nếu n > 10.000 thì lấy 44 mẫu.+ Nếu n > 10.000 thì lấy 44 mẫu.- Thử nghiệm lô lần kế tiếp:- Thử nghiệm lô lần kế tiếp:- Thử nghiệm lô lần kế tiếp:+ Nếu n ≤ 1.000 thì lấy 07 mẫu;+ Nếu n ≤ 1.000 thì lấy 07 mẫu;+ Nếu n ≤ 1.000 thì lấy 07 mẫu;+ Nếu 1.000 < n ≤ 5.000 thì lấy 14 mẫu;+ Nếu 1.000 < n ≤ 5.000 thì lấy 14 mẫu;+ Nếu 1.000 < n ≤ 5.000 thì lấy 14 mẫu;+ Nếu 5.000 < n ≤ 10.000 thì lấy 21 mẫu;+ Nếu 5.000 < n ≤ 10.000 thì lấy 21 mẫu;+ Nếu 5.000 < n ≤ 10.000 thì lấy 21 mẫu;+ Nếu n > 10.000 thì lấy 28 mẫu.+ Nếu n > 10.000 thì lấy 28 mẫu.+ Nếu n > 10.000 thì lấy 28 mẫu.",8531.10.308531.10.308531.10.30
2.4.9.2.4.9.2.4.9.,Đầu báo cháy khói dùng trong các đường ống (Thiết bị phát hiện khói dùng trong các đường ống)Đầu báo cháy khói dùng trong các đường ống (Thiết bị phát hiện khói dùng trong các đường ống)Đầu báo cháy khói dùng trong các đường ống (Thiết bị phát hiện khói dùng trong các đường ống),4. Sự chịu lóa4. Sự chịu lóa4. Sự chịu lóa,5.5.35.5.35.5.3TCVN 7568-22:2016TCVN 7568-22:2016TCVN 7568-22:2016,5.5.25.5.25.5.2TCVN 7568-22:2016TCVN 7568-22:2016TCVN 7568-22:2016,"Mẫu được lấy ngẫu nhiên tại lô phương tiện, số lượng mẫu được lấy phụ thuộc vào số lượng phương tiện trong lô (n), cụ thể như sau:Mẫu được lấy ngẫu nhiên tại lô phương tiện, số lượng mẫu được lấy phụ thuộc vào số lượng phương tiện trong lô (n), cụ thể như sau:Mẫu được lấy ngẫu nhiên tại lô phương tiện, số lượng mẫu được lấy phụ thuộc vào số lượng phương tiện trong lô (n), cụ thể như sau:- Thử nghiệm lô lần đầu:- Thử nghiệm lô lần đầu:- Thử nghiệm lô lần đầu:+ Nếu n ≤ 1.000 thì lấy 11 mẫu;+ Nếu n ≤ 1.000 thì lấy 11 mẫu;+ Nếu n ≤ 1.000 thì lấy 11 mẫu;+ Nếu 1.000 < n ≤ 5.000 thì lấy 22 mẫu;+ Nếu 1.000 < n ≤ 5.000 thì lấy 22 mẫu;+ Nếu 1.000 < n ≤ 5.000 thì lấy 22 mẫu;+ Nếu 5.000 < n ≤ 10.000 thì lấy 33 mẫu;+ Nếu 5.000 < n ≤ 10.000 thì lấy 33 mẫu;+ Nếu 5.000 < n ≤ 10.000 thì lấy 33 mẫu;+ Nếu n > 10.000 thì lấy 44 mẫu.+ Nếu n > 10.000 thì lấy 44 mẫu.+ Nếu n > 10.000 thì lấy 44 mẫu.- Thử nghiệm lô lần kế tiếp:- Thử nghiệm lô lần kế tiếp:- Thử nghiệm lô lần kế tiếp:+ Nếu n ≤ 1.000 thì lấy 07 mẫu;+ Nếu n ≤ 1.000 thì lấy 07 mẫu;+ Nếu n ≤ 1.000 thì lấy 07 mẫu;+ Nếu 1.000 < n ≤ 5.000 thì lấy 14 mẫu;+ Nếu 1.000 < n ≤ 5.000 thì lấy 14 mẫu;+ Nếu 1.000 < n ≤ 5.000 thì lấy 14 mẫu;+ Nếu 5.000 < n ≤ 10.000 thì lấy 21 mẫu;+ Nếu 5.000 < n ≤ 10.000 thì lấy 21 mẫu;+ Nếu 5.000 < n ≤ 10.000 thì lấy 21 mẫu;+ Nếu n > 10.000 thì lấy 28 mẫu.+ Nếu n > 10.000 thì lấy 28 mẫu.+ Nếu n > 10.000 thì lấy 28 mẫu.",8531.10.308531.10.308531.10.30
2.4.9.2.4.9.2.4.9.,Đầu báo cháy khói dùng trong các đường ống (Thiết bị phát hiện khói dùng trong các đường ống)Đầu báo cháy khói dùng trong các đường ống (Thiết bị phát hiện khói dùng trong các đường ống)Đầu báo cháy khói dùng trong các đường ống (Thiết bị phát hiện khói dùng trong các đường ống),5. Điều kiện khô nóng (vận hành)5. Điều kiện khô nóng (vận hành)5. Điều kiện khô nóng (vận hành),5.6.35.6.35.6.3TCVN 7568-22:2016TCVN 7568-22:2016TCVN 7568-22:2016,5.6.25.6.25.6.2TCVN 7568-22:2016TCVN 7568-22:2016TCVN 7568-22:2016,"Mẫu được lấy ngẫu nhiên tại lô phương tiện, số lượng mẫu được lấy phụ thuộc vào số lượng phương tiện trong lô (n), cụ thể như sau:Mẫu được lấy ngẫu nhiên tại lô phương tiện, số lượng mẫu được lấy phụ thuộc vào số lượng phương tiện trong lô (n), cụ thể như sau:Mẫu được lấy ngẫu nhiên tại lô phương tiện, số lượng mẫu được lấy phụ thuộc vào số lượng phương tiện trong lô (n), cụ thể như sau:- Thử nghiệm lô lần đầu:- Thử nghiệm lô lần đầu:- Thử nghiệm lô lần đầu:+ Nếu n ≤ 1.000 thì lấy 11 mẫu;+ Nếu n ≤ 1.000 thì lấy 11 mẫu;+ Nếu n ≤ 1.000 thì lấy 11 mẫu;+ Nếu 1.000 < n ≤ 5.000 thì lấy 22 mẫu;+ Nếu 1.000 < n ≤ 5.000 thì lấy 22 mẫu;+ Nếu 1.000 < n ≤ 5.000 thì lấy 22 mẫu;+ Nếu 5.000 < n ≤ 10.000 thì lấy 33 mẫu;+ Nếu 5.000 < n ≤ 10.000 thì lấy 33 mẫu;+ Nếu 5.000 < n ≤ 10.000 thì lấy 33 mẫu;+ Nếu n > 10.000 thì lấy 44 mẫu.+ Nếu n > 10.000 thì lấy 44 mẫu.+ Nếu n > 10.000 thì lấy 44 mẫu.- Thử nghiệm lô lần kế tiếp:- Thử nghiệm lô lần kế tiếp:- Thử nghiệm lô lần kế tiếp:+ Nếu n ≤ 1.000 thì lấy 07 mẫu;+ Nếu n ≤ 1.000 thì lấy 07 mẫu;+ Nếu n ≤ 1.000 thì lấy 07 mẫu;+ Nếu 1.000 < n ≤ 5.000 thì lấy 14 mẫu;+ Nếu 1.000 < n ≤ 5.000 thì lấy 14 mẫu;+ Nếu 1.000 < n ≤ 5.000 thì lấy 14 mẫu;+ Nếu 5.000 < n ≤ 10.000 thì lấy 21 mẫu;+ Nếu 5.000 < n ≤ 10.000 thì lấy 21 mẫu;+ Nếu 5.000 < n ≤ 10.000 thì lấy 21 mẫu;+ Nếu n > 10.000 thì lấy 28 mẫu.+ Nếu n > 10.000 thì lấy 28 mẫu.+ Nếu n > 10.000 thì lấy 28 mẫu.",8531.10.308531.10.308531.10.30
2.4.9.2.4.9.2.4.9.,Đầu báo cháy khói dùng trong các đường ống (Thiết bị phát hiện khói dùng trong các đường ống)Đầu báo cháy khói dùng trong các đường ống (Thiết bị phát hiện khói dùng trong các đường ống)Đầu báo cháy khói dùng trong các đường ống (Thiết bị phát hiện khói dùng trong các đường ống),"6. Điều kiện ẩm nhiệt, trạng thái ổn định (vận hành)6. Điều kiện ẩm nhiệt, trạng thái ổn định (vận hành)6. Điều kiện ẩm nhiệt, trạng thái ổn định (vận hành)",5.8.35.8.35.8.3TCVN 7568-22:2016TCVN 7568-22:2016TCVN 7568-22:2016,5.8.25.8.25.8.2TCVN 7568-22:2016TCVN 7568-22:2016TCVN 7568-22:2016,"Mẫu được lấy ngẫu nhiên tại lô phương tiện, số lượng mẫu được lấy phụ thuộc vào số lượng phương tiện trong lô (n), cụ thể như sau:Mẫu được lấy ngẫu nhiên tại lô phương tiện, số lượng mẫu được lấy phụ thuộc vào số lượng phương tiện trong lô (n), cụ thể như sau:Mẫu được lấy ngẫu nhiên tại lô phương tiện, số lượng mẫu được lấy phụ thuộc vào số lượng phương tiện trong lô (n), cụ thể như sau:- Thử nghiệm lô lần đầu:- Thử nghiệm lô lần đầu:- Thử nghiệm lô lần đầu:+ Nếu n ≤ 1.000 thì lấy 11 mẫu;+ Nếu n ≤ 1.000 thì lấy 11 mẫu;+ Nếu n ≤ 1.000 thì lấy 11 mẫu;+ Nếu 1.000 < n ≤ 5.000 thì lấy 22 mẫu;+ Nếu 1.000 < n ≤ 5.000 thì lấy 22 mẫu;+ Nếu 1.000 < n ≤ 5.000 thì lấy 22 mẫu;+ Nếu 5.000 < n ≤ 10.000 thì lấy 33 mẫu;+ Nếu 5.000 < n ≤ 10.000 thì lấy 33 mẫu;+ Nếu 5.000 < n ≤ 10.000 thì lấy 33 mẫu;+ Nếu n > 10.000 thì lấy 44 mẫu.+ Nếu n > 10.000 thì lấy 44 mẫu.+ Nếu n > 10.000 thì lấy 44 mẫu.- Thử nghiệm lô lần kế tiếp:- Thử nghiệm lô lần kế tiếp:- Thử nghiệm lô lần kế tiếp:+ Nếu n ≤ 1.000 thì lấy 07 mẫu;+ Nếu n ≤ 1.000 thì lấy 07 mẫu;+ Nếu n ≤ 1.000 thì lấy 07 mẫu;+ Nếu 1.000 < n ≤ 5.000 thì lấy 14 mẫu;+ Nếu 1.000 < n ≤ 5.000 thì lấy 14 mẫu;+ Nếu 1.000 < n ≤ 5.000 thì lấy 14 mẫu;+ Nếu 5.000 < n ≤ 10.000 thì lấy 21 mẫu;+ Nếu 5.000 < n ≤ 10.000 thì lấy 21 mẫu;+ Nếu 5.000 < n ≤ 10.000 thì lấy 21 mẫu;+ Nếu n > 10.000 thì lấy 28 mẫu.+ Nếu n > 10.000 thì lấy 28 mẫu.+ Nếu n > 10.000 thì lấy 28 mẫu.",8531.10.308531.10.308531.10.30
2.4.9.2.4.9.2.4.9.,Đầu báo cháy khói dùng trong các đường ống (Thiết bị phát hiện khói dùng trong các đường ống)Đầu báo cháy khói dùng trong các đường ống (Thiết bị phát hiện khói dùng trong các đường ống)Đầu báo cháy khói dùng trong các đường ống (Thiết bị phát hiện khói dùng trong các đường ống),"7. Điều kiện ẩm nhiệt, trạng thái ổn định (độ bền) (*)7. Điều kiện ẩm nhiệt, trạng thái ổn định (độ bền) (*)7. Điều kiện ẩm nhiệt, trạng thái ổn định (độ bền) (*)",5.9.35.9.35.9.3TCVN 7568-22:2016TCVN 7568-22:2016TCVN 7568-22:2016,5.9.25.9.25.9.2TCVN 7568-22:2016TCVN 7568-22:2016TCVN 7568-22:2016,"Mẫu được lấy ngẫu nhiên tại lô phương tiện, số lượng mẫu được lấy phụ thuộc vào số lượng phương tiện trong lô (n), cụ thể như sau:Mẫu được lấy ngẫu nhiên tại lô phương tiện, số lượng mẫu được lấy phụ thuộc vào số lượng phương tiện trong lô (n), cụ thể như sau:Mẫu được lấy ngẫu nhiên tại lô phương tiện, số lượng mẫu được lấy phụ thuộc vào số lượng phương tiện trong lô (n), cụ thể như sau:- Thử nghiệm lô lần đầu:- Thử nghiệm lô lần đầu:- Thử nghiệm lô lần đầu:+ Nếu n ≤ 1.000 thì lấy 11 mẫu;+ Nếu n ≤ 1.000 thì lấy 11 mẫu;+ Nếu n ≤ 1.000 thì lấy 11 mẫu;+ Nếu 1.000 < n ≤ 5.000 thì lấy 22 mẫu;+ Nếu 1.000 < n ≤ 5.000 thì lấy 22 mẫu;+ Nếu 1.000 < n ≤ 5.000 thì lấy 22 mẫu;+ Nếu 5.000 < n ≤ 10.000 thì lấy 33 mẫu;+ Nếu 5.000 < n ≤ 10.000 thì lấy 33 mẫu;+ Nếu 5.000 < n ≤ 10.000 thì lấy 33 mẫu;+ Nếu n > 10.000 thì lấy 44 mẫu.+ Nếu n > 10.000 thì lấy 44 mẫu.+ Nếu n > 10.000 thì lấy 44 mẫu.- Thử nghiệm lô lần kế tiếp:- Thử nghiệm lô lần kế tiếp:- Thử nghiệm lô lần kế tiếp:+ Nếu n ≤ 1.000 thì lấy 07 mẫu;+ Nếu n ≤ 1.000 thì lấy 07 mẫu;+ Nếu n ≤ 1.000 thì lấy 07 mẫu;+ Nếu 1.000 < n ≤ 5.000 thì lấy 14 mẫu;+ Nếu 1.000 < n ≤ 5.000 thì lấy 14 mẫu;+ Nếu 1.000 < n ≤ 5.000 thì lấy 14 mẫu;+ Nếu 5.000 < n ≤ 10.000 thì lấy 21 mẫu;+ Nếu 5.000 < n ≤ 10.000 thì lấy 21 mẫu;+ Nếu 5.000 < n ≤ 10.000 thì lấy 21 mẫu;+ Nếu n > 10.000 thì lấy 28 mẫu.+ Nếu n > 10.000 thì lấy 28 mẫu.+ Nếu n > 10.000 thì lấy 28 mẫu.",8531.10.308531.10.308531.10.30
2.4.9.2.4.9.2.4.9.,Đầu báo cháy khói dùng trong các đường ống (Thiết bị phát hiện khói dùng trong các đường ống)Đầu báo cháy khói dùng trong các đường ống (Thiết bị phát hiện khói dùng trong các đường ống)Đầu báo cháy khói dùng trong các đường ống (Thiết bị phát hiện khói dùng trong các đường ống),8. Chịu ăn mòn sunphur dioxide (SO2) (*)8. Chịu ăn mòn sunphur dioxide (SO8. Chịu ăn mòn sunphur dioxide (SO22) (*)) (*),5.10.35.10.35.10.3TCVN 7568-22:2016TCVN 7568-22:2016TCVN 7568-22:2016,5.10.25.10.25.10.2TCVN 7568-22:2016TCVN 7568-22:2016TCVN 7568-22:2016,"Mẫu được lấy ngẫu nhiên tại lô phương tiện, số lượng mẫu được lấy phụ thuộc vào số lượng phương tiện trong lô (n), cụ thể như sau:Mẫu được lấy ngẫu nhiên tại lô phương tiện, số lượng mẫu được lấy phụ thuộc vào số lượng phương tiện trong lô (n), cụ thể như sau:Mẫu được lấy ngẫu nhiên tại lô phương tiện, số lượng mẫu được lấy phụ thuộc vào số lượng phương tiện trong lô (n), cụ thể như sau:- Thử nghiệm lô lần đầu:- Thử nghiệm lô lần đầu:- Thử nghiệm lô lần đầu:+ Nếu n ≤ 1.000 thì lấy 11 mẫu;+ Nếu n ≤ 1.000 thì lấy 11 mẫu;+ Nếu n ≤ 1.000 thì lấy 11 mẫu;+ Nếu 1.000 < n ≤ 5.000 thì lấy 22 mẫu;+ Nếu 1.000 < n ≤ 5.000 thì lấy 22 mẫu;+ Nếu 1.000 < n ≤ 5.000 thì lấy 22 mẫu;+ Nếu 5.000 < n ≤ 10.000 thì lấy 33 mẫu;+ Nếu 5.000 < n ≤ 10.000 thì lấy 33 mẫu;+ Nếu 5.000 < n ≤ 10.000 thì lấy 33 mẫu;+ Nếu n > 10.000 thì lấy 44 mẫu.+ Nếu n > 10.000 thì lấy 44 mẫu.+ Nếu n > 10.000 thì lấy 44 mẫu.- Thử nghiệm lô lần kế tiếp:- Thử nghiệm lô lần kế tiếp:- Thử nghiệm lô lần kế tiếp:+ Nếu n ≤ 1.000 thì lấy 07 mẫu;+ Nếu n ≤ 1.000 thì lấy 07 mẫu;+ Nếu n ≤ 1.000 thì lấy 07 mẫu;+ Nếu 1.000 < n ≤ 5.000 thì lấy 14 mẫu;+ Nếu 1.000 < n ≤ 5.000 thì lấy 14 mẫu;+ Nếu 1.000 < n ≤ 5.000 thì lấy 14 mẫu;+ Nếu 5.000 < n ≤ 10.000 thì lấy 21 mẫu;+ Nếu 5.000 < n ≤ 10.000 thì lấy 21 mẫu;+ Nếu 5.000 < n ≤ 10.000 thì lấy 21 mẫu;+ Nếu n > 10.000 thì lấy 28 mẫu.+ Nếu n > 10.000 thì lấy 28 mẫu.+ Nếu n > 10.000 thì lấy 28 mẫu.",8531.10.308531.10.308531.10.30
2.4.9.2.4.9.2.4.9.,Đầu báo cháy khói dùng trong các đường ống (Thiết bị phát hiện khói dùng trong các đường ống)Đầu báo cháy khói dùng trong các đường ống (Thiết bị phát hiện khói dùng trong các đường ống)Đầu báo cháy khói dùng trong các đường ống (Thiết bị phát hiện khói dùng trong các đường ống),9. Sốc (vận hành)9. Sốc (vận hành)9. Sốc (vận hành),5.11.35.11.35.11.3TCVN 7568-22:2016TCVN 7568-22:2016TCVN 7568-22:2016,5.11.25.11.25.11.2TCVN 7568-22:2016TCVN 7568-22:2016TCVN 7568-22:2016,"Mẫu được lấy ngẫu nhiên tại lô phương tiện, số lượng mẫu được lấy phụ thuộc vào số lượng phương tiện trong lô (n), cụ thể như sau:Mẫu được lấy ngẫu nhiên tại lô phương tiện, số lượng mẫu được lấy phụ thuộc vào số lượng phương tiện trong lô (n), cụ thể như sau:Mẫu được lấy ngẫu nhiên tại lô phương tiện, số lượng mẫu được lấy phụ thuộc vào số lượng phương tiện trong lô (n), cụ thể như sau:- Thử nghiệm lô lần đầu:- Thử nghiệm lô lần đầu:- Thử nghiệm lô lần đầu:+ Nếu n ≤ 1.000 thì lấy 11 mẫu;+ Nếu n ≤ 1.000 thì lấy 11 mẫu;+ Nếu n ≤ 1.000 thì lấy 11 mẫu;+ Nếu 1.000 < n ≤ 5.000 thì lấy 22 mẫu;+ Nếu 1.000 < n ≤ 5.000 thì lấy 22 mẫu;+ Nếu 1.000 < n ≤ 5.000 thì lấy 22 mẫu;+ Nếu 5.000 < n ≤ 10.000 thì lấy 33 mẫu;+ Nếu 5.000 < n ≤ 10.000 thì lấy 33 mẫu;+ Nếu 5.000 < n ≤ 10.000 thì lấy 33 mẫu;+ Nếu n > 10.000 thì lấy 44 mẫu.+ Nếu n > 10.000 thì lấy 44 mẫu.+ Nếu n > 10.000 thì lấy 44 mẫu.- Thử nghiệm lô lần kế tiếp:- Thử nghiệm lô lần kế tiếp:- Thử nghiệm lô lần kế tiếp:+ Nếu n ≤ 1.000 thì lấy 07 mẫu;+ Nếu n ≤ 1.000 thì lấy 07 mẫu;+ Nếu n ≤ 1.000 thì lấy 07 mẫu;+ Nếu 1.000 < n ≤ 5.000 thì lấy 14 mẫu;+ Nếu 1.000 < n ≤ 5.000 thì lấy 14 mẫu;+ Nếu 1.000 < n ≤ 5.000 thì lấy 14 mẫu;+ Nếu 5.000 < n ≤ 10.000 thì lấy 21 mẫu;+ Nếu 5.000 < n ≤ 10.000 thì lấy 21 mẫu;+ Nếu 5.000 < n ≤ 10.000 thì lấy 21 mẫu;+ Nếu n > 10.000 thì lấy 28 mẫu.+ Nếu n > 10.000 thì lấy 28 mẫu.+ Nếu n > 10.000 thì lấy 28 mẫu.",8531.10.308531.10.308531.10.30
2.4.9.2.4.9.2.4.9.,Đầu báo cháy khói dùng trong các đường ống (Thiết bị phát hiện khói dùng trong các đường ống)Đầu báo cháy khói dùng trong các đường ống (Thiết bị phát hiện khói dùng trong các đường ống)Đầu báo cháy khói dùng trong các đường ống (Thiết bị phát hiện khói dùng trong các đường ống),10. Va đập (vận hành)10. Va đập (vận hành)10. Va đập (vận hành),5.12.35.12.35.12.3TCVN 7568-22:2016TCVN 7568-22:2016TCVN 7568-22:2016,5.12.25.12.25.12.2TCVN 7568-22:2016TCVN 7568-22:2016TCVN 7568-22:2016,"Mẫu được lấy ngẫu nhiên tại lô phương tiện, số lượng mẫu được lấy phụ thuộc vào số lượng phương tiện trong lô (n), cụ thể như sau:Mẫu được lấy ngẫu nhiên tại lô phương tiện, số lượng mẫu được lấy phụ thuộc vào số lượng phương tiện trong lô (n), cụ thể như sau:Mẫu được lấy ngẫu nhiên tại lô phương tiện, số lượng mẫu được lấy phụ thuộc vào số lượng phương tiện trong lô (n), cụ thể như sau:- Thử nghiệm lô lần đầu:- Thử nghiệm lô lần đầu:- Thử nghiệm lô lần đầu:+ Nếu n ≤ 1.000 thì lấy 11 mẫu;+ Nếu n ≤ 1.000 thì lấy 11 mẫu;+ Nếu n ≤ 1.000 thì lấy 11 mẫu;+ Nếu 1.000 < n ≤ 5.000 thì lấy 22 mẫu;+ Nếu 1.000 < n ≤ 5.000 thì lấy 22 mẫu;+ Nếu 1.000 < n ≤ 5.000 thì lấy 22 mẫu;+ Nếu 5.000 < n ≤ 10.000 thì lấy 33 mẫu;+ Nếu 5.000 < n ≤ 10.000 thì lấy 33 mẫu;+ Nếu 5.000 < n ≤ 10.000 thì lấy 33 mẫu;+ Nếu n > 10.000 thì lấy 44 mẫu.+ Nếu n > 10.000 thì lấy 44 mẫu.+ Nếu n > 10.000 thì lấy 44 mẫu.- Thử nghiệm lô lần kế tiếp:- Thử nghiệm lô lần kế tiếp:- Thử nghiệm lô lần kế tiếp:+ Nếu n ≤ 1.000 thì lấy 07 mẫu;+ Nếu n ≤ 1.000 thì lấy 07 mẫu;+ Nếu n ≤ 1.000 thì lấy 07 mẫu;+ Nếu 1.000 < n ≤ 5.000 thì lấy 14 mẫu;+ Nếu 1.000 < n ≤ 5.000 thì lấy 14 mẫu;+ Nếu 1.000 < n ≤ 5.000 thì lấy 14 mẫu;+ Nếu 5.000 < n ≤ 10.000 thì lấy 21 mẫu;+ Nếu 5.000 < n ≤ 10.000 thì lấy 21 mẫu;+ Nếu 5.000 < n ≤ 10.000 thì lấy 21 mẫu;+ Nếu n > 10.000 thì lấy 28 mẫu.+ Nếu n > 10.000 thì lấy 28 mẫu.+ Nếu n > 10.000 thì lấy 28 mẫu.",8531.10.308531.10.308531.10.30
2.4.9.2.4.9.2.4.9.,Đầu báo cháy khói dùng trong các đường ống (Thiết bị phát hiện khói dùng trong các đường ống)Đầu báo cháy khói dùng trong các đường ống (Thiết bị phát hiện khói dùng trong các đường ống)Đầu báo cháy khói dùng trong các đường ống (Thiết bị phát hiện khói dùng trong các đường ống),"11. Rung, dao động sin (vận hành)11. Rung, dao động sin (vận hành)11. Rung, dao động sin (vận hành)",5.13.35.13.35.13.3TCVN 7568-22:2016TCVN 7568-22:2016TCVN 7568-22:2016,5.13.25.13.25.13.2TCVN 7568-22:2016TCVN 7568-22:2016TCVN 7568-22:2016,"Mẫu được lấy ngẫu nhiên tại lô phương tiện, số lượng mẫu được lấy phụ thuộc vào số lượng phương tiện trong lô (n), cụ thể như sau:Mẫu được lấy ngẫu nhiên tại lô phương tiện, số lượng mẫu được lấy phụ thuộc vào số lượng phương tiện trong lô (n), cụ thể như sau:Mẫu được lấy ngẫu nhiên tại lô phương tiện, số lượng mẫu được lấy phụ thuộc vào số lượng phương tiện trong lô (n), cụ thể như sau:- Thử nghiệm lô lần đầu:- Thử nghiệm lô lần đầu:- Thử nghiệm lô lần đầu:+ Nếu n ≤ 1.000 thì lấy 11 mẫu;+ Nếu n ≤ 1.000 thì lấy 11 mẫu;+ Nếu n ≤ 1.000 thì lấy 11 mẫu;+ Nếu 1.000 < n ≤ 5.000 thì lấy 22 mẫu;+ Nếu 1.000 < n ≤ 5.000 thì lấy 22 mẫu;+ Nếu 1.000 < n ≤ 5.000 thì lấy 22 mẫu;+ Nếu 5.000 < n ≤ 10.000 thì lấy 33 mẫu;+ Nếu 5.000 < n ≤ 10.000 thì lấy 33 mẫu;+ Nếu 5.000 < n ≤ 10.000 thì lấy 33 mẫu;+ Nếu n > 10.000 thì lấy 44 mẫu.+ Nếu n > 10.000 thì lấy 44 mẫu.+ Nếu n > 10.000 thì lấy 44 mẫu.- Thử nghiệm lô lần kế tiếp:- Thử nghiệm lô lần kế tiếp:- Thử nghiệm lô lần kế tiếp:+ Nếu n ≤ 1.000 thì lấy 07 mẫu;+ Nếu n ≤ 1.000 thì lấy 07 mẫu;+ Nếu n ≤ 1.000 thì lấy 07 mẫu;+ Nếu 1.000 < n ≤ 5.000 thì lấy 14 mẫu;+ Nếu 1.000 < n ≤ 5.000 thì lấy 14 mẫu;+ Nếu 1.000 < n ≤ 5.000 thì lấy 14 mẫu;+ Nếu 5.000 < n ≤ 10.000 thì lấy 21 mẫu;+ Nếu 5.000 < n ≤ 10.000 thì lấy 21 mẫu;+ Nếu 5.000 < n ≤ 10.000 thì lấy 21 mẫu;+ Nếu n > 10.000 thì lấy 28 mẫu.+ Nếu n > 10.000 thì lấy 28 mẫu.+ Nếu n > 10.000 thì lấy 28 mẫu.",8531.10.308531.10.308531.10.30
2.4.9.2.4.9.2.4.9.,Đầu báo cháy khói dùng trong các đường ống (Thiết bị phát hiện khói dùng trong các đường ống)Đầu báo cháy khói dùng trong các đường ống (Thiết bị phát hiện khói dùng trong các đường ống)Đầu báo cháy khói dùng trong các đường ống (Thiết bị phát hiện khói dùng trong các đường ống),"12. Rung, dao động sin (độ bền) (*)12. Rung, dao động sin (độ bền) (*)12. Rung, dao động sin (độ bền) (*)",5.14.35.14.35.14.3TCVN 7568-22:2016TCVN 7568-22:2016TCVN 7568-22:2016,5.14.25.14.25.14.2TCVN 7568-22:2016TCVN 7568-22:2016TCVN 7568-22:2016,"Mẫu được lấy ngẫu nhiên tại lô phương tiện, số lượng mẫu được lấy phụ thuộc vào số lượng phương tiện trong lô (n), cụ thể như sau:Mẫu được lấy ngẫu nhiên tại lô phương tiện, số lượng mẫu được lấy phụ thuộc vào số lượng phương tiện trong lô (n), cụ thể như sau:Mẫu được lấy ngẫu nhiên tại lô phương tiện, số lượng mẫu được lấy phụ thuộc vào số lượng phương tiện trong lô (n), cụ thể như sau:- Thử nghiệm lô lần đầu:- Thử nghiệm lô lần đầu:- Thử nghiệm lô lần đầu:+ Nếu n ≤ 1.000 thì lấy 11 mẫu;+ Nếu n ≤ 1.000 thì lấy 11 mẫu;+ Nếu n ≤ 1.000 thì lấy 11 mẫu;+ Nếu 1.000 < n ≤ 5.000 thì lấy 22 mẫu;+ Nếu 1.000 < n ≤ 5.000 thì lấy 22 mẫu;+ Nếu 1.000 < n ≤ 5.000 thì lấy 22 mẫu;+ Nếu 5.000 < n ≤ 10.000 thì lấy 33 mẫu;+ Nếu 5.000 < n ≤ 10.000 thì lấy 33 mẫu;+ Nếu 5.000 < n ≤ 10.000 thì lấy 33 mẫu;+ Nếu n > 10.000 thì lấy 44 mẫu.+ Nếu n > 10.000 thì lấy 44 mẫu.+ Nếu n > 10.000 thì lấy 44 mẫu.- Thử nghiệm lô lần kế tiếp:- Thử nghiệm lô lần kế tiếp:- Thử nghiệm lô lần kế tiếp:+ Nếu n ≤ 1.000 thì lấy 07 mẫu;+ Nếu n ≤ 1.000 thì lấy 07 mẫu;+ Nếu n ≤ 1.000 thì lấy 07 mẫu;+ Nếu 1.000 < n ≤ 5.000 thì lấy 14 mẫu;+ Nếu 1.000 < n ≤ 5.000 thì lấy 14 mẫu;+ Nếu 1.000 < n ≤ 5.000 thì lấy 14 mẫu;+ Nếu 5.000 < n ≤ 10.000 thì lấy 21 mẫu;+ Nếu 5.000 < n ≤ 10.000 thì lấy 21 mẫu;+ Nếu 5.000 < n ≤ 10.000 thì lấy 21 mẫu;+ Nếu n > 10.000 thì lấy 28 mẫu.+ Nếu n > 10.000 thì lấy 28 mẫu.+ Nếu n > 10.000 thì lấy 28 mẫu.",8531.10.308531.10.308531.10.30
2.4.9.2.4.9.2.4.9.,Đầu báo cháy khói dùng trong các đường ống (Thiết bị phát hiện khói dùng trong các đường ống)Đầu báo cháy khói dùng trong các đường ống (Thiết bị phát hiện khói dùng trong các đường ống)Đầu báo cháy khói dùng trong các đường ống (Thiết bị phát hiện khói dùng trong các đường ống),13. Rò khí13. Rò khí13. Rò khí,5.15.35.15.35.15.3TCVN 7568-22:2016TCVN 7568-22:2016TCVN 7568-22:2016,5.15.25.15.25.15.2TCVN 7568-22:2016TCVN 7568-22:2016TCVN 7568-22:2016,"Mẫu được lấy ngẫu nhiên tại lô phương tiện, số lượng mẫu được lấy phụ thuộc vào số lượng phương tiện trong lô (n), cụ thể như sau:Mẫu được lấy ngẫu nhiên tại lô phương tiện, số lượng mẫu được lấy phụ thuộc vào số lượng phương tiện trong lô (n), cụ thể như sau:Mẫu được lấy ngẫu nhiên tại lô phương tiện, số lượng mẫu được lấy phụ thuộc vào số lượng phương tiện trong lô (n), cụ thể như sau:- Thử nghiệm lô lần đầu:- Thử nghiệm lô lần đầu:- Thử nghiệm lô lần đầu:+ Nếu n ≤ 1.000 thì lấy 11 mẫu;+ Nếu n ≤ 1.000 thì lấy 11 mẫu;+ Nếu n ≤ 1.000 thì lấy 11 mẫu;+ Nếu 1.000 < n ≤ 5.000 thì lấy 22 mẫu;+ Nếu 1.000 < n ≤ 5.000 thì lấy 22 mẫu;+ Nếu 1.000 < n ≤ 5.000 thì lấy 22 mẫu;+ Nếu 5.000 < n ≤ 10.000 thì lấy 33 mẫu;+ Nếu 5.000 < n ≤ 10.000 thì lấy 33 mẫu;+ Nếu 5.000 < n ≤ 10.000 thì lấy 33 mẫu;+ Nếu n > 10.000 thì lấy 44 mẫu.+ Nếu n > 10.000 thì lấy 44 mẫu.+ Nếu n > 10.000 thì lấy 44 mẫu.- Thử nghiệm lô lần kế tiếp:- Thử nghiệm lô lần kế tiếp:- Thử nghiệm lô lần kế tiếp:+ Nếu n ≤ 1.000 thì lấy 07 mẫu;+ Nếu n ≤ 1.000 thì lấy 07 mẫu;+ Nếu n ≤ 1.000 thì lấy 07 mẫu;+ Nếu 1.000 < n ≤ 5.000 thì lấy 14 mẫu;+ Nếu 1.000 < n ≤ 5.000 thì lấy 14 mẫu;+ Nếu 1.000 < n ≤ 5.000 thì lấy 14 mẫu;+ Nếu 5.000 < n ≤ 10.000 thì lấy 21 mẫu;+ Nếu 5.000 < n ≤ 10.000 thì lấy 21 mẫu;+ Nếu 5.000 < n ≤ 10.000 thì lấy 21 mẫu;+ Nếu n > 10.000 thì lấy 28 mẫu.+ Nếu n > 10.000 thì lấy 28 mẫu.+ Nếu n > 10.000 thì lấy 28 mẫu.",8531.10.308531.10.308531.10.30
2.4.9.2.4.9.2.4.9.,Đầu báo cháy khói dùng trong các đường ống (Thiết bị phát hiện khói dùng trong các đường ống)Đầu báo cháy khói dùng trong các đường ống (Thiết bị phát hiện khói dùng trong các đường ống)Đầu báo cháy khói dùng trong các đường ống (Thiết bị phát hiện khói dùng trong các đường ống),14. Độ nhạy với lửa (*)14. Độ nhạy với lửa (*)14. Độ nhạy với lửa (*),5.17.35.17.35.17.3TCVN 7568-22:2016TCVN 7568-22:2016TCVN 7568-22:2016,5.17.25.17.25.17.2TCVN 7568-22:2016TCVN 7568-22:2016TCVN 7568-22:2016,"Mẫu được lấy ngẫu nhiên tại lô phương tiện, số lượng mẫu được lấy phụ thuộc vào số lượng phương tiện trong lô (n), cụ thể như sau:Mẫu được lấy ngẫu nhiên tại lô phương tiện, số lượng mẫu được lấy phụ thuộc vào số lượng phương tiện trong lô (n), cụ thể như sau:Mẫu được lấy ngẫu nhiên tại lô phương tiện, số lượng mẫu được lấy phụ thuộc vào số lượng phương tiện trong lô (n), cụ thể như sau:- Thử nghiệm lô lần đầu:- Thử nghiệm lô lần đầu:- Thử nghiệm lô lần đầu:+ Nếu n ≤ 1.000 thì lấy 11 mẫu;+ Nếu n ≤ 1.000 thì lấy 11 mẫu;+ Nếu n ≤ 1.000 thì lấy 11 mẫu;+ Nếu 1.000 < n ≤ 5.000 thì lấy 22 mẫu;+ Nếu 1.000 < n ≤ 5.000 thì lấy 22 mẫu;+ Nếu 1.000 < n ≤ 5.000 thì lấy 22 mẫu;+ Nếu 5.000 < n ≤ 10.000 thì lấy 33 mẫu;+ Nếu 5.000 < n ≤ 10.000 thì lấy 33 mẫu;+ Nếu 5.000 < n ≤ 10.000 thì lấy 33 mẫu;+ Nếu n > 10.000 thì lấy 44 mẫu.+ Nếu n > 10.000 thì lấy 44 mẫu.+ Nếu n > 10.000 thì lấy 44 mẫu.- Thử nghiệm lô lần kế tiếp:- Thử nghiệm lô lần kế tiếp:- Thử nghiệm lô lần kế tiếp:+ Nếu n ≤ 1.000 thì lấy 07 mẫu;+ Nếu n ≤ 1.000 thì lấy 07 mẫu;+ Nếu n ≤ 1.000 thì lấy 07 mẫu;+ Nếu 1.000 < n ≤ 5.000 thì lấy 14 mẫu;+ Nếu 1.000 < n ≤ 5.000 thì lấy 14 mẫu;+ Nếu 1.000 < n ≤ 5.000 thì lấy 14 mẫu;+ Nếu 5.000 < n ≤ 10.000 thì lấy 21 mẫu;+ Nếu 5.000 < n ≤ 10.000 thì lấy 21 mẫu;+ Nếu 5.000 < n ≤ 10.000 thì lấy 21 mẫu;+ Nếu n > 10.000 thì lấy 28 mẫu.+ Nếu n > 10.000 thì lấy 28 mẫu.+ Nếu n > 10.000 thì lấy 28 mẫu.",8531.10.308531.10.308531.10.30
2.4.10.2.4.10.2.4.10.,Chuông báo cháyChuông báo cháyChuông báo cháy,1. Khả năng tái tạo1. Khả năng tái tạo1. Khả năng tái tạo,"5.2.3, TCVN 7568-3:20155.2.3, TCVN 7568-3:20155.2.3, TCVN 7568-3:2015","5.2.2, TCVN 7568-3:20155.2.2, TCVN 7568-3:20155.2.2, TCVN 7568-3:2015","Mẫu được lấy ngẫu nhiên tại lô phương tiện, số lượng mẫu được lấy phụ thuộc vào số lượng phương tiện trong lô (n), cụ thể như sau:Mẫu được lấy ngẫu nhiên tại lô phương tiện, số lượng mẫu được lấy phụ thuộc vào số lượng phương tiện trong lô (n), cụ thể như sau:Mẫu được lấy ngẫu nhiên tại lô phương tiện, số lượng mẫu được lấy phụ thuộc vào số lượng phương tiện trong lô (n), cụ thể như sau:- Thử nghiệm lô lần đầu:- Thử nghiệm lô lần đầu:- Thử nghiệm lô lần đầu:+ Nếu n ≤ 1.000 thì lấy 10 mẫu;+ Nếu n ≤ 1.000 thì lấy 10 mẫu;+ Nếu n ≤ 1.000 thì lấy 10 mẫu;+ Nếu 1.000 < n ≤ 5.000 thì lấy 20 mẫu;+ Nếu 1.000 < n ≤ 5.000 thì lấy 20 mẫu;+ Nếu 1.000 < n ≤ 5.000 thì lấy 20 mẫu;+ Nếu 5.000 < n ≤ 10.000 thì lấy 30 mẫu;+ Nếu 5.000 < n ≤ 10.000 thì lấy 30 mẫu;+ Nếu 5.000 < n ≤ 10.000 thì lấy 30 mẫu;+ Nếu n > 10.000 thì lấy 40 mẫu.+ Nếu n > 10.000 thì lấy 40 mẫu.+ Nếu n > 10.000 thì lấy 40 mẫu.- Thử nghiệm lô lần kế tiếp:- Thử nghiệm lô lần kế tiếp:- Thử nghiệm lô lần kế tiếp:+ Nếu n ≤ 1.000 thì lấy 09 mẫu;+ Nếu n ≤ 1.000 thì lấy 09 mẫu;+ Nếu n ≤ 1.000 thì lấy 09 mẫu;+ Nếu 1.000 < n ≤ 5.000 thì lấy 18 mẫu;+ Nếu 1.000 < n ≤ 5.000 thì lấy 18 mẫu;+ Nếu 1.000 < n ≤ 5.000 thì lấy 18 mẫu;+ Nếu 5.000 < n ≤ 10.000 thì lấy 27 mẫu;+ Nếu 5.000 < n ≤ 10.000 thì lấy 27 mẫu;+ Nếu 5.000 < n ≤ 10.000 thì lấy 27 mẫu;+ Nếu n > 10.000 thì lấy 36 mẫu.+ Nếu n > 10.000 thì lấy 36 mẫu.+ Nếu n > 10.000 thì lấy 36 mẫu.",8531.80.108531.80.108531.80.10
2.4.10.2.4.10.2.4.10.,Chuông báo cháyChuông báo cháyChuông báo cháy,"2. Đặc tính vận hành (mức áp suất âm thanh, tần số và kiểu âm thanh)2. Đặc tính vận hành (mức áp suất âm thanh, tần số và kiểu âm thanh)2. Đặc tính vận hành (mức áp suất âm thanh, tần số và kiểu âm thanh)","5.3.3, TCVN 7568-3:20155.3.3, TCVN 7568-3:20155.3.3, TCVN 7568-3:2015","5.3.2, TCVN 7568-3:20155.3.2, TCVN 7568-3:20155.3.2, TCVN 7568-3:2015","Mẫu được lấy ngẫu nhiên tại lô phương tiện, số lượng mẫu được lấy phụ thuộc vào số lượng phương tiện trong lô (n), cụ thể như sau:Mẫu được lấy ngẫu nhiên tại lô phương tiện, số lượng mẫu được lấy phụ thuộc vào số lượng phương tiện trong lô (n), cụ thể như sau:Mẫu được lấy ngẫu nhiên tại lô phương tiện, số lượng mẫu được lấy phụ thuộc vào số lượng phương tiện trong lô (n), cụ thể như sau:- Thử nghiệm lô lần đầu:- Thử nghiệm lô lần đầu:- Thử nghiệm lô lần đầu:+ Nếu n ≤ 1.000 thì lấy 10 mẫu;+ Nếu n ≤ 1.000 thì lấy 10 mẫu;+ Nếu n ≤ 1.000 thì lấy 10 mẫu;+ Nếu 1.000 < n ≤ 5.000 thì lấy 20 mẫu;+ Nếu 1.000 < n ≤ 5.000 thì lấy 20 mẫu;+ Nếu 1.000 < n ≤ 5.000 thì lấy 20 mẫu;+ Nếu 5.000 < n ≤ 10.000 thì lấy 30 mẫu;+ Nếu 5.000 < n ≤ 10.000 thì lấy 30 mẫu;+ Nếu 5.000 < n ≤ 10.000 thì lấy 30 mẫu;+ Nếu n > 10.000 thì lấy 40 mẫu.+ Nếu n > 10.000 thì lấy 40 mẫu.+ Nếu n > 10.000 thì lấy 40 mẫu.- Thử nghiệm lô lần kế tiếp:- Thử nghiệm lô lần kế tiếp:- Thử nghiệm lô lần kế tiếp:+ Nếu n ≤ 1.000 thì lấy 09 mẫu;+ Nếu n ≤ 1.000 thì lấy 09 mẫu;+ Nếu n ≤ 1.000 thì lấy 09 mẫu;+ Nếu 1.000 < n ≤ 5.000 thì lấy 18 mẫu;+ Nếu 1.000 < n ≤ 5.000 thì lấy 18 mẫu;+ Nếu 1.000 < n ≤ 5.000 thì lấy 18 mẫu;+ Nếu 5.000 < n ≤ 10.000 thì lấy 27 mẫu;+ Nếu 5.000 < n ≤ 10.000 thì lấy 27 mẫu;+ Nếu 5.000 < n ≤ 10.000 thì lấy 27 mẫu;+ Nếu n > 10.000 thì lấy 36 mẫu.+ Nếu n > 10.000 thì lấy 36 mẫu.+ Nếu n > 10.000 thì lấy 36 mẫu.",8531.80.108531.80.108531.80.10
2.4.10.2.4.10.2.4.10.,Chuông báo cháyChuông báo cháyChuông báo cháy,3. Tuổi thọ (*)3. Tuổi thọ (*)3. Tuổi thọ (*),"5.4.3, TCVN 7568-3:20155.4.3, TCVN 7568-3:20155.4.3, TCVN 7568-3:2015","5.4.2, TCVN 7568-3:20155.4.2, TCVN 7568-3:20155.4.2, TCVN 7568-3:2015","Mẫu được lấy ngẫu nhiên tại lô phương tiện, số lượng mẫu được lấy phụ thuộc vào số lượng phương tiện trong lô (n), cụ thể như sau:Mẫu được lấy ngẫu nhiên tại lô phương tiện, số lượng mẫu được lấy phụ thuộc vào số lượng phương tiện trong lô (n), cụ thể như sau:Mẫu được lấy ngẫu nhiên tại lô phương tiện, số lượng mẫu được lấy phụ thuộc vào số lượng phương tiện trong lô (n), cụ thể như sau:- Thử nghiệm lô lần đầu:- Thử nghiệm lô lần đầu:- Thử nghiệm lô lần đầu:+ Nếu n ≤ 1.000 thì lấy 10 mẫu;+ Nếu n ≤ 1.000 thì lấy 10 mẫu;+ Nếu n ≤ 1.000 thì lấy 10 mẫu;+ Nếu 1.000 < n ≤ 5.000 thì lấy 20 mẫu;+ Nếu 1.000 < n ≤ 5.000 thì lấy 20 mẫu;+ Nếu 1.000 < n ≤ 5.000 thì lấy 20 mẫu;+ Nếu 5.000 < n ≤ 10.000 thì lấy 30 mẫu;+ Nếu 5.000 < n ≤ 10.000 thì lấy 30 mẫu;+ Nếu 5.000 < n ≤ 10.000 thì lấy 30 mẫu;+ Nếu n > 10.000 thì lấy 40 mẫu.+ Nếu n > 10.000 thì lấy 40 mẫu.+ Nếu n > 10.000 thì lấy 40 mẫu.- Thử nghiệm lô lần kế tiếp:- Thử nghiệm lô lần kế tiếp:- Thử nghiệm lô lần kế tiếp:+ Nếu n ≤ 1.000 thì lấy 09 mẫu;+ Nếu n ≤ 1.000 thì lấy 09 mẫu;+ Nếu n ≤ 1.000 thì lấy 09 mẫu;+ Nếu 1.000 < n ≤ 5.000 thì lấy 18 mẫu;+ Nếu 1.000 < n ≤ 5.000 thì lấy 18 mẫu;+ Nếu 1.000 < n ≤ 5.000 thì lấy 18 mẫu;+ Nếu 5.000 < n ≤ 10.000 thì lấy 27 mẫu;+ Nếu 5.000 < n ≤ 10.000 thì lấy 27 mẫu;+ Nếu 5.000 < n ≤ 10.000 thì lấy 27 mẫu;+ Nếu n > 10.000 thì lấy 36 mẫu.+ Nếu n > 10.000 thì lấy 36 mẫu.+ Nếu n > 10.000 thì lấy 36 mẫu.",8531.80.108531.80.108531.80.10
2.4.10.2.4.10.2.4.10.,Chuông báo cháyChuông báo cháyChuông báo cháy,4. Nóng khô (vận hành)4. Nóng khô (vận hành)4. Nóng khô (vận hành),"5.5.3, TCVN 7568-3:20155.5.3, TCVN 7568-3:20155.5.3, TCVN 7568-3:2015","5.5.2, TCVN 7568-3:20155.5.2, TCVN 7568-3:20155.5.2, TCVN 7568-3:2015","Mẫu được lấy ngẫu nhiên tại lô phương tiện, số lượng mẫu được lấy phụ thuộc vào số lượng phương tiện trong lô (n), cụ thể như sau:Mẫu được lấy ngẫu nhiên tại lô phương tiện, số lượng mẫu được lấy phụ thuộc vào số lượng phương tiện trong lô (n), cụ thể như sau:Mẫu được lấy ngẫu nhiên tại lô phương tiện, số lượng mẫu được lấy phụ thuộc vào số lượng phương tiện trong lô (n), cụ thể như sau:- Thử nghiệm lô lần đầu:- Thử nghiệm lô lần đầu:- Thử nghiệm lô lần đầu:+ Nếu n ≤ 1.000 thì lấy 10 mẫu;+ Nếu n ≤ 1.000 thì lấy 10 mẫu;+ Nếu n ≤ 1.000 thì lấy 10 mẫu;+ Nếu 1.000 < n ≤ 5.000 thì lấy 20 mẫu;+ Nếu 1.000 < n ≤ 5.000 thì lấy 20 mẫu;+ Nếu 1.000 < n ≤ 5.000 thì lấy 20 mẫu;+ Nếu 5.000 < n ≤ 10.000 thì lấy 30 mẫu;+ Nếu 5.000 < n ≤ 10.000 thì lấy 30 mẫu;+ Nếu 5.000 < n ≤ 10.000 thì lấy 30 mẫu;+ Nếu n > 10.000 thì lấy 40 mẫu.+ Nếu n > 10.000 thì lấy 40 mẫu.+ Nếu n > 10.000 thì lấy 40 mẫu.- Thử nghiệm lô lần kế tiếp:- Thử nghiệm lô lần kế tiếp:- Thử nghiệm lô lần kế tiếp:+ Nếu n ≤ 1.000 thì lấy 09 mẫu;+ Nếu n ≤ 1.000 thì lấy 09 mẫu;+ Nếu n ≤ 1.000 thì lấy 09 mẫu;+ Nếu 1.000 < n ≤ 5.000 thì lấy 18 mẫu;+ Nếu 1.000 < n ≤ 5.000 thì lấy 18 mẫu;+ Nếu 1.000 < n ≤ 5.000 thì lấy 18 mẫu;+ Nếu 5.000 < n ≤ 10.000 thì lấy 27 mẫu;+ Nếu 5.000 < n ≤ 10.000 thì lấy 27 mẫu;+ Nếu 5.000 < n ≤ 10.000 thì lấy 27 mẫu;+ Nếu n > 10.000 thì lấy 36 mẫu.+ Nếu n > 10.000 thì lấy 36 mẫu.+ Nếu n > 10.000 thì lấy 36 mẫu.",8531.80.108531.80.108531.80.10
2.4.10.2.4.10.2.4.10.,Chuông báo cháyChuông báo cháyChuông báo cháy,"5. Nóng ẩm, có chu kỳ (vận hành)5. Nóng ẩm, có chu kỳ (vận hành)5. Nóng ẩm, có chu kỳ (vận hành)","5.8.3, TCVN 7568-3:20155.8.3, TCVN 7568-3:20155.8.3, TCVN 7568-3:2015","5.8.2, TCVN 7568-3:20155.8.2, TCVN 7568-3:20155.8.2, TCVN 7568-3:2015","Mẫu được lấy ngẫu nhiên tại lô phương tiện, số lượng mẫu được lấy phụ thuộc vào số lượng phương tiện trong lô (n), cụ thể như sau:Mẫu được lấy ngẫu nhiên tại lô phương tiện, số lượng mẫu được lấy phụ thuộc vào số lượng phương tiện trong lô (n), cụ thể như sau:Mẫu được lấy ngẫu nhiên tại lô phương tiện, số lượng mẫu được lấy phụ thuộc vào số lượng phương tiện trong lô (n), cụ thể như sau:- Thử nghiệm lô lần đầu:- Thử nghiệm lô lần đầu:- Thử nghiệm lô lần đầu:+ Nếu n ≤ 1.000 thì lấy 10 mẫu;+ Nếu n ≤ 1.000 thì lấy 10 mẫu;+ Nếu n ≤ 1.000 thì lấy 10 mẫu;+ Nếu 1.000 < n ≤ 5.000 thì lấy 20 mẫu;+ Nếu 1.000 < n ≤ 5.000 thì lấy 20 mẫu;+ Nếu 1.000 < n ≤ 5.000 thì lấy 20 mẫu;+ Nếu 5.000 < n ≤ 10.000 thì lấy 30 mẫu;+ Nếu 5.000 < n ≤ 10.000 thì lấy 30 mẫu;+ Nếu 5.000 < n ≤ 10.000 thì lấy 30 mẫu;+ Nếu n > 10.000 thì lấy 40 mẫu.+ Nếu n > 10.000 thì lấy 40 mẫu.+ Nếu n > 10.000 thì lấy 40 mẫu.- Thử nghiệm lô lần kế tiếp:- Thử nghiệm lô lần kế tiếp:- Thử nghiệm lô lần kế tiếp:+ Nếu n ≤ 1.000 thì lấy 09 mẫu;+ Nếu n ≤ 1.000 thì lấy 09 mẫu;+ Nếu n ≤ 1.000 thì lấy 09 mẫu;+ Nếu 1.000 < n ≤ 5.000 thì lấy 18 mẫu;+ Nếu 1.000 < n ≤ 5.000 thì lấy 18 mẫu;+ Nếu 1.000 < n ≤ 5.000 thì lấy 18 mẫu;+ Nếu 5.000 < n ≤ 10.000 thì lấy 27 mẫu;+ Nếu 5.000 < n ≤ 10.000 thì lấy 27 mẫu;+ Nếu 5.000 < n ≤ 10.000 thì lấy 27 mẫu;+ Nếu n > 10.000 thì lấy 36 mẫu.+ Nếu n > 10.000 thì lấy 36 mẫu.+ Nếu n > 10.000 thì lấy 36 mẫu.",8531.80.108531.80.108531.80.10
2.4.10.2.4.10.2.4.10.,Chuông báo cháyChuông báo cháyChuông báo cháy,6. Ăn mòn SO2 (khả năng chịu đựng) (*)6. Ăn mòn SO6. Ăn mòn SO22 (khả năng chịu đựng) (*) (khả năng chịu đựng) (*),"5.11.3, TCVN 7568-3:20155.11.3, TCVN 7568-3:20155.11.3, TCVN 7568-3:2015","5.11.2, TCVN 7568-3:20155.11.2, TCVN 7568-3:20155.11.2, TCVN 7568-3:2015","Mẫu được lấy ngẫu nhiên tại lô phương tiện, số lượng mẫu được lấy phụ thuộc vào số lượng phương tiện trong lô (n), cụ thể như sau:Mẫu được lấy ngẫu nhiên tại lô phương tiện, số lượng mẫu được lấy phụ thuộc vào số lượng phương tiện trong lô (n), cụ thể như sau:Mẫu được lấy ngẫu nhiên tại lô phương tiện, số lượng mẫu được lấy phụ thuộc vào số lượng phương tiện trong lô (n), cụ thể như sau:- Thử nghiệm lô lần đầu:- Thử nghiệm lô lần đầu:- Thử nghiệm lô lần đầu:+ Nếu n ≤ 1.000 thì lấy 10 mẫu;+ Nếu n ≤ 1.000 thì lấy 10 mẫu;+ Nếu n ≤ 1.000 thì lấy 10 mẫu;+ Nếu 1.000 < n ≤ 5.000 thì lấy 20 mẫu;+ Nếu 1.000 < n ≤ 5.000 thì lấy 20 mẫu;+ Nếu 1.000 < n ≤ 5.000 thì lấy 20 mẫu;+ Nếu 5.000 < n ≤ 10.000 thì lấy 30 mẫu;+ Nếu 5.000 < n ≤ 10.000 thì lấy 30 mẫu;+ Nếu 5.000 < n ≤ 10.000 thì lấy 30 mẫu;+ Nếu n > 10.000 thì lấy 40 mẫu.+ Nếu n > 10.000 thì lấy 40 mẫu.+ Nếu n > 10.000 thì lấy 40 mẫu.- Thử nghiệm lô lần kế tiếp:- Thử nghiệm lô lần kế tiếp:- Thử nghiệm lô lần kế tiếp:+ Nếu n ≤ 1.000 thì lấy 09 mẫu;+ Nếu n ≤ 1.000 thì lấy 09 mẫu;+ Nếu n ≤ 1.000 thì lấy 09 mẫu;+ Nếu 1.000 < n ≤ 5.000 thì lấy 18 mẫu;+ Nếu 1.000 < n ≤ 5.000 thì lấy 18 mẫu;+ Nếu 1.000 < n ≤ 5.000 thì lấy 18 mẫu;+ Nếu 5.000 < n ≤ 10.000 thì lấy 27 mẫu;+ Nếu 5.000 < n ≤ 10.000 thì lấy 27 mẫu;+ Nếu 5.000 < n ≤ 10.000 thì lấy 27 mẫu;+ Nếu n > 10.000 thì lấy 36 mẫu.+ Nếu n > 10.000 thì lấy 36 mẫu.+ Nếu n > 10.000 thì lấy 36 mẫu.",8531.80.108531.80.108531.80.10
2.4.10.2.4.10.2.4.10.,Chuông báo cháyChuông báo cháyChuông báo cháy,7. Rung lắc mạnh (vận hành)7. Rung lắc mạnh (vận hành)7. Rung lắc mạnh (vận hành),"5.12.3, TCVN 7568-3:20155.12.3, TCVN 7568-3:20155.12.3, TCVN 7568-3:2015","5.12.2, TCVN 7568-3:20155.12.2, TCVN 7568-3:20155.12.2, TCVN 7568-3:2015","Mẫu được lấy ngẫu nhiên tại lô phương tiện, số lượng mẫu được lấy phụ thuộc vào số lượng phương tiện trong lô (n), cụ thể như sau:Mẫu được lấy ngẫu nhiên tại lô phương tiện, số lượng mẫu được lấy phụ thuộc vào số lượng phương tiện trong lô (n), cụ thể như sau:Mẫu được lấy ngẫu nhiên tại lô phương tiện, số lượng mẫu được lấy phụ thuộc vào số lượng phương tiện trong lô (n), cụ thể như sau:- Thử nghiệm lô lần đầu:- Thử nghiệm lô lần đầu:- Thử nghiệm lô lần đầu:+ Nếu n ≤ 1.000 thì lấy 10 mẫu;+ Nếu n ≤ 1.000 thì lấy 10 mẫu;+ Nếu n ≤ 1.000 thì lấy 10 mẫu;+ Nếu 1.000 < n ≤ 5.000 thì lấy 20 mẫu;+ Nếu 1.000 < n ≤ 5.000 thì lấy 20 mẫu;+ Nếu 1.000 < n ≤ 5.000 thì lấy 20 mẫu;+ Nếu 5.000 < n ≤ 10.000 thì lấy 30 mẫu;+ Nếu 5.000 < n ≤ 10.000 thì lấy 30 mẫu;+ Nếu 5.000 < n ≤ 10.000 thì lấy 30 mẫu;+ Nếu n > 10.000 thì lấy 40 mẫu.+ Nếu n > 10.000 thì lấy 40 mẫu.+ Nếu n > 10.000 thì lấy 40 mẫu.- Thử nghiệm lô lần kế tiếp:- Thử nghiệm lô lần kế tiếp:- Thử nghiệm lô lần kế tiếp:+ Nếu n ≤ 1.000 thì lấy 09 mẫu;+ Nếu n ≤ 1.000 thì lấy 09 mẫu;+ Nếu n ≤ 1.000 thì lấy 09 mẫu;+ Nếu 1.000 < n ≤ 5.000 thì lấy 18 mẫu;+ Nếu 1.000 < n ≤ 5.000 thì lấy 18 mẫu;+ Nếu 1.000 < n ≤ 5.000 thì lấy 18 mẫu;+ Nếu 5.000 < n ≤ 10.000 thì lấy 27 mẫu;+ Nếu 5.000 < n ≤ 10.000 thì lấy 27 mẫu;+ Nếu 5.000 < n ≤ 10.000 thì lấy 27 mẫu;+ Nếu n > 10.000 thì lấy 36 mẫu.+ Nếu n > 10.000 thì lấy 36 mẫu.+ Nếu n > 10.000 thì lấy 36 mẫu.",8531.80.108531.80.108531.80.10
2.4.10.2.4.10.2.4.10.,Chuông báo cháyChuông báo cháyChuông báo cháy,8. Va đập (vận hành)8. Va đập (vận hành)8. Va đập (vận hành),"5.13.3, TCVN 7568-3:20155.13.3, TCVN 7568-3:20155.13.3, TCVN 7568-3:2015","5.13.2, TCVN 7568-3:20155.13.2, TCVN 7568-3:20155.13.2, TCVN 7568-3:2015","Mẫu được lấy ngẫu nhiên tại lô phương tiện, số lượng mẫu được lấy phụ thuộc vào số lượng phương tiện trong lô (n), cụ thể như sau:Mẫu được lấy ngẫu nhiên tại lô phương tiện, số lượng mẫu được lấy phụ thuộc vào số lượng phương tiện trong lô (n), cụ thể như sau:Mẫu được lấy ngẫu nhiên tại lô phương tiện, số lượng mẫu được lấy phụ thuộc vào số lượng phương tiện trong lô (n), cụ thể như sau:- Thử nghiệm lô lần đầu:- Thử nghiệm lô lần đầu:- Thử nghiệm lô lần đầu:+ Nếu n ≤ 1.000 thì lấy 10 mẫu;+ Nếu n ≤ 1.000 thì lấy 10 mẫu;+ Nếu n ≤ 1.000 thì lấy 10 mẫu;+ Nếu 1.000 < n ≤ 5.000 thì lấy 20 mẫu;+ Nếu 1.000 < n ≤ 5.000 thì lấy 20 mẫu;+ Nếu 1.000 < n ≤ 5.000 thì lấy 20 mẫu;+ Nếu 5.000 < n ≤ 10.000 thì lấy 30 mẫu;+ Nếu 5.000 < n ≤ 10.000 thì lấy 30 mẫu;+ Nếu 5.000 < n ≤ 10.000 thì lấy 30 mẫu;+ Nếu n > 10.000 thì lấy 40 mẫu.+ Nếu n > 10.000 thì lấy 40 mẫu.+ Nếu n > 10.000 thì lấy 40 mẫu.- Thử nghiệm lô lần kế tiếp:- Thử nghiệm lô lần kế tiếp:- Thử nghiệm lô lần kế tiếp:+ Nếu n ≤ 1.000 thì lấy 09 mẫu;+ Nếu n ≤ 1.000 thì lấy 09 mẫu;+ Nếu n ≤ 1.000 thì lấy 09 mẫu;+ Nếu 1.000 < n ≤ 5.000 thì lấy 18 mẫu;+ Nếu 1.000 < n ≤ 5.000 thì lấy 18 mẫu;+ Nếu 1.000 < n ≤ 5.000 thì lấy 18 mẫu;+ Nếu 5.000 < n ≤ 10.000 thì lấy 27 mẫu;+ Nếu 5.000 < n ≤ 10.000 thì lấy 27 mẫu;+ Nếu 5.000 < n ≤ 10.000 thì lấy 27 mẫu;+ Nếu n > 10.000 thì lấy 36 mẫu.+ Nếu n > 10.000 thì lấy 36 mẫu.+ Nếu n > 10.000 thì lấy 36 mẫu.",8531.80.108531.80.108531.80.10
2.4.10.2.4.10.2.4.10.,Chuông báo cháyChuông báo cháyChuông báo cháy,9. Rung hình sin (vận hành)9. Rung hình sin (vận hành)9. Rung hình sin (vận hành),"5.14.3, TCVN 7568-3:20155.14.3, TCVN 7568-3:20155.14.3, TCVN 7568-3:2015","5.14.2, TCVN 7568-3:20155.14.2, TCVN 7568-3:20155.14.2, TCVN 7568-3:2015","Mẫu được lấy ngẫu nhiên tại lô phương tiện, số lượng mẫu được lấy phụ thuộc vào số lượng phương tiện trong lô (n), cụ thể như sau:Mẫu được lấy ngẫu nhiên tại lô phương tiện, số lượng mẫu được lấy phụ thuộc vào số lượng phương tiện trong lô (n), cụ thể như sau:Mẫu được lấy ngẫu nhiên tại lô phương tiện, số lượng mẫu được lấy phụ thuộc vào số lượng phương tiện trong lô (n), cụ thể như sau:- Thử nghiệm lô lần đầu:- Thử nghiệm lô lần đầu:- Thử nghiệm lô lần đầu:+ Nếu n ≤ 1.000 thì lấy 10 mẫu;+ Nếu n ≤ 1.000 thì lấy 10 mẫu;+ Nếu n ≤ 1.000 thì lấy 10 mẫu;+ Nếu 1.000 < n ≤ 5.000 thì lấy 20 mẫu;+ Nếu 1.000 < n ≤ 5.000 thì lấy 20 mẫu;+ Nếu 1.000 < n ≤ 5.000 thì lấy 20 mẫu;+ Nếu 5.000 < n ≤ 10.000 thì lấy 30 mẫu;+ Nếu 5.000 < n ≤ 10.000 thì lấy 30 mẫu;+ Nếu 5.000 < n ≤ 10.000 thì lấy 30 mẫu;+ Nếu n > 10.000 thì lấy 40 mẫu.+ Nếu n > 10.000 thì lấy 40 mẫu.+ Nếu n > 10.000 thì lấy 40 mẫu.- Thử nghiệm lô lần kế tiếp:- Thử nghiệm lô lần kế tiếp:- Thử nghiệm lô lần kế tiếp:+ Nếu n ≤ 1.000 thì lấy 09 mẫu;+ Nếu n ≤ 1.000 thì lấy 09 mẫu;+ Nếu n ≤ 1.000 thì lấy 09 mẫu;+ Nếu 1.000 < n ≤ 5.000 thì lấy 18 mẫu;+ Nếu 1.000 < n ≤ 5.000 thì lấy 18 mẫu;+ Nếu 1.000 < n ≤ 5.000 thì lấy 18 mẫu;+ Nếu 5.000 < n ≤ 10.000 thì lấy 27 mẫu;+ Nếu 5.000 < n ≤ 10.000 thì lấy 27 mẫu;+ Nếu 5.000 < n ≤ 10.000 thì lấy 27 mẫu;+ Nếu n > 10.000 thì lấy 36 mẫu.+ Nếu n > 10.000 thì lấy 36 mẫu.+ Nếu n > 10.000 thì lấy 36 mẫu.",8531.80.108531.80.108531.80.10
2.4.10.2.4.10.2.4.10.,Chuông báo cháyChuông báo cháyChuông báo cháy,10. Rung hình sin (khả năng chịu đựng) (*)10. Rung hình sin (khả năng chịu đựng) (*)10. Rung hình sin (khả năng chịu đựng) (*),"5.15.3, TCVN 7568-3:20155.15.3, TCVN 7568-3:20155.15.3, TCVN 7568-3:2015","5.15.2, TCVN 7568-3:20155.15.2, TCVN 7568-3:20155.15.2, TCVN 7568-3:2015","Mẫu được lấy ngẫu nhiên tại lô phương tiện, số lượng mẫu được lấy phụ thuộc vào số lượng phương tiện trong lô (n), cụ thể như sau:Mẫu được lấy ngẫu nhiên tại lô phương tiện, số lượng mẫu được lấy phụ thuộc vào số lượng phương tiện trong lô (n), cụ thể như sau:Mẫu được lấy ngẫu nhiên tại lô phương tiện, số lượng mẫu được lấy phụ thuộc vào số lượng phương tiện trong lô (n), cụ thể như sau:- Thử nghiệm lô lần đầu:- Thử nghiệm lô lần đầu:- Thử nghiệm lô lần đầu:+ Nếu n ≤ 1.000 thì lấy 10 mẫu;+ Nếu n ≤ 1.000 thì lấy 10 mẫu;+ Nếu n ≤ 1.000 thì lấy 10 mẫu;+ Nếu 1.000 < n ≤ 5.000 thì lấy 20 mẫu;+ Nếu 1.000 < n ≤ 5.000 thì lấy 20 mẫu;+ Nếu 1.000 < n ≤ 5.000 thì lấy 20 mẫu;+ Nếu 5.000 < n ≤ 10.000 thì lấy 30 mẫu;+ Nếu 5.000 < n ≤ 10.000 thì lấy 30 mẫu;+ Nếu 5.000 < n ≤ 10.000 thì lấy 30 mẫu;+ Nếu n > 10.000 thì lấy 40 mẫu.+ Nếu n > 10.000 thì lấy 40 mẫu.+ Nếu n > 10.000 thì lấy 40 mẫu.- Thử nghiệm lô lần kế tiếp:- Thử nghiệm lô lần kế tiếp:- Thử nghiệm lô lần kế tiếp:+ Nếu n ≤ 1.000 thì lấy 09 mẫu;+ Nếu n ≤ 1.000 thì lấy 09 mẫu;+ Nếu n ≤ 1.000 thì lấy 09 mẫu;+ Nếu 1.000 < n ≤ 5.000 thì lấy 18 mẫu;+ Nếu 1.000 < n ≤ 5.000 thì lấy 18 mẫu;+ Nếu 1.000 < n ≤ 5.000 thì lấy 18 mẫu;+ Nếu 5.000 < n ≤ 10.000 thì lấy 27 mẫu;+ Nếu 5.000 < n ≤ 10.000 thì lấy 27 mẫu;+ Nếu 5.000 < n ≤ 10.000 thì lấy 27 mẫu;+ Nếu n > 10.000 thì lấy 36 mẫu.+ Nếu n > 10.000 thì lấy 36 mẫu.+ Nếu n > 10.000 thì lấy 36 mẫu.",8531.80.108531.80.108531.80.10
2.4.10.2.4.10.2.4.10.,Chuông báo cháyChuông báo cháyChuông báo cháy,11. Sự đồng bộ hóa (*)11. Sự đồng bộ hóa (*)11. Sự đồng bộ hóa (*),"5.20.3, 5.20.4 TCVN 7568-3:20155.20.3, 5.20.4 TCVN 7568-3:20155.20.3, 5.20.4 TCVN 7568-3:2015","5.20.2, TCVN 7568-3:20155.20.2, TCVN 7568-3:20155.20.2, TCVN 7568-3:2015","Mẫu được lấy ngẫu nhiên tại lô phương tiện, số lượng mẫu được lấy phụ thuộc vào số lượng phương tiện trong lô (n), cụ thể như sau:Mẫu được lấy ngẫu nhiên tại lô phương tiện, số lượng mẫu được lấy phụ thuộc vào số lượng phương tiện trong lô (n), cụ thể như sau:Mẫu được lấy ngẫu nhiên tại lô phương tiện, số lượng mẫu được lấy phụ thuộc vào số lượng phương tiện trong lô (n), cụ thể như sau:- Thử nghiệm lô lần đầu:- Thử nghiệm lô lần đầu:- Thử nghiệm lô lần đầu:+ Nếu n ≤ 1.000 thì lấy 10 mẫu;+ Nếu n ≤ 1.000 thì lấy 10 mẫu;+ Nếu n ≤ 1.000 thì lấy 10 mẫu;+ Nếu 1.000 < n ≤ 5.000 thì lấy 20 mẫu;+ Nếu 1.000 < n ≤ 5.000 thì lấy 20 mẫu;+ Nếu 1.000 < n ≤ 5.000 thì lấy 20 mẫu;+ Nếu 5.000 < n ≤ 10.000 thì lấy 30 mẫu;+ Nếu 5.000 < n ≤ 10.000 thì lấy 30 mẫu;+ Nếu 5.000 < n ≤ 10.000 thì lấy 30 mẫu;+ Nếu n > 10.000 thì lấy 40 mẫu.+ Nếu n > 10.000 thì lấy 40 mẫu.+ Nếu n > 10.000 thì lấy 40 mẫu.- Thử nghiệm lô lần kế tiếp:- Thử nghiệm lô lần kế tiếp:- Thử nghiệm lô lần kế tiếp:+ Nếu n ≤ 1.000 thì lấy 09 mẫu;+ Nếu n ≤ 1.000 thì lấy 09 mẫu;+ Nếu n ≤ 1.000 thì lấy 09 mẫu;+ Nếu 1.000 < n ≤ 5.000 thì lấy 18 mẫu;+ Nếu 1.000 < n ≤ 5.000 thì lấy 18 mẫu;+ Nếu 1.000 < n ≤ 5.000 thì lấy 18 mẫu;+ Nếu 5.000 < n ≤ 10.000 thì lấy 27 mẫu;+ Nếu 5.000 < n ≤ 10.000 thì lấy 27 mẫu;+ Nếu 5.000 < n ≤ 10.000 thì lấy 27 mẫu;+ Nếu n > 10.000 thì lấy 36 mẫu.+ Nếu n > 10.000 thì lấy 36 mẫu.+ Nếu n > 10.000 thì lấy 36 mẫu.",8531.80.108531.80.108531.80.10
2.4.10.2.4.10.2.4.10.,Chuông báo cháyChuông báo cháyChuông báo cháy,12. Suy hao tín hiệu tại hiện trường (***)12. Suy hao tín hiệu tại hiện trường (***)12. Suy hao tín hiệu tại hiện trường (***),4.2.14.2.14.2.1TCVN 7568-25:2023TCVN 7568-25:2023TCVN 7568-25:2023,8.2.28.2.28.2.2TCVN 7568-25:2023TCVN 7568-25:2023TCVN 7568-25:2023,"Mẫu được lấy ngẫu nhiên tại lô phương tiện, số lượng mẫu được lấy phụ thuộc vào số lượng phương tiện trong lô (n), cụ thể như sau:Mẫu được lấy ngẫu nhiên tại lô phương tiện, số lượng mẫu được lấy phụ thuộc vào số lượng phương tiện trong lô (n), cụ thể như sau:Mẫu được lấy ngẫu nhiên tại lô phương tiện, số lượng mẫu được lấy phụ thuộc vào số lượng phương tiện trong lô (n), cụ thể như sau:- Thử nghiệm lô lần đầu:- Thử nghiệm lô lần đầu:- Thử nghiệm lô lần đầu:+ Nếu n ≤ 1.000 thì lấy 10 mẫu;+ Nếu n ≤ 1.000 thì lấy 10 mẫu;+ Nếu n ≤ 1.000 thì lấy 10 mẫu;+ Nếu 1.000 < n ≤ 5.000 thì lấy 20 mẫu;+ Nếu 1.000 < n ≤ 5.000 thì lấy 20 mẫu;+ Nếu 1.000 < n ≤ 5.000 thì lấy 20 mẫu;+ Nếu 5.000 < n ≤ 10.000 thì lấy 30 mẫu;+ Nếu 5.000 < n ≤ 10.000 thì lấy 30 mẫu;+ Nếu 5.000 < n ≤ 10.000 thì lấy 30 mẫu;+ Nếu n > 10.000 thì lấy 40 mẫu.+ Nếu n > 10.000 thì lấy 40 mẫu.+ Nếu n > 10.000 thì lấy 40 mẫu.- Thử nghiệm lô lần kế tiếp:- Thử nghiệm lô lần kế tiếp:- Thử nghiệm lô lần kế tiếp:+ Nếu n ≤ 1.000 thì lấy 09 mẫu;+ Nếu n ≤ 1.000 thì lấy 09 mẫu;+ Nếu n ≤ 1.000 thì lấy 09 mẫu;+ Nếu 1.000 < n ≤ 5.000 thì lấy 18 mẫu;+ Nếu 1.000 < n ≤ 5.000 thì lấy 18 mẫu;+ Nếu 1.000 < n ≤ 5.000 thì lấy 18 mẫu;+ Nếu 5.000 < n ≤ 10.000 thì lấy 27 mẫu;+ Nếu 5.000 < n ≤ 10.000 thì lấy 27 mẫu;+ Nếu 5.000 < n ≤ 10.000 thì lấy 27 mẫu;+ Nếu n > 10.000 thì lấy 36 mẫu.+ Nếu n > 10.000 thì lấy 36 mẫu.+ Nếu n > 10.000 thì lấy 36 mẫu.",8531.80.108531.80.108531.80.10
2.4.10.2.4.10.2.4.10.,Chuông báo cháyChuông báo cháyChuông báo cháy,13. Tính toàn vẹn của tín hiệu cảnh báo (***)13. Tính toàn vẹn của tín hiệu cảnh báo (***)13. Tính toàn vẹn của tín hiệu cảnh báo (***),4.2.24.2.24.2.2TCVN 7568-25:2023TCVN 7568-25:2023TCVN 7568-25:2023,8.2.38.2.38.2.3TCVN 7568-25:2023TCVN 7568-25:2023TCVN 7568-25:2023,"Mẫu được lấy ngẫu nhiên tại lô phương tiện, số lượng mẫu được lấy phụ thuộc vào số lượng phương tiện trong lô (n), cụ thể như sau:Mẫu được lấy ngẫu nhiên tại lô phương tiện, số lượng mẫu được lấy phụ thuộc vào số lượng phương tiện trong lô (n), cụ thể như sau:Mẫu được lấy ngẫu nhiên tại lô phương tiện, số lượng mẫu được lấy phụ thuộc vào số lượng phương tiện trong lô (n), cụ thể như sau:- Thử nghiệm lô lần đầu:- Thử nghiệm lô lần đầu:- Thử nghiệm lô lần đầu:+ Nếu n ≤ 1.000 thì lấy 10 mẫu;+ Nếu n ≤ 1.000 thì lấy 10 mẫu;+ Nếu n ≤ 1.000 thì lấy 10 mẫu;+ Nếu 1.000 < n ≤ 5.000 thì lấy 20 mẫu;+ Nếu 1.000 < n ≤ 5.000 thì lấy 20 mẫu;+ Nếu 1.000 < n ≤ 5.000 thì lấy 20 mẫu;+ Nếu 5.000 < n ≤ 10.000 thì lấy 30 mẫu;+ Nếu 5.000 < n ≤ 10.000 thì lấy 30 mẫu;+ Nếu 5.000 < n ≤ 10.000 thì lấy 30 mẫu;+ Nếu n > 10.000 thì lấy 40 mẫu.+ Nếu n > 10.000 thì lấy 40 mẫu.+ Nếu n > 10.000 thì lấy 40 mẫu.- Thử nghiệm lô lần kế tiếp:- Thử nghiệm lô lần kế tiếp:- Thử nghiệm lô lần kế tiếp:+ Nếu n ≤ 1.000 thì lấy 09 mẫu;+ Nếu n ≤ 1.000 thì lấy 09 mẫu;+ Nếu n ≤ 1.000 thì lấy 09 mẫu;+ Nếu 1.000 < n ≤ 5.000 thì lấy 18 mẫu;+ Nếu 1.000 < n ≤ 5.000 thì lấy 18 mẫu;+ Nếu 1.000 < n ≤ 5.000 thì lấy 18 mẫu;+ Nếu 5.000 < n ≤ 10.000 thì lấy 27 mẫu;+ Nếu 5.000 < n ≤ 10.000 thì lấy 27 mẫu;+ Nếu 5.000 < n ≤ 10.000 thì lấy 27 mẫu;+ Nếu n > 10.000 thì lấy 36 mẫu.+ Nếu n > 10.000 thì lấy 36 mẫu.+ Nếu n > 10.000 thì lấy 36 mẫu.",8531.80.108531.80.108531.80.10
2.4.10.2.4.10.2.4.10.,Chuông báo cháyChuông báo cháyChuông báo cháy,14. Định danh của các thiết bị sử dụng đường truyền vô tuyến (***)14. Định danh của các thiết bị sử dụng đường truyền vô tuyến (***)14. Định danh của các thiết bị sử dụng đường truyền vô tuyến (***),4.2.34.2.34.2.3TCVN 7568-25:2023TCVN 7568-25:2023TCVN 7568-25:2023,8.2.48.2.48.2.4TCVN 7568-25:2023TCVN 7568-25:2023TCVN 7568-25:2023,"Mẫu được lấy ngẫu nhiên tại lô phương tiện, số lượng mẫu được lấy phụ thuộc vào số lượng phương tiện trong lô (n), cụ thể như sau:Mẫu được lấy ngẫu nhiên tại lô phương tiện, số lượng mẫu được lấy phụ thuộc vào số lượng phương tiện trong lô (n), cụ thể như sau:Mẫu được lấy ngẫu nhiên tại lô phương tiện, số lượng mẫu được lấy phụ thuộc vào số lượng phương tiện trong lô (n), cụ thể như sau:- Thử nghiệm lô lần đầu:- Thử nghiệm lô lần đầu:- Thử nghiệm lô lần đầu:+ Nếu n ≤ 1.000 thì lấy 10 mẫu;+ Nếu n ≤ 1.000 thì lấy 10 mẫu;+ Nếu n ≤ 1.000 thì lấy 10 mẫu;+ Nếu 1.000 < n ≤ 5.000 thì lấy 20 mẫu;+ Nếu 1.000 < n ≤ 5.000 thì lấy 20 mẫu;+ Nếu 1.000 < n ≤ 5.000 thì lấy 20 mẫu;+ Nếu 5.000 < n ≤ 10.000 thì lấy 30 mẫu;+ Nếu 5.000 < n ≤ 10.000 thì lấy 30 mẫu;+ Nếu 5.000 < n ≤ 10.000 thì lấy 30 mẫu;+ Nếu n > 10.000 thì lấy 40 mẫu.+ Nếu n > 10.000 thì lấy 40 mẫu.+ Nếu n > 10.000 thì lấy 40 mẫu.- Thử nghiệm lô lần kế tiếp:- Thử nghiệm lô lần kế tiếp:- Thử nghiệm lô lần kế tiếp:+ Nếu n ≤ 1.000 thì lấy 09 mẫu;+ Nếu n ≤ 1.000 thì lấy 09 mẫu;+ Nếu n ≤ 1.000 thì lấy 09 mẫu;+ Nếu 1.000 < n ≤ 5.000 thì lấy 18 mẫu;+ Nếu 1.000 < n ≤ 5.000 thì lấy 18 mẫu;+ Nếu 1.000 < n ≤ 5.000 thì lấy 18 mẫu;+ Nếu 5.000 < n ≤ 10.000 thì lấy 27 mẫu;+ Nếu 5.000 < n ≤ 10.000 thì lấy 27 mẫu;+ Nếu 5.000 < n ≤ 10.000 thì lấy 27 mẫu;+ Nếu n > 10.000 thì lấy 36 mẫu.+ Nếu n > 10.000 thì lấy 36 mẫu.+ Nếu n > 10.000 thì lấy 36 mẫu.",8531.80.108531.80.108531.80.10
2.4.10.2.4.10.2.4.10.,Chuông báo cháyChuông báo cháyChuông báo cháy,15. Ăng ten (***)15. Ăng ten (***)15. Ăng ten (***),4.2.74.2.74.2.7TCVN 7568-25:2023TCVN 7568-25:2023TCVN 7568-25:2023,8.2.98.2.98.2.9TCVN 7568-25:2023TCVN 7568-25:2023TCVN 7568-25:2023,"Mẫu được lấy ngẫu nhiên tại lô phương tiện, số lượng mẫu được lấy phụ thuộc vào số lượng phương tiện trong lô (n), cụ thể như sau:Mẫu được lấy ngẫu nhiên tại lô phương tiện, số lượng mẫu được lấy phụ thuộc vào số lượng phương tiện trong lô (n), cụ thể như sau:Mẫu được lấy ngẫu nhiên tại lô phương tiện, số lượng mẫu được lấy phụ thuộc vào số lượng phương tiện trong lô (n), cụ thể như sau:- Thử nghiệm lô lần đầu:- Thử nghiệm lô lần đầu:- Thử nghiệm lô lần đầu:+ Nếu n ≤ 1.000 thì lấy 10 mẫu;+ Nếu n ≤ 1.000 thì lấy 10 mẫu;+ Nếu n ≤ 1.000 thì lấy 10 mẫu;+ Nếu 1.000 < n ≤ 5.000 thì lấy 20 mẫu;+ Nếu 1.000 < n ≤ 5.000 thì lấy 20 mẫu;+ Nếu 1.000 < n ≤ 5.000 thì lấy 20 mẫu;+ Nếu 5.000 < n ≤ 10.000 thì lấy 30 mẫu;+ Nếu 5.000 < n ≤ 10.000 thì lấy 30 mẫu;+ Nếu 5.000 < n ≤ 10.000 thì lấy 30 mẫu;+ Nếu n > 10.000 thì lấy 40 mẫu.+ Nếu n > 10.000 thì lấy 40 mẫu.+ Nếu n > 10.000 thì lấy 40 mẫu.- Thử nghiệm lô lần kế tiếp:- Thử nghiệm lô lần kế tiếp:- Thử nghiệm lô lần kế tiếp:+ Nếu n ≤ 1.000 thì lấy 09 mẫu;+ Nếu n ≤ 1.000 thì lấy 09 mẫu;+ Nếu n ≤ 1.000 thì lấy 09 mẫu;+ Nếu 1.000 < n ≤ 5.000 thì lấy 18 mẫu;+ Nếu 1.000 < n ≤ 5.000 thì lấy 18 mẫu;+ Nếu 1.000 < n ≤ 5.000 thì lấy 18 mẫu;+ Nếu 5.000 < n ≤ 10.000 thì lấy 27 mẫu;+ Nếu 5.000 < n ≤ 10.000 thì lấy 27 mẫu;+ Nếu 5.000 < n ≤ 10.000 thì lấy 27 mẫu;+ Nếu n > 10.000 thì lấy 36 mẫu.+ Nếu n > 10.000 thì lấy 36 mẫu.+ Nếu n > 10.000 thì lấy 36 mẫu.",8531.80.108531.80.108531.80.10
2.4.10.2.4.10.2.4.10.,Chuông báo cháyChuông báo cháyChuông báo cháy,16. Tuổi thọ nguồn độc lập (***)16. Tuổi thọ nguồn độc lập (***)16. Tuổi thọ nguồn độc lập (***),5.3.25.3.25.3.2TCVN 7568-25:2023TCVN 7568-25:2023TCVN 7568-25:2023,8.3.38.3.38.3.3TCVN 7568-25:2023TCVN 7568-25:2023TCVN 7568-25:2023,"Mẫu được lấy ngẫu nhiên tại lô phương tiện, số lượng mẫu được lấy phụ thuộc vào số lượng phương tiện trong lô (n), cụ thể như sau:Mẫu được lấy ngẫu nhiên tại lô phương tiện, số lượng mẫu được lấy phụ thuộc vào số lượng phương tiện trong lô (n), cụ thể như sau:Mẫu được lấy ngẫu nhiên tại lô phương tiện, số lượng mẫu được lấy phụ thuộc vào số lượng phương tiện trong lô (n), cụ thể như sau:- Thử nghiệm lô lần đầu:- Thử nghiệm lô lần đầu:- Thử nghiệm lô lần đầu:+ Nếu n ≤ 1.000 thì lấy 10 mẫu;+ Nếu n ≤ 1.000 thì lấy 10 mẫu;+ Nếu n ≤ 1.000 thì lấy 10 mẫu;+ Nếu 1.000 < n ≤ 5.000 thì lấy 20 mẫu;+ Nếu 1.000 < n ≤ 5.000 thì lấy 20 mẫu;+ Nếu 1.000 < n ≤ 5.000 thì lấy 20 mẫu;+ Nếu 5.000 < n ≤ 10.000 thì lấy 30 mẫu;+ Nếu 5.000 < n ≤ 10.000 thì lấy 30 mẫu;+ Nếu 5.000 < n ≤ 10.000 thì lấy 30 mẫu;+ Nếu n > 10.000 thì lấy 40 mẫu.+ Nếu n > 10.000 thì lấy 40 mẫu.+ Nếu n > 10.000 thì lấy 40 mẫu.- Thử nghiệm lô lần kế tiếp:- Thử nghiệm lô lần kế tiếp:- Thử nghiệm lô lần kế tiếp:+ Nếu n ≤ 1.000 thì lấy 09 mẫu;+ Nếu n ≤ 1.000 thì lấy 09 mẫu;+ Nếu n ≤ 1.000 thì lấy 09 mẫu;+ Nếu 1.000 < n ≤ 5.000 thì lấy 18 mẫu;+ Nếu 1.000 < n ≤ 5.000 thì lấy 18 mẫu;+ Nếu 1.000 < n ≤ 5.000 thì lấy 18 mẫu;+ Nếu 5.000 < n ≤ 10.000 thì lấy 27 mẫu;+ Nếu 5.000 < n ≤ 10.000 thì lấy 27 mẫu;+ Nếu 5.000 < n ≤ 10.000 thì lấy 27 mẫu;+ Nếu n > 10.000 thì lấy 36 mẫu.+ Nếu n > 10.000 thì lấy 36 mẫu.+ Nếu n > 10.000 thì lấy 36 mẫu.",8531.80.108531.80.108531.80.10
2.4.10.2.4.10.2.4.10.,Chuông báo cháyChuông báo cháyChuông báo cháy,17. Xuyên nhiễu giữa các hệ thống của cùng một nhà sản xuất (***)17. Xuyên nhiễu giữa các hệ thống của cùng một nhà sản xuất (***)17. Xuyên nhiễu giữa các hệ thống của cùng một nhà sản xuất (***),4.2.5.24.2.5.24.2.5.2TCVN 7568-25:2023TCVN 7568-25:2023TCVN 7568-25:2023,8.2.68.2.68.2.6TCVN 7568-25:2023TCVN 7568-25:2023TCVN 7568-25:2023,"Mẫu được lấy ngẫu nhiên tại lô phương tiện, số lượng mẫu được lấy phụ thuộc vào số lượng phương tiện trong lô (n), cụ thể như sau:Mẫu được lấy ngẫu nhiên tại lô phương tiện, số lượng mẫu được lấy phụ thuộc vào số lượng phương tiện trong lô (n), cụ thể như sau:Mẫu được lấy ngẫu nhiên tại lô phương tiện, số lượng mẫu được lấy phụ thuộc vào số lượng phương tiện trong lô (n), cụ thể như sau:- Thử nghiệm lô lần đầu:- Thử nghiệm lô lần đầu:- Thử nghiệm lô lần đầu:+ Nếu n ≤ 1.000 thì lấy 10 mẫu;+ Nếu n ≤ 1.000 thì lấy 10 mẫu;+ Nếu n ≤ 1.000 thì lấy 10 mẫu;+ Nếu 1.000 < n ≤ 5.000 thì lấy 20 mẫu;+ Nếu 1.000 < n ≤ 5.000 thì lấy 20 mẫu;+ Nếu 1.000 < n ≤ 5.000 thì lấy 20 mẫu;+ Nếu 5.000 < n ≤ 10.000 thì lấy 30 mẫu;+ Nếu 5.000 < n ≤ 10.000 thì lấy 30 mẫu;+ Nếu 5.000 < n ≤ 10.000 thì lấy 30 mẫu;+ Nếu n > 10.000 thì lấy 40 mẫu.+ Nếu n > 10.000 thì lấy 40 mẫu.+ Nếu n > 10.000 thì lấy 40 mẫu.- Thử nghiệm lô lần kế tiếp:- Thử nghiệm lô lần kế tiếp:- Thử nghiệm lô lần kế tiếp:+ Nếu n ≤ 1.000 thì lấy 09 mẫu;+ Nếu n ≤ 1.000 thì lấy 09 mẫu;+ Nếu n ≤ 1.000 thì lấy 09 mẫu;+ Nếu 1.000 < n ≤ 5.000 thì lấy 18 mẫu;+ Nếu 1.000 < n ≤ 5.000 thì lấy 18 mẫu;+ Nếu 1.000 < n ≤ 5.000 thì lấy 18 mẫu;+ Nếu 5.000 < n ≤ 10.000 thì lấy 27 mẫu;+ Nếu 5.000 < n ≤ 10.000 thì lấy 27 mẫu;+ Nếu 5.000 < n ≤ 10.000 thì lấy 27 mẫu;+ Nếu n > 10.000 thì lấy 36 mẫu.+ Nếu n > 10.000 thì lấy 36 mẫu.+ Nếu n > 10.000 thì lấy 36 mẫu.",8531.80.108531.80.108531.80.10
2.4.11.2.4.11.2.4.11.,Nút ấn báo cháyNút ấn báo cháyNút ấn báo cháy,1. Đặc tính vận hành1. Đặc tính vận hành1. Đặc tính vận hành,5.2.3 TCVN 7568-11:20155.2.3 TCVN 7568-11:20155.2.3 TCVN 7568-11:2015,5.2.2 TCVN 7568-11:20155.2.2 TCVN 7568-11:20155.2.2 TCVN 7568-11:2015,"Mẫu được lấy ngẫu nhiên tại lô phương tiện, số lượng mẫu được lấy phụ thuộc vào số lượng phương tiện trong lô (n), cụ thể như sau:Mẫu được lấy ngẫu nhiên tại lô phương tiện, số lượng mẫu được lấy phụ thuộc vào số lượng phương tiện trong lô (n), cụ thể như sau:Mẫu được lấy ngẫu nhiên tại lô phương tiện, số lượng mẫu được lấy phụ thuộc vào số lượng phương tiện trong lô (n), cụ thể như sau:- Thử nghiệm lô lần đầu:- Thử nghiệm lô lần đầu:- Thử nghiệm lô lần đầu:+ Nếu n ≤ 1.000 thì lấy 08 mẫu;+ Nếu n ≤ 1.000 thì lấy 08 mẫu;+ Nếu n ≤ 1.000 thì lấy 08 mẫu;+ Nếu 1.000 < n ≤ 5.000 thì lấy 16 mẫu;+ Nếu 1.000 < n ≤ 5.000 thì lấy 16 mẫu;+ Nếu 1.000 < n ≤ 5.000 thì lấy 16 mẫu;+ Nếu 5.000 < n ≤ 10.000 thì lấy 24 mẫu;+ Nếu 5.000 < n ≤ 10.000 thì lấy 24 mẫu;+ Nếu 5.000 < n ≤ 10.000 thì lấy 24 mẫu;+ Nếu n > 10.000 thì lấy 32 mẫu.+ Nếu n > 10.000 thì lấy 32 mẫu.+ Nếu n > 10.000 thì lấy 32 mẫu.- Thử nghiệm lô lần kế tiếp:- Thử nghiệm lô lần kế tiếp:- Thử nghiệm lô lần kế tiếp:+ Nếu n ≤ 1.000 thì lấy 06 mẫu;+ Nếu n ≤ 1.000 thì lấy 06 mẫu;+ Nếu n ≤ 1.000 thì lấy 06 mẫu;+ Nếu 1.000 < n ≤ 5.000 thì lấy 12 mẫu;+ Nếu 1.000 < n ≤ 5.000 thì lấy 12 mẫu;+ Nếu 1.000 < n ≤ 5.000 thì lấy 12 mẫu;+ Nếu 5.000 < n ≤ 10.000 thì lấy 18 mẫu;+ Nếu 5.000 < n ≤ 10.000 thì lấy 18 mẫu;+ Nếu 5.000 < n ≤ 10.000 thì lấy 18 mẫu;+ Nếu n > 10.000 thì lấy 24 mẫu.+ Nếu n > 10.000 thì lấy 24 mẫu.+ Nếu n > 10.000 thì lấy 24 mẫu.",8536.50.998536.50.998536.50.99
2.4.11.2.4.11.2.4.11.,Nút ấn báo cháyNút ấn báo cháyNút ấn báo cháy,2. Vận hành2. Vận hành2. Vận hành,5.3.3 TCVN 7568-11:20155.3.3 TCVN 7568-11:20155.3.3 TCVN 7568-11:2015,5.3.2 TCVN 7568-11:20155.3.2 TCVN 7568-11:20155.3.2 TCVN 7568-11:2015,"Mẫu được lấy ngẫu nhiên tại lô phương tiện, số lượng mẫu được lấy phụ thuộc vào số lượng phương tiện trong lô (n), cụ thể như sau:Mẫu được lấy ngẫu nhiên tại lô phương tiện, số lượng mẫu được lấy phụ thuộc vào số lượng phương tiện trong lô (n), cụ thể như sau:Mẫu được lấy ngẫu nhiên tại lô phương tiện, số lượng mẫu được lấy phụ thuộc vào số lượng phương tiện trong lô (n), cụ thể như sau:- Thử nghiệm lô lần đầu:- Thử nghiệm lô lần đầu:- Thử nghiệm lô lần đầu:+ Nếu n ≤ 1.000 thì lấy 08 mẫu;+ Nếu n ≤ 1.000 thì lấy 08 mẫu;+ Nếu n ≤ 1.000 thì lấy 08 mẫu;+ Nếu 1.000 < n ≤ 5.000 thì lấy 16 mẫu;+ Nếu 1.000 < n ≤ 5.000 thì lấy 16 mẫu;+ Nếu 1.000 < n ≤ 5.000 thì lấy 16 mẫu;+ Nếu 5.000 < n ≤ 10.000 thì lấy 24 mẫu;+ Nếu 5.000 < n ≤ 10.000 thì lấy 24 mẫu;+ Nếu 5.000 < n ≤ 10.000 thì lấy 24 mẫu;+ Nếu n > 10.000 thì lấy 32 mẫu.+ Nếu n > 10.000 thì lấy 32 mẫu.+ Nếu n > 10.000 thì lấy 32 mẫu.- Thử nghiệm lô lần kế tiếp:- Thử nghiệm lô lần kế tiếp:- Thử nghiệm lô lần kế tiếp:+ Nếu n ≤ 1.000 thì lấy 06 mẫu;+ Nếu n ≤ 1.000 thì lấy 06 mẫu;+ Nếu n ≤ 1.000 thì lấy 06 mẫu;+ Nếu 1.000 < n ≤ 5.000 thì lấy 12 mẫu;+ Nếu 1.000 < n ≤ 5.000 thì lấy 12 mẫu;+ Nếu 1.000 < n ≤ 5.000 thì lấy 12 mẫu;+ Nếu 5.000 < n ≤ 10.000 thì lấy 18 mẫu;+ Nếu 5.000 < n ≤ 10.000 thì lấy 18 mẫu;+ Nếu 5.000 < n ≤ 10.000 thì lấy 18 mẫu;+ Nếu n > 10.000 thì lấy 24 mẫu.+ Nếu n > 10.000 thì lấy 24 mẫu.+ Nếu n > 10.000 thì lấy 24 mẫu.",8536.50.998536.50.998536.50.99
2.4.11.2.4.11.2.4.11.,Nút ấn báo cháyNút ấn báo cháyNút ấn báo cháy,3. Phương tiện thử (vận hành)3. Phương tiện thử (vận hành)3. Phương tiện thử (vận hành),5.4.3 TCVN 7568-11:20155.4.3 TCVN 7568-11:20155.4.3 TCVN 7568-11:2015,5.4.2 TCVN 7568-11:20155.4.2 TCVN 7568-11:20155.4.2 TCVN 7568-11:2015,"Mẫu được lấy ngẫu nhiên tại lô phương tiện, số lượng mẫu được lấy phụ thuộc vào số lượng phương tiện trong lô (n), cụ thể như sau:Mẫu được lấy ngẫu nhiên tại lô phương tiện, số lượng mẫu được lấy phụ thuộc vào số lượng phương tiện trong lô (n), cụ thể như sau:Mẫu được lấy ngẫu nhiên tại lô phương tiện, số lượng mẫu được lấy phụ thuộc vào số lượng phương tiện trong lô (n), cụ thể như sau:- Thử nghiệm lô lần đầu:- Thử nghiệm lô lần đầu:- Thử nghiệm lô lần đầu:+ Nếu n ≤ 1.000 thì lấy 08 mẫu;+ Nếu n ≤ 1.000 thì lấy 08 mẫu;+ Nếu n ≤ 1.000 thì lấy 08 mẫu;+ Nếu 1.000 < n ≤ 5.000 thì lấy 16 mẫu;+ Nếu 1.000 < n ≤ 5.000 thì lấy 16 mẫu;+ Nếu 1.000 < n ≤ 5.000 thì lấy 16 mẫu;+ Nếu 5.000 < n ≤ 10.000 thì lấy 24 mẫu;+ Nếu 5.000 < n ≤ 10.000 thì lấy 24 mẫu;+ Nếu 5.000 < n ≤ 10.000 thì lấy 24 mẫu;+ Nếu n > 10.000 thì lấy 32 mẫu.+ Nếu n > 10.000 thì lấy 32 mẫu.+ Nếu n > 10.000 thì lấy 32 mẫu.- Thử nghiệm lô lần kế tiếp:- Thử nghiệm lô lần kế tiếp:- Thử nghiệm lô lần kế tiếp:+ Nếu n ≤ 1.000 thì lấy 06 mẫu;+ Nếu n ≤ 1.000 thì lấy 06 mẫu;+ Nếu n ≤ 1.000 thì lấy 06 mẫu;+ Nếu 1.000 < n ≤ 5.000 thì lấy 12 mẫu;+ Nếu 1.000 < n ≤ 5.000 thì lấy 12 mẫu;+ Nếu 1.000 < n ≤ 5.000 thì lấy 12 mẫu;+ Nếu 5.000 < n ≤ 10.000 thì lấy 18 mẫu;+ Nếu 5.000 < n ≤ 10.000 thì lấy 18 mẫu;+ Nếu 5.000 < n ≤ 10.000 thì lấy 18 mẫu;+ Nếu n > 10.000 thì lấy 24 mẫu.+ Nếu n > 10.000 thì lấy 24 mẫu.+ Nếu n > 10.000 thì lấy 24 mẫu.",8536.50.998536.50.998536.50.99
2.4.11.2.4.11.2.4.11.,Nút ấn báo cháyNút ấn báo cháyNút ấn báo cháy,4. Độ tin cậy (khả năng chịu đựng)4. Độ tin cậy (khả năng chịu đựng)4. Độ tin cậy (khả năng chịu đựng),5.5.3 TCVN 7568-11:20155.5.3 TCVN 7568-11:20155.5.3 TCVN 7568-11:2015,5.5.2 TCVN 7568-11:20155.5.2 TCVN 7568-11:20155.5.2 TCVN 7568-11:2015,"Mẫu được lấy ngẫu nhiên tại lô phương tiện, số lượng mẫu được lấy phụ thuộc vào số lượng phương tiện trong lô (n), cụ thể như sau:Mẫu được lấy ngẫu nhiên tại lô phương tiện, số lượng mẫu được lấy phụ thuộc vào số lượng phương tiện trong lô (n), cụ thể như sau:Mẫu được lấy ngẫu nhiên tại lô phương tiện, số lượng mẫu được lấy phụ thuộc vào số lượng phương tiện trong lô (n), cụ thể như sau:- Thử nghiệm lô lần đầu:- Thử nghiệm lô lần đầu:- Thử nghiệm lô lần đầu:+ Nếu n ≤ 1.000 thì lấy 08 mẫu;+ Nếu n ≤ 1.000 thì lấy 08 mẫu;+ Nếu n ≤ 1.000 thì lấy 08 mẫu;+ Nếu 1.000 < n ≤ 5.000 thì lấy 16 mẫu;+ Nếu 1.000 < n ≤ 5.000 thì lấy 16 mẫu;+ Nếu 1.000 < n ≤ 5.000 thì lấy 16 mẫu;+ Nếu 5.000 < n ≤ 10.000 thì lấy 24 mẫu;+ Nếu 5.000 < n ≤ 10.000 thì lấy 24 mẫu;+ Nếu 5.000 < n ≤ 10.000 thì lấy 24 mẫu;+ Nếu n > 10.000 thì lấy 32 mẫu.+ Nếu n > 10.000 thì lấy 32 mẫu.+ Nếu n > 10.000 thì lấy 32 mẫu.- Thử nghiệm lô lần kế tiếp:- Thử nghiệm lô lần kế tiếp:- Thử nghiệm lô lần kế tiếp:+ Nếu n ≤ 1.000 thì lấy 06 mẫu;+ Nếu n ≤ 1.000 thì lấy 06 mẫu;+ Nếu n ≤ 1.000 thì lấy 06 mẫu;+ Nếu 1.000 < n ≤ 5.000 thì lấy 12 mẫu;+ Nếu 1.000 < n ≤ 5.000 thì lấy 12 mẫu;+ Nếu 1.000 < n ≤ 5.000 thì lấy 12 mẫu;+ Nếu 5.000 < n ≤ 10.000 thì lấy 18 mẫu;+ Nếu 5.000 < n ≤ 10.000 thì lấy 18 mẫu;+ Nếu 5.000 < n ≤ 10.000 thì lấy 18 mẫu;+ Nếu n > 10.000 thì lấy 24 mẫu.+ Nếu n > 10.000 thì lấy 24 mẫu.+ Nếu n > 10.000 thì lấy 24 mẫu.",8536.50.998536.50.998536.50.99
2.4.11.2.4.11.2.4.11.,Nút ấn báo cháyNút ấn báo cháyNút ấn báo cháy,5. Biến đổi của các thông số cung cấp5. Biến đổi của các thông số cung cấp5. Biến đổi của các thông số cung cấp,5.6.3 TCVN 7568-11:20155.6.3 TCVN 7568-11:20155.6.3 TCVN 7568-11:2015,5.6.2 TCVN 7568-11:20155.6.2 TCVN 7568-11:20155.6.2 TCVN 7568-11:2015,"Mẫu được lấy ngẫu nhiên tại lô phương tiện, số lượng mẫu được lấy phụ thuộc vào số lượng phương tiện trong lô (n), cụ thể như sau:Mẫu được lấy ngẫu nhiên tại lô phương tiện, số lượng mẫu được lấy phụ thuộc vào số lượng phương tiện trong lô (n), cụ thể như sau:Mẫu được lấy ngẫu nhiên tại lô phương tiện, số lượng mẫu được lấy phụ thuộc vào số lượng phương tiện trong lô (n), cụ thể như sau:- Thử nghiệm lô lần đầu:- Thử nghiệm lô lần đầu:- Thử nghiệm lô lần đầu:+ Nếu n ≤ 1.000 thì lấy 08 mẫu;+ Nếu n ≤ 1.000 thì lấy 08 mẫu;+ Nếu n ≤ 1.000 thì lấy 08 mẫu;+ Nếu 1.000 < n ≤ 5.000 thì lấy 16 mẫu;+ Nếu 1.000 < n ≤ 5.000 thì lấy 16 mẫu;+ Nếu 1.000 < n ≤ 5.000 thì lấy 16 mẫu;+ Nếu 5.000 < n ≤ 10.000 thì lấy 24 mẫu;+ Nếu 5.000 < n ≤ 10.000 thì lấy 24 mẫu;+ Nếu 5.000 < n ≤ 10.000 thì lấy 24 mẫu;+ Nếu n > 10.000 thì lấy 32 mẫu.+ Nếu n > 10.000 thì lấy 32 mẫu.+ Nếu n > 10.000 thì lấy 32 mẫu.- Thử nghiệm lô lần kế tiếp:- Thử nghiệm lô lần kế tiếp:- Thử nghiệm lô lần kế tiếp:+ Nếu n ≤ 1.000 thì lấy 06 mẫu;+ Nếu n ≤ 1.000 thì lấy 06 mẫu;+ Nếu n ≤ 1.000 thì lấy 06 mẫu;+ Nếu 1.000 < n ≤ 5.000 thì lấy 12 mẫu;+ Nếu 1.000 < n ≤ 5.000 thì lấy 12 mẫu;+ Nếu 1.000 < n ≤ 5.000 thì lấy 12 mẫu;+ Nếu 5.000 < n ≤ 10.000 thì lấy 18 mẫu;+ Nếu 5.000 < n ≤ 10.000 thì lấy 18 mẫu;+ Nếu 5.000 < n ≤ 10.000 thì lấy 18 mẫu;+ Nếu n > 10.000 thì lấy 24 mẫu.+ Nếu n > 10.000 thì lấy 24 mẫu.+ Nếu n > 10.000 thì lấy 24 mẫu.",8536.50.998536.50.998536.50.99
2.4.11.2.4.11.2.4.11.,Nút ấn báo cháyNút ấn báo cháyNút ấn báo cháy,6. Nóng khô (vận hành)6. Nóng khô (vận hành)6. Nóng khô (vận hành),5.7.3 TCVN 7568-11:20155.7.3 TCVN 7568-11:20155.7.3 TCVN 7568-11:2015,5.7.2 TCVN 7568-11:20155.7.2 TCVN 7568-11:20155.7.2 TCVN 7568-11:2015,"Mẫu được lấy ngẫu nhiên tại lô phương tiện, số lượng mẫu được lấy phụ thuộc vào số lượng phương tiện trong lô (n), cụ thể như sau:Mẫu được lấy ngẫu nhiên tại lô phương tiện, số lượng mẫu được lấy phụ thuộc vào số lượng phương tiện trong lô (n), cụ thể như sau:Mẫu được lấy ngẫu nhiên tại lô phương tiện, số lượng mẫu được lấy phụ thuộc vào số lượng phương tiện trong lô (n), cụ thể như sau:- Thử nghiệm lô lần đầu:- Thử nghiệm lô lần đầu:- Thử nghiệm lô lần đầu:+ Nếu n ≤ 1.000 thì lấy 08 mẫu;+ Nếu n ≤ 1.000 thì lấy 08 mẫu;+ Nếu n ≤ 1.000 thì lấy 08 mẫu;+ Nếu 1.000 < n ≤ 5.000 thì lấy 16 mẫu;+ Nếu 1.000 < n ≤ 5.000 thì lấy 16 mẫu;+ Nếu 1.000 < n ≤ 5.000 thì lấy 16 mẫu;+ Nếu 5.000 < n ≤ 10.000 thì lấy 24 mẫu;+ Nếu 5.000 < n ≤ 10.000 thì lấy 24 mẫu;+ Nếu 5.000 < n ≤ 10.000 thì lấy 24 mẫu;+ Nếu n > 10.000 thì lấy 32 mẫu.+ Nếu n > 10.000 thì lấy 32 mẫu.+ Nếu n > 10.000 thì lấy 32 mẫu.- Thử nghiệm lô lần kế tiếp:- Thử nghiệm lô lần kế tiếp:- Thử nghiệm lô lần kế tiếp:+ Nếu n ≤ 1.000 thì lấy 06 mẫu;+ Nếu n ≤ 1.000 thì lấy 06 mẫu;+ Nếu n ≤ 1.000 thì lấy 06 mẫu;+ Nếu 1.000 < n ≤ 5.000 thì lấy 12 mẫu;+ Nếu 1.000 < n ≤ 5.000 thì lấy 12 mẫu;+ Nếu 1.000 < n ≤ 5.000 thì lấy 12 mẫu;+ Nếu 5.000 < n ≤ 10.000 thì lấy 18 mẫu;+ Nếu 5.000 < n ≤ 10.000 thì lấy 18 mẫu;+ Nếu 5.000 < n ≤ 10.000 thì lấy 18 mẫu;+ Nếu n > 10.000 thì lấy 24 mẫu.+ Nếu n > 10.000 thì lấy 24 mẫu.+ Nếu n > 10.000 thì lấy 24 mẫu.",8536.50.998536.50.998536.50.99
2.4.11.2.4.11.2.4.11.,Nút ấn báo cháyNút ấn báo cháyNút ấn báo cháy,"7. Nóng ẩm, có chu kỳ (vận hành)7. Nóng ẩm, có chu kỳ (vận hành)7. Nóng ẩm, có chu kỳ (vận hành)",5.10.3 TCVN 7568-11:20155.10.3 TCVN 7568-11:20155.10.3 TCVN 7568-11:2015,5.10.2 TCVN 7568-11:20155.10.2 TCVN 7568-11:20155.10.2 TCVN 7568-11:2015,"Mẫu được lấy ngẫu nhiên tại lô phương tiện, số lượng mẫu được lấy phụ thuộc vào số lượng phương tiện trong lô (n), cụ thể như sau:Mẫu được lấy ngẫu nhiên tại lô phương tiện, số lượng mẫu được lấy phụ thuộc vào số lượng phương tiện trong lô (n), cụ thể như sau:Mẫu được lấy ngẫu nhiên tại lô phương tiện, số lượng mẫu được lấy phụ thuộc vào số lượng phương tiện trong lô (n), cụ thể như sau:- Thử nghiệm lô lần đầu:- Thử nghiệm lô lần đầu:- Thử nghiệm lô lần đầu:+ Nếu n ≤ 1.000 thì lấy 08 mẫu;+ Nếu n ≤ 1.000 thì lấy 08 mẫu;+ Nếu n ≤ 1.000 thì lấy 08 mẫu;+ Nếu 1.000 < n ≤ 5.000 thì lấy 16 mẫu;+ Nếu 1.000 < n ≤ 5.000 thì lấy 16 mẫu;+ Nếu 1.000 < n ≤ 5.000 thì lấy 16 mẫu;+ Nếu 5.000 < n ≤ 10.000 thì lấy 24 mẫu;+ Nếu 5.000 < n ≤ 10.000 thì lấy 24 mẫu;+ Nếu 5.000 < n ≤ 10.000 thì lấy 24 mẫu;+ Nếu n > 10.000 thì lấy 32 mẫu.+ Nếu n > 10.000 thì lấy 32 mẫu.+ Nếu n > 10.000 thì lấy 32 mẫu.- Thử nghiệm lô lần kế tiếp:- Thử nghiệm lô lần kế tiếp:- Thử nghiệm lô lần kế tiếp:+ Nếu n ≤ 1.000 thì lấy 06 mẫu;+ Nếu n ≤ 1.000 thì lấy 06 mẫu;+ Nếu n ≤ 1.000 thì lấy 06 mẫu;+ Nếu 1.000 < n ≤ 5.000 thì lấy 12 mẫu;+ Nếu 1.000 < n ≤ 5.000 thì lấy 12 mẫu;+ Nếu 1.000 < n ≤ 5.000 thì lấy 12 mẫu;+ Nếu 5.000 < n ≤ 10.000 thì lấy 18 mẫu;+ Nếu 5.000 < n ≤ 10.000 thì lấy 18 mẫu;+ Nếu 5.000 < n ≤ 10.000 thì lấy 18 mẫu;+ Nếu n > 10.000 thì lấy 24 mẫu.+ Nếu n > 10.000 thì lấy 24 mẫu.+ Nếu n > 10.000 thì lấy 24 mẫu.",8536.50.998536.50.998536.50.99
2.4.11.2.4.11.2.4.11.,Nút ấn báo cháyNút ấn báo cháyNút ấn báo cháy,8. Ăn mòn SO2 (khả năng chịu đựng) (*)8. Ăn mòn SO8. Ăn mòn SO22 (khả năng chịu đựng) (*) (khả năng chịu đựng) (*),5.13.3 TCVN 7568-11:20155.13.3 TCVN 7568-11:20155.13.3 TCVN 7568-11:2015,5.13.2 TCVN 7568-11:20155.13.2 TCVN 7568-11:20155.13.2 TCVN 7568-11:2015,"Mẫu được lấy ngẫu nhiên tại lô phương tiện, số lượng mẫu được lấy phụ thuộc vào số lượng phương tiện trong lô (n), cụ thể như sau:Mẫu được lấy ngẫu nhiên tại lô phương tiện, số lượng mẫu được lấy phụ thuộc vào số lượng phương tiện trong lô (n), cụ thể như sau:Mẫu được lấy ngẫu nhiên tại lô phương tiện, số lượng mẫu được lấy phụ thuộc vào số lượng phương tiện trong lô (n), cụ thể như sau:- Thử nghiệm lô lần đầu:- Thử nghiệm lô lần đầu:- Thử nghiệm lô lần đầu:+ Nếu n ≤ 1.000 thì lấy 08 mẫu;+ Nếu n ≤ 1.000 thì lấy 08 mẫu;+ Nếu n ≤ 1.000 thì lấy 08 mẫu;+ Nếu 1.000 < n ≤ 5.000 thì lấy 16 mẫu;+ Nếu 1.000 < n ≤ 5.000 thì lấy 16 mẫu;+ Nếu 1.000 < n ≤ 5.000 thì lấy 16 mẫu;+ Nếu 5.000 < n ≤ 10.000 thì lấy 24 mẫu;+ Nếu 5.000 < n ≤ 10.000 thì lấy 24 mẫu;+ Nếu 5.000 < n ≤ 10.000 thì lấy 24 mẫu;+ Nếu n > 10.000 thì lấy 32 mẫu.+ Nếu n > 10.000 thì lấy 32 mẫu.+ Nếu n > 10.000 thì lấy 32 mẫu.- Thử nghiệm lô lần kế tiếp:- Thử nghiệm lô lần kế tiếp:- Thử nghiệm lô lần kế tiếp:+ Nếu n ≤ 1.000 thì lấy 06 mẫu;+ Nếu n ≤ 1.000 thì lấy 06 mẫu;+ Nếu n ≤ 1.000 thì lấy 06 mẫu;+ Nếu 1.000 < n ≤ 5.000 thì lấy 12 mẫu;+ Nếu 1.000 < n ≤ 5.000 thì lấy 12 mẫu;+ Nếu 1.000 < n ≤ 5.000 thì lấy 12 mẫu;+ Nếu 5.000 < n ≤ 10.000 thì lấy 18 mẫu;+ Nếu 5.000 < n ≤ 10.000 thì lấy 18 mẫu;+ Nếu 5.000 < n ≤ 10.000 thì lấy 18 mẫu;+ Nếu n > 10.000 thì lấy 24 mẫu.+ Nếu n > 10.000 thì lấy 24 mẫu.+ Nếu n > 10.000 thì lấy 24 mẫu.",8536.50.998536.50.998536.50.99
2.4.11.2.4.11.2.4.11.,Nút ấn báo cháyNút ấn báo cháyNút ấn báo cháy,9. Rung lắc mạnh (vận hành)9. Rung lắc mạnh (vận hành)9. Rung lắc mạnh (vận hành),5.14.3 TCVN 7568-11:20155.14.3 TCVN 7568-11:20155.14.3 TCVN 7568-11:2015,5.14.2 TCVN 7568-11:20155.14.2 TCVN 7568-11:20155.14.2 TCVN 7568-11:2015,"Mẫu được lấy ngẫu nhiên tại lô phương tiện, số lượng mẫu được lấy phụ thuộc vào số lượng phương tiện trong lô (n), cụ thể như sau:Mẫu được lấy ngẫu nhiên tại lô phương tiện, số lượng mẫu được lấy phụ thuộc vào số lượng phương tiện trong lô (n), cụ thể như sau:Mẫu được lấy ngẫu nhiên tại lô phương tiện, số lượng mẫu được lấy phụ thuộc vào số lượng phương tiện trong lô (n), cụ thể như sau:- Thử nghiệm lô lần đầu:- Thử nghiệm lô lần đầu:- Thử nghiệm lô lần đầu:+ Nếu n ≤ 1.000 thì lấy 08 mẫu;+ Nếu n ≤ 1.000 thì lấy 08 mẫu;+ Nếu n ≤ 1.000 thì lấy 08 mẫu;+ Nếu 1.000 < n ≤ 5.000 thì lấy 16 mẫu;+ Nếu 1.000 < n ≤ 5.000 thì lấy 16 mẫu;+ Nếu 1.000 < n ≤ 5.000 thì lấy 16 mẫu;+ Nếu 5.000 < n ≤ 10.000 thì lấy 24 mẫu;+ Nếu 5.000 < n ≤ 10.000 thì lấy 24 mẫu;+ Nếu 5.000 < n ≤ 10.000 thì lấy 24 mẫu;+ Nếu n > 10.000 thì lấy 32 mẫu.+ Nếu n > 10.000 thì lấy 32 mẫu.+ Nếu n > 10.000 thì lấy 32 mẫu.- Thử nghiệm lô lần kế tiếp:- Thử nghiệm lô lần kế tiếp:- Thử nghiệm lô lần kế tiếp:+ Nếu n ≤ 1.000 thì lấy 06 mẫu;+ Nếu n ≤ 1.000 thì lấy 06 mẫu;+ Nếu n ≤ 1.000 thì lấy 06 mẫu;+ Nếu 1.000 < n ≤ 5.000 thì lấy 12 mẫu;+ Nếu 1.000 < n ≤ 5.000 thì lấy 12 mẫu;+ Nếu 1.000 < n ≤ 5.000 thì lấy 12 mẫu;+ Nếu 5.000 < n ≤ 10.000 thì lấy 18 mẫu;+ Nếu 5.000 < n ≤ 10.000 thì lấy 18 mẫu;+ Nếu 5.000 < n ≤ 10.000 thì lấy 18 mẫu;+ Nếu n > 10.000 thì lấy 24 mẫu.+ Nếu n > 10.000 thì lấy 24 mẫu.+ Nếu n > 10.000 thì lấy 24 mẫu.",8536.50.998536.50.998536.50.99
2.4.11.2.4.11.2.4.11.,Nút ấn báo cháyNút ấn báo cháyNút ấn báo cháy,10. Va đập (vận hành)10. Va đập (vận hành)10. Va đập (vận hành),5.15.3 TCVN 7568-11:20155.15.3 TCVN 7568-11:20155.15.3 TCVN 7568-11:2015,5.15.2 TCVN 7568-11:20155.15.2 TCVN 7568-11:20155.15.2 TCVN 7568-11:2015,"Mẫu được lấy ngẫu nhiên tại lô phương tiện, số lượng mẫu được lấy phụ thuộc vào số lượng phương tiện trong lô (n), cụ thể như sau:Mẫu được lấy ngẫu nhiên tại lô phương tiện, số lượng mẫu được lấy phụ thuộc vào số lượng phương tiện trong lô (n), cụ thể như sau:Mẫu được lấy ngẫu nhiên tại lô phương tiện, số lượng mẫu được lấy phụ thuộc vào số lượng phương tiện trong lô (n), cụ thể như sau:- Thử nghiệm lô lần đầu:- Thử nghiệm lô lần đầu:- Thử nghiệm lô lần đầu:+ Nếu n ≤ 1.000 thì lấy 08 mẫu;+ Nếu n ≤ 1.000 thì lấy 08 mẫu;+ Nếu n ≤ 1.000 thì lấy 08 mẫu;+ Nếu 1.000 < n ≤ 5.000 thì lấy 16 mẫu;+ Nếu 1.000 < n ≤ 5.000 thì lấy 16 mẫu;+ Nếu 1.000 < n ≤ 5.000 thì lấy 16 mẫu;+ Nếu 5.000 < n ≤ 10.000 thì lấy 24 mẫu;+ Nếu 5.000 < n ≤ 10.000 thì lấy 24 mẫu;+ Nếu 5.000 < n ≤ 10.000 thì lấy 24 mẫu;+ Nếu n > 10.000 thì lấy 32 mẫu.+ Nếu n > 10.000 thì lấy 32 mẫu.+ Nếu n > 10.000 thì lấy 32 mẫu.- Thử nghiệm lô lần kế tiếp:- Thử nghiệm lô lần kế tiếp:- Thử nghiệm lô lần kế tiếp:+ Nếu n ≤ 1.000 thì lấy 06 mẫu;+ Nếu n ≤ 1.000 thì lấy 06 mẫu;+ Nếu n ≤ 1.000 thì lấy 06 mẫu;+ Nếu 1.000 < n ≤ 5.000 thì lấy 12 mẫu;+ Nếu 1.000 < n ≤ 5.000 thì lấy 12 mẫu;+ Nếu 1.000 < n ≤ 5.000 thì lấy 12 mẫu;+ Nếu 5.000 < n ≤ 10.000 thì lấy 18 mẫu;+ Nếu 5.000 < n ≤ 10.000 thì lấy 18 mẫu;+ Nếu 5.000 < n ≤ 10.000 thì lấy 18 mẫu;+ Nếu n > 10.000 thì lấy 24 mẫu.+ Nếu n > 10.000 thì lấy 24 mẫu.+ Nếu n > 10.000 thì lấy 24 mẫu.",8536.50.998536.50.998536.50.99
2.4.11.2.4.11.2.4.11.,Nút ấn báo cháyNút ấn báo cháyNút ấn báo cháy,"11. Rung, hình sin (vận hành)11. Rung, hình sin (vận hành)11. Rung, hình sin (vận hành)",5.16.3 TCVN 7568-11:20155.16.3 TCVN 7568-11:20155.16.3 TCVN 7568-11:2015,5.16.2 TCVN 7568-11:20155.16.2 TCVN 7568-11:20155.16.2 TCVN 7568-11:2015,"Mẫu được lấy ngẫu nhiên tại lô phương tiện, số lượng mẫu được lấy phụ thuộc vào số lượng phương tiện trong lô (n), cụ thể như sau:Mẫu được lấy ngẫu nhiên tại lô phương tiện, số lượng mẫu được lấy phụ thuộc vào số lượng phương tiện trong lô (n), cụ thể như sau:Mẫu được lấy ngẫu nhiên tại lô phương tiện, số lượng mẫu được lấy phụ thuộc vào số lượng phương tiện trong lô (n), cụ thể như sau:- Thử nghiệm lô lần đầu:- Thử nghiệm lô lần đầu:- Thử nghiệm lô lần đầu:+ Nếu n ≤ 1.000 thì lấy 08 mẫu;+ Nếu n ≤ 1.000 thì lấy 08 mẫu;+ Nếu n ≤ 1.000 thì lấy 08 mẫu;+ Nếu 1.000 < n ≤ 5.000 thì lấy 16 mẫu;+ Nếu 1.000 < n ≤ 5.000 thì lấy 16 mẫu;+ Nếu 1.000 < n ≤ 5.000 thì lấy 16 mẫu;+ Nếu 5.000 < n ≤ 10.000 thì lấy 24 mẫu;+ Nếu 5.000 < n ≤ 10.000 thì lấy 24 mẫu;+ Nếu 5.000 < n ≤ 10.000 thì lấy 24 mẫu;+ Nếu n > 10.000 thì lấy 32 mẫu.+ Nếu n > 10.000 thì lấy 32 mẫu.+ Nếu n > 10.000 thì lấy 32 mẫu.- Thử nghiệm lô lần kế tiếp:- Thử nghiệm lô lần kế tiếp:- Thử nghiệm lô lần kế tiếp:+ Nếu n ≤ 1.000 thì lấy 06 mẫu;+ Nếu n ≤ 1.000 thì lấy 06 mẫu;+ Nếu n ≤ 1.000 thì lấy 06 mẫu;+ Nếu 1.000 < n ≤ 5.000 thì lấy 12 mẫu;+ Nếu 1.000 < n ≤ 5.000 thì lấy 12 mẫu;+ Nếu 1.000 < n ≤ 5.000 thì lấy 12 mẫu;+ Nếu 5.000 < n ≤ 10.000 thì lấy 18 mẫu;+ Nếu 5.000 < n ≤ 10.000 thì lấy 18 mẫu;+ Nếu 5.000 < n ≤ 10.000 thì lấy 18 mẫu;+ Nếu n > 10.000 thì lấy 24 mẫu.+ Nếu n > 10.000 thì lấy 24 mẫu.+ Nếu n > 10.000 thì lấy 24 mẫu.",8536.50.998536.50.998536.50.99
2.4.11.2.4.11.2.4.11.,Nút ấn báo cháyNút ấn báo cháyNút ấn báo cháy,"12. Rung, hình sin (khả năng chịu đựng) (*)12. Rung, hình sin (khả năng chịu đựng) (*)12. Rung, hình sin (khả năng chịu đựng) (*)",5.17.3 TCVN 7568-11:20155.17.3 TCVN 7568-11:20155.17.3 TCVN 7568-11:2015,5.17.2 TCVN 7568-11:20155.17.2 TCVN 7568-11:20155.17.2 TCVN 7568-11:2015,"Mẫu được lấy ngẫu nhiên tại lô phương tiện, số lượng mẫu được lấy phụ thuộc vào số lượng phương tiện trong lô (n), cụ thể như sau:Mẫu được lấy ngẫu nhiên tại lô phương tiện, số lượng mẫu được lấy phụ thuộc vào số lượng phương tiện trong lô (n), cụ thể như sau:Mẫu được lấy ngẫu nhiên tại lô phương tiện, số lượng mẫu được lấy phụ thuộc vào số lượng phương tiện trong lô (n), cụ thể như sau:- Thử nghiệm lô lần đầu:- Thử nghiệm lô lần đầu:- Thử nghiệm lô lần đầu:+ Nếu n ≤ 1.000 thì lấy 08 mẫu;+ Nếu n ≤ 1.000 thì lấy 08 mẫu;+ Nếu n ≤ 1.000 thì lấy 08 mẫu;+ Nếu 1.000 < n ≤ 5.000 thì lấy 16 mẫu;+ Nếu 1.000 < n ≤ 5.000 thì lấy 16 mẫu;+ Nếu 1.000 < n ≤ 5.000 thì lấy 16 mẫu;+ Nếu 5.000 < n ≤ 10.000 thì lấy 24 mẫu;+ Nếu 5.000 < n ≤ 10.000 thì lấy 24 mẫu;+ Nếu 5.000 < n ≤ 10.000 thì lấy 24 mẫu;+ Nếu n > 10.000 thì lấy 32 mẫu.+ Nếu n > 10.000 thì lấy 32 mẫu.+ Nếu n > 10.000 thì lấy 32 mẫu.- Thử nghiệm lô lần kế tiếp:- Thử nghiệm lô lần kế tiếp:- Thử nghiệm lô lần kế tiếp:+ Nếu n ≤ 1.000 thì lấy 06 mẫu;+ Nếu n ≤ 1.000 thì lấy 06 mẫu;+ Nếu n ≤ 1.000 thì lấy 06 mẫu;+ Nếu 1.000 < n ≤ 5.000 thì lấy 12 mẫu;+ Nếu 1.000 < n ≤ 5.000 thì lấy 12 mẫu;+ Nếu 1.000 < n ≤ 5.000 thì lấy 12 mẫu;+ Nếu 5.000 < n ≤ 10.000 thì lấy 18 mẫu;+ Nếu 5.000 < n ≤ 10.000 thì lấy 18 mẫu;+ Nếu 5.000 < n ≤ 10.000 thì lấy 18 mẫu;+ Nếu n > 10.000 thì lấy 24 mẫu.+ Nếu n > 10.000 thì lấy 24 mẫu.+ Nếu n > 10.000 thì lấy 24 mẫu.",8536.50.998536.50.998536.50.99
2.4.11.2.4.11.2.4.11.,Nút ấn báo cháyNút ấn báo cháyNút ấn báo cháy,13. Suy hao tín hiệu tại hiện trường (***)13. Suy hao tín hiệu tại hiện trường (***)13. Suy hao tín hiệu tại hiện trường (***),4.2.14.2.14.2.1TCVN 7568-25:2023TCVN 7568-25:2023TCVN 7568-25:2023,8.2.28.2.28.2.2TCVN 7568-25:2023TCVN 7568-25:2023TCVN 7568-25:2023,"Mẫu được lấy ngẫu nhiên tại lô phương tiện, số lượng mẫu được lấy phụ thuộc vào số lượng phương tiện trong lô (n), cụ thể như sau:Mẫu được lấy ngẫu nhiên tại lô phương tiện, số lượng mẫu được lấy phụ thuộc vào số lượng phương tiện trong lô (n), cụ thể như sau:Mẫu được lấy ngẫu nhiên tại lô phương tiện, số lượng mẫu được lấy phụ thuộc vào số lượng phương tiện trong lô (n), cụ thể như sau:- Thử nghiệm lô lần đầu:- Thử nghiệm lô lần đầu:- Thử nghiệm lô lần đầu:+ Nếu n ≤ 1.000 thì lấy 08 mẫu;+ Nếu n ≤ 1.000 thì lấy 08 mẫu;+ Nếu n ≤ 1.000 thì lấy 08 mẫu;+ Nếu 1.000 < n ≤ 5.000 thì lấy 16 mẫu;+ Nếu 1.000 < n ≤ 5.000 thì lấy 16 mẫu;+ Nếu 1.000 < n ≤ 5.000 thì lấy 16 mẫu;+ Nếu 5.000 < n ≤ 10.000 thì lấy 24 mẫu;+ Nếu 5.000 < n ≤ 10.000 thì lấy 24 mẫu;+ Nếu 5.000 < n ≤ 10.000 thì lấy 24 mẫu;+ Nếu n > 10.000 thì lấy 32 mẫu.+ Nếu n > 10.000 thì lấy 32 mẫu.+ Nếu n > 10.000 thì lấy 32 mẫu.- Thử nghiệm lô lần kế tiếp:- Thử nghiệm lô lần kế tiếp:- Thử nghiệm lô lần kế tiếp:+ Nếu n ≤ 1.000 thì lấy 06 mẫu;+ Nếu n ≤ 1.000 thì lấy 06 mẫu;+ Nếu n ≤ 1.000 thì lấy 06 mẫu;+ Nếu 1.000 < n ≤ 5.000 thì lấy 12 mẫu;+ Nếu 1.000 < n ≤ 5.000 thì lấy 12 mẫu;+ Nếu 1.000 < n ≤ 5.000 thì lấy 12 mẫu;+ Nếu 5.000 < n ≤ 10.000 thì lấy 18 mẫu;+ Nếu 5.000 < n ≤ 10.000 thì lấy 18 mẫu;+ Nếu 5.000 < n ≤ 10.000 thì lấy 18 mẫu;+ Nếu n > 10.000 thì lấy 24 mẫu.+ Nếu n > 10.000 thì lấy 24 mẫu.+ Nếu n > 10.000 thì lấy 24 mẫu.",8536.50.998536.50.998536.50.99
2.4.11.2.4.11.2.4.11.,Nút ấn báo cháyNút ấn báo cháyNút ấn báo cháy,14. Tính toàn vẹn của tín hiệu cảnh báo (***)14. Tính toàn vẹn của tín hiệu cảnh báo (***)14. Tính toàn vẹn của tín hiệu cảnh báo (***),4.2.24.2.24.2.2TCVN 7568-25:2023TCVN 7568-25:2023TCVN 7568-25:2023,8.2.38.2.38.2.3TCVN 7568-25:2023TCVN 7568-25:2023TCVN 7568-25:2023,"Mẫu được lấy ngẫu nhiên tại lô phương tiện, số lượng mẫu được lấy phụ thuộc vào số lượng phương tiện trong lô (n), cụ thể như sau:Mẫu được lấy ngẫu nhiên tại lô phương tiện, số lượng mẫu được lấy phụ thuộc vào số lượng phương tiện trong lô (n), cụ thể như sau:Mẫu được lấy ngẫu nhiên tại lô phương tiện, số lượng mẫu được lấy phụ thuộc vào số lượng phương tiện trong lô (n), cụ thể như sau:- Thử nghiệm lô lần đầu:- Thử nghiệm lô lần đầu:- Thử nghiệm lô lần đầu:+ Nếu n ≤ 1.000 thì lấy 08 mẫu;+ Nếu n ≤ 1.000 thì lấy 08 mẫu;+ Nếu n ≤ 1.000 thì lấy 08 mẫu;+ Nếu 1.000 < n ≤ 5.000 thì lấy 16 mẫu;+ Nếu 1.000 < n ≤ 5.000 thì lấy 16 mẫu;+ Nếu 1.000 < n ≤ 5.000 thì lấy 16 mẫu;+ Nếu 5.000 < n ≤ 10.000 thì lấy 24 mẫu;+ Nếu 5.000 < n ≤ 10.000 thì lấy 24 mẫu;+ Nếu 5.000 < n ≤ 10.000 thì lấy 24 mẫu;+ Nếu n > 10.000 thì lấy 32 mẫu.+ Nếu n > 10.000 thì lấy 32 mẫu.+ Nếu n > 10.000 thì lấy 32 mẫu.- Thử nghiệm lô lần kế tiếp:- Thử nghiệm lô lần kế tiếp:- Thử nghiệm lô lần kế tiếp:+ Nếu n ≤ 1.000 thì lấy 06 mẫu;+ Nếu n ≤ 1.000 thì lấy 06 mẫu;+ Nếu n ≤ 1.000 thì lấy 06 mẫu;+ Nếu 1.000 < n ≤ 5.000 thì lấy 12 mẫu;+ Nếu 1.000 < n ≤ 5.000 thì lấy 12 mẫu;+ Nếu 1.000 < n ≤ 5.000 thì lấy 12 mẫu;+ Nếu 5.000 < n ≤ 10.000 thì lấy 18 mẫu;+ Nếu 5.000 < n ≤ 10.000 thì lấy 18 mẫu;+ Nếu 5.000 < n ≤ 10.000 thì lấy 18 mẫu;+ Nếu n > 10.000 thì lấy 24 mẫu.+ Nếu n > 10.000 thì lấy 24 mẫu.+ Nếu n > 10.000 thì lấy 24 mẫu.",8536.50.998536.50.998536.50.99
2.4.11.2.4.11.2.4.11.,Nút ấn báo cháyNút ấn báo cháyNút ấn báo cháy,15. Định danh của các thiết bị sử dụng đường truyền vô tuyến (***)15. Định danh của các thiết bị sử dụng đường truyền vô tuyến (***)15. Định danh của các thiết bị sử dụng đường truyền vô tuyến (***),4.2.34.2.34.2.3TCVN 7568-25:2023TCVN 7568-25:2023TCVN 7568-25:2023,8.2.48.2.48.2.4TCVN 7568-25:2023TCVN 7568-25:2023TCVN 7568-25:2023,"Mẫu được lấy ngẫu nhiên tại lô phương tiện, số lượng mẫu được lấy phụ thuộc vào số lượng phương tiện trong lô (n), cụ thể như sau:Mẫu được lấy ngẫu nhiên tại lô phương tiện, số lượng mẫu được lấy phụ thuộc vào số lượng phương tiện trong lô (n), cụ thể như sau:Mẫu được lấy ngẫu nhiên tại lô phương tiện, số lượng mẫu được lấy phụ thuộc vào số lượng phương tiện trong lô (n), cụ thể như sau:- Thử nghiệm lô lần đầu:- Thử nghiệm lô lần đầu:- Thử nghiệm lô lần đầu:+ Nếu n ≤ 1.000 thì lấy 08 mẫu;+ Nếu n ≤ 1.000 thì lấy 08 mẫu;+ Nếu n ≤ 1.000 thì lấy 08 mẫu;+ Nếu 1.000 < n ≤ 5.000 thì lấy 16 mẫu;+ Nếu 1.000 < n ≤ 5.000 thì lấy 16 mẫu;+ Nếu 1.000 < n ≤ 5.000 thì lấy 16 mẫu;+ Nếu 5.000 < n ≤ 10.000 thì lấy 24 mẫu;+ Nếu 5.000 < n ≤ 10.000 thì lấy 24 mẫu;+ Nếu 5.000 < n ≤ 10.000 thì lấy 24 mẫu;+ Nếu n > 10.000 thì lấy 32 mẫu.+ Nếu n > 10.000 thì lấy 32 mẫu.+ Nếu n > 10.000 thì lấy 32 mẫu.- Thử nghiệm lô lần kế tiếp:- Thử nghiệm lô lần kế tiếp:- Thử nghiệm lô lần kế tiếp:+ Nếu n ≤ 1.000 thì lấy 06 mẫu;+ Nếu n ≤ 1.000 thì lấy 06 mẫu;+ Nếu n ≤ 1.000 thì lấy 06 mẫu;+ Nếu 1.000 < n ≤ 5.000 thì lấy 12 mẫu;+ Nếu 1.000 < n ≤ 5.000 thì lấy 12 mẫu;+ Nếu 1.000 < n ≤ 5.000 thì lấy 12 mẫu;+ Nếu 5.000 < n ≤ 10.000 thì lấy 18 mẫu;+ Nếu 5.000 < n ≤ 10.000 thì lấy 18 mẫu;+ Nếu 5.000 < n ≤ 10.000 thì lấy 18 mẫu;+ Nếu n > 10.000 thì lấy 24 mẫu.+ Nếu n > 10.000 thì lấy 24 mẫu.+ Nếu n > 10.000 thì lấy 24 mẫu.",8536.50.998536.50.998536.50.99
2.4.11.2.4.11.2.4.11.,Nút ấn báo cháyNút ấn báo cháyNút ấn báo cháy,16. Ăng ten (***)16. Ăng ten (***)16. Ăng ten (***),4.2.74.2.74.2.7TCVN 7568-25:2023TCVN 7568-25:2023TCVN 7568-25:2023,8.2.98.2.98.2.9TCVN 7568-25:2023TCVN 7568-25:2023TCVN 7568-25:2023,"Mẫu được lấy ngẫu nhiên tại lô phương tiện, số lượng mẫu được lấy phụ thuộc vào số lượng phương tiện trong lô (n), cụ thể như sau:Mẫu được lấy ngẫu nhiên tại lô phương tiện, số lượng mẫu được lấy phụ thuộc vào số lượng phương tiện trong lô (n), cụ thể như sau:Mẫu được lấy ngẫu nhiên tại lô phương tiện, số lượng mẫu được lấy phụ thuộc vào số lượng phương tiện trong lô (n), cụ thể như sau:- Thử nghiệm lô lần đầu:- Thử nghiệm lô lần đầu:- Thử nghiệm lô lần đầu:+ Nếu n ≤ 1.000 thì lấy 08 mẫu;+ Nếu n ≤ 1.000 thì lấy 08 mẫu;+ Nếu n ≤ 1.000 thì lấy 08 mẫu;+ Nếu 1.000 < n ≤ 5.000 thì lấy 16 mẫu;+ Nếu 1.000 < n ≤ 5.000 thì lấy 16 mẫu;+ Nếu 1.000 < n ≤ 5.000 thì lấy 16 mẫu;+ Nếu 5.000 < n ≤ 10.000 thì lấy 24 mẫu;+ Nếu 5.000 < n ≤ 10.000 thì lấy 24 mẫu;+ Nếu 5.000 < n ≤ 10.000 thì lấy 24 mẫu;+ Nếu n > 10.000 thì lấy 32 mẫu.+ Nếu n > 10.000 thì lấy 32 mẫu.+ Nếu n > 10.000 thì lấy 32 mẫu.- Thử nghiệm lô lần kế tiếp:- Thử nghiệm lô lần kế tiếp:- Thử nghiệm lô lần kế tiếp:+ Nếu n ≤ 1.000 thì lấy 06 mẫu;+ Nếu n ≤ 1.000 thì lấy 06 mẫu;+ Nếu n ≤ 1.000 thì lấy 06 mẫu;+ Nếu 1.000 < n ≤ 5.000 thì lấy 12 mẫu;+ Nếu 1.000 < n ≤ 5.000 thì lấy 12 mẫu;+ Nếu 1.000 < n ≤ 5.000 thì lấy 12 mẫu;+ Nếu 5.000 < n ≤ 10.000 thì lấy 18 mẫu;+ Nếu 5.000 < n ≤ 10.000 thì lấy 18 mẫu;+ Nếu 5.000 < n ≤ 10.000 thì lấy 18 mẫu;+ Nếu n > 10.000 thì lấy 24 mẫu.+ Nếu n > 10.000 thì lấy 24 mẫu.+ Nếu n > 10.000 thì lấy 24 mẫu.",8536.50.998536.50.998536.50.99
2.4.11.2.4.11.2.4.11.,Nút ấn báo cháyNút ấn báo cháyNút ấn báo cháy,17. Tuổi thọ nguồn độc lập (***)17. Tuổi thọ nguồn độc lập (***)17. Tuổi thọ nguồn độc lập (***),5.3.25.3.25.3.2TCVN 7568-25:2023TCVN 7568-25:2023TCVN 7568-25:2023,8.3.38.3.38.3.3TCVN 7568-25:2023TCVN 7568-25:2023TCVN 7568-25:2023,"Mẫu được lấy ngẫu nhiên tại lô phương tiện, số lượng mẫu được lấy phụ thuộc vào số lượng phương tiện trong lô (n), cụ thể như sau:Mẫu được lấy ngẫu nhiên tại lô phương tiện, số lượng mẫu được lấy phụ thuộc vào số lượng phương tiện trong lô (n), cụ thể như sau:Mẫu được lấy ngẫu nhiên tại lô phương tiện, số lượng mẫu được lấy phụ thuộc vào số lượng phương tiện trong lô (n), cụ thể như sau:- Thử nghiệm lô lần đầu:- Thử nghiệm lô lần đầu:- Thử nghiệm lô lần đầu:+ Nếu n ≤ 1.000 thì lấy 08 mẫu;+ Nếu n ≤ 1.000 thì lấy 08 mẫu;+ Nếu n ≤ 1.000 thì lấy 08 mẫu;+ Nếu 1.000 < n ≤ 5.000 thì lấy 16 mẫu;+ Nếu 1.000 < n ≤ 5.000 thì lấy 16 mẫu;+ Nếu 1.000 < n ≤ 5.000 thì lấy 16 mẫu;+ Nếu 5.000 < n ≤ 10.000 thì lấy 24 mẫu;+ Nếu 5.000 < n ≤ 10.000 thì lấy 24 mẫu;+ Nếu 5.000 < n ≤ 10.000 thì lấy 24 mẫu;+ Nếu n > 10.000 thì lấy 32 mẫu.+ Nếu n > 10.000 thì lấy 32 mẫu.+ Nếu n > 10.000 thì lấy 32 mẫu.- Thử nghiệm lô lần kế tiếp:- Thử nghiệm lô lần kế tiếp:- Thử nghiệm lô lần kế tiếp:+ Nếu n ≤ 1.000 thì lấy 06 mẫu;+ Nếu n ≤ 1.000 thì lấy 06 mẫu;+ Nếu n ≤ 1.000 thì lấy 06 mẫu;+ Nếu 1.000 < n ≤ 5.000 thì lấy 12 mẫu;+ Nếu 1.000 < n ≤ 5.000 thì lấy 12 mẫu;+ Nếu 1.000 < n ≤ 5.000 thì lấy 12 mẫu;+ Nếu 5.000 < n ≤ 10.000 thì lấy 18 mẫu;+ Nếu 5.000 < n ≤ 10.000 thì lấy 18 mẫu;+ Nếu 5.000 < n ≤ 10.000 thì lấy 18 mẫu;+ Nếu n > 10.000 thì lấy 24 mẫu.+ Nếu n > 10.000 thì lấy 24 mẫu.+ Nếu n > 10.000 thì lấy 24 mẫu.",8536.50.998536.50.998536.50.99
2.4.11.2.4.11.2.4.11.,Nút ấn báo cháyNút ấn báo cháyNút ấn báo cháy,18. Xuyên nhiễu giữa các hệ thống của cùng một nhà sản xuất (***)18. Xuyên nhiễu giữa các hệ thống của cùng một nhà sản xuất (***)18. Xuyên nhiễu giữa các hệ thống của cùng một nhà sản xuất (***),4.2.5.24.2.5.24.2.5.2TCVN 7568-25:2023TCVN 7568-25:2023TCVN 7568-25:2023,8.2.68.2.68.2.6TCVN 7568-25:2023TCVN 7568-25:2023TCVN 7568-25:2023,"Mẫu được lấy ngẫu nhiên tại lô phương tiện, số lượng mẫu được lấy phụ thuộc vào số lượng phương tiện trong lô (n), cụ thể như sau:Mẫu được lấy ngẫu nhiên tại lô phương tiện, số lượng mẫu được lấy phụ thuộc vào số lượng phương tiện trong lô (n), cụ thể như sau:Mẫu được lấy ngẫu nhiên tại lô phương tiện, số lượng mẫu được lấy phụ thuộc vào số lượng phương tiện trong lô (n), cụ thể như sau:- Thử nghiệm lô lần đầu:- Thử nghiệm lô lần đầu:- Thử nghiệm lô lần đầu:+ Nếu n ≤ 1.000 thì lấy 08 mẫu;+ Nếu n ≤ 1.000 thì lấy 08 mẫu;+ Nếu n ≤ 1.000 thì lấy 08 mẫu;+ Nếu 1.000 < n ≤ 5.000 thì lấy 16 mẫu;+ Nếu 1.000 < n ≤ 5.000 thì lấy 16 mẫu;+ Nếu 1.000 < n ≤ 5.000 thì lấy 16 mẫu;+ Nếu 5.000 < n ≤ 10.000 thì lấy 24 mẫu;+ Nếu 5.000 < n ≤ 10.000 thì lấy 24 mẫu;+ Nếu 5.000 < n ≤ 10.000 thì lấy 24 mẫu;+ Nếu n > 10.000 thì lấy 32 mẫu.+ Nếu n > 10.000 thì lấy 32 mẫu.+ Nếu n > 10.000 thì lấy 32 mẫu.- Thử nghiệm lô lần kế tiếp:- Thử nghiệm lô lần kế tiếp:- Thử nghiệm lô lần kế tiếp:+ Nếu n ≤ 1.000 thì lấy 06 mẫu;+ Nếu n ≤ 1.000 thì lấy 06 mẫu;+ Nếu n ≤ 1.000 thì lấy 06 mẫu;+ Nếu 1.000 < n ≤ 5.000 thì lấy 12 mẫu;+ Nếu 1.000 < n ≤ 5.000 thì lấy 12 mẫu;+ Nếu 1.000 < n ≤ 5.000 thì lấy 12 mẫu;+ Nếu 5.000 < n ≤ 10.000 thì lấy 18 mẫu;+ Nếu 5.000 < n ≤ 10.000 thì lấy 18 mẫu;+ Nếu 5.000 < n ≤ 10.000 thì lấy 18 mẫu;+ Nếu n > 10.000 thì lấy 24 mẫu.+ Nếu n > 10.000 thì lấy 24 mẫu.+ Nếu n > 10.000 thì lấy 24 mẫu.",8536.50.998536.50.998536.50.99
2.4.12.2.4.12.2.4.12.,Đèn báo cháy (đèn chớp)Đèn báo cháy (đèn chớp)Đèn báo cháy (đèn chớp),1. Tính tái lập (*)1. Tính tái lập (*)1. Tính tái lập (*),5.2.35.2.35.2.3TCVN 7568-23:2016TCVN 7568-23:2016TCVN 7568-23:2016,5.2.25.2.25.2.2TCVN 7568-23:2016TCVN 7568-23:2016TCVN 7568-23:2016,"Mẫu được lấy ngẫu nhiên tại lô phương tiện, số lượng mẫu được lấy phụ thuộc vào số lượng phương tiện trong lô (n), cụ thể như sau:Mẫu được lấy ngẫu nhiên tại lô phương tiện, số lượng mẫu được lấy phụ thuộc vào số lượng phương tiện trong lô (n), cụ thể như sau:Mẫu được lấy ngẫu nhiên tại lô phương tiện, số lượng mẫu được lấy phụ thuộc vào số lượng phương tiện trong lô (n), cụ thể như sau:- Thử nghiệm lô lần đầu:- Thử nghiệm lô lần đầu:- Thử nghiệm lô lần đầu:+ Nếu n ≤ 1.000 thì lấy 10 mẫu;+ Nếu n ≤ 1.000 thì lấy 10 mẫu;+ Nếu n ≤ 1.000 thì lấy 10 mẫu;+ Nếu 1.000 < n ≤ 5.000 thì lấy 20 mẫu;+ Nếu 1.000 < n ≤ 5.000 thì lấy 20 mẫu;+ Nếu 1.000 < n ≤ 5.000 thì lấy 20 mẫu;+ Nếu 5.000 < n ≤ 10.000 thì lấy 30 mẫu;+ Nếu 5.000 < n ≤ 10.000 thì lấy 30 mẫu;+ Nếu 5.000 < n ≤ 10.000 thì lấy 30 mẫu;+ Nếu n > 10.000 thì lấy 40 mẫu.+ Nếu n > 10.000 thì lấy 40 mẫu.+ Nếu n > 10.000 thì lấy 40 mẫu.- Thử nghiệm lô lần kế tiếp:- Thử nghiệm lô lần kế tiếp:- Thử nghiệm lô lần kế tiếp:+ Nếu n ≤ 1.000 thì lấy 07 mẫu;+ Nếu n ≤ 1.000 thì lấy 07 mẫu;+ Nếu n ≤ 1.000 thì lấy 07 mẫu;+ Nếu 1.000 < n ≤ 5.000 thì lấy 14 mẫu;+ Nếu 1.000 < n ≤ 5.000 thì lấy 14 mẫu;+ Nếu 1.000 < n ≤ 5.000 thì lấy 14 mẫu;+ Nếu 5.000 < n ≤ 10.000 thì lấy 21 mẫu;+ Nếu 5.000 < n ≤ 10.000 thì lấy 21 mẫu;+ Nếu 5.000 < n ≤ 10.000 thì lấy 21 mẫu;+ Nếu n > 10.000 thì lấy 28 mẫu.+ Nếu n > 10.000 thì lấy 28 mẫu.+ Nếu n > 10.000 thì lấy 28 mẫu.",8531.80.108531.80.108531.80.10
2.4.12.2.4.12.2.4.12.,Đèn báo cháy (đèn chớp)Đèn báo cháy (đèn chớp)Đèn báo cháy (đèn chớp),2. Sự biến đổi của điện thế nguồn cấp2. Sự biến đổi của điện thế nguồn cấp2. Sự biến đổi của điện thế nguồn cấp,5.3.35.3.35.3.3TCVN 7568-23:2016TCVN 7568-23:2016TCVN 7568-23:2016,5.3.25.3.25.3.2TCVN 7568-23:2016TCVN 7568-23:2016TCVN 7568-23:2016,"Mẫu được lấy ngẫu nhiên tại lô phương tiện, số lượng mẫu được lấy phụ thuộc vào số lượng phương tiện trong lô (n), cụ thể như sau:Mẫu được lấy ngẫu nhiên tại lô phương tiện, số lượng mẫu được lấy phụ thuộc vào số lượng phương tiện trong lô (n), cụ thể như sau:Mẫu được lấy ngẫu nhiên tại lô phương tiện, số lượng mẫu được lấy phụ thuộc vào số lượng phương tiện trong lô (n), cụ thể như sau:- Thử nghiệm lô lần đầu:- Thử nghiệm lô lần đầu:- Thử nghiệm lô lần đầu:+ Nếu n ≤ 1.000 thì lấy 10 mẫu;+ Nếu n ≤ 1.000 thì lấy 10 mẫu;+ Nếu n ≤ 1.000 thì lấy 10 mẫu;+ Nếu 1.000 < n ≤ 5.000 thì lấy 20 mẫu;+ Nếu 1.000 < n ≤ 5.000 thì lấy 20 mẫu;+ Nếu 1.000 < n ≤ 5.000 thì lấy 20 mẫu;+ Nếu 5.000 < n ≤ 10.000 thì lấy 30 mẫu;+ Nếu 5.000 < n ≤ 10.000 thì lấy 30 mẫu;+ Nếu 5.000 < n ≤ 10.000 thì lấy 30 mẫu;+ Nếu n > 10.000 thì lấy 40 mẫu.+ Nếu n > 10.000 thì lấy 40 mẫu.+ Nếu n > 10.000 thì lấy 40 mẫu.- Thử nghiệm lô lần kế tiếp:- Thử nghiệm lô lần kế tiếp:- Thử nghiệm lô lần kế tiếp:+ Nếu n ≤ 1.000 thì lấy 07 mẫu;+ Nếu n ≤ 1.000 thì lấy 07 mẫu;+ Nếu n ≤ 1.000 thì lấy 07 mẫu;+ Nếu 1.000 < n ≤ 5.000 thì lấy 14 mẫu;+ Nếu 1.000 < n ≤ 5.000 thì lấy 14 mẫu;+ Nếu 1.000 < n ≤ 5.000 thì lấy 14 mẫu;+ Nếu 5.000 < n ≤ 10.000 thì lấy 21 mẫu;+ Nếu 5.000 < n ≤ 10.000 thì lấy 21 mẫu;+ Nếu 5.000 < n ≤ 10.000 thì lấy 21 mẫu;+ Nếu n > 10.000 thì lấy 28 mẫu.+ Nếu n > 10.000 thì lấy 28 mẫu.+ Nếu n > 10.000 thì lấy 28 mẫu.",8531.80.108531.80.108531.80.10
2.4.12.2.4.12.2.4.12.,Đèn báo cháy (đèn chớp)Đèn báo cháy (đèn chớp)Đèn báo cháy (đèn chớp),3. Tính năng vận hành3. Tính năng vận hành3. Tính năng vận hành,5.4.35.4.35.4.3TCVN 7568-23:2016TCVN 7568-23:2016TCVN 7568-23:2016,5.4.25.4.25.4.2TCVN 7568-23:2016TCVN 7568-23:2016TCVN 7568-23:2016,"Mẫu được lấy ngẫu nhiên tại lô phương tiện, số lượng mẫu được lấy phụ thuộc vào số lượng phương tiện trong lô (n), cụ thể như sau:Mẫu được lấy ngẫu nhiên tại lô phương tiện, số lượng mẫu được lấy phụ thuộc vào số lượng phương tiện trong lô (n), cụ thể như sau:Mẫu được lấy ngẫu nhiên tại lô phương tiện, số lượng mẫu được lấy phụ thuộc vào số lượng phương tiện trong lô (n), cụ thể như sau:- Thử nghiệm lô lần đầu:- Thử nghiệm lô lần đầu:- Thử nghiệm lô lần đầu:+ Nếu n ≤ 1.000 thì lấy 10 mẫu;+ Nếu n ≤ 1.000 thì lấy 10 mẫu;+ Nếu n ≤ 1.000 thì lấy 10 mẫu;+ Nếu 1.000 < n ≤ 5.000 thì lấy 20 mẫu;+ Nếu 1.000 < n ≤ 5.000 thì lấy 20 mẫu;+ Nếu 1.000 < n ≤ 5.000 thì lấy 20 mẫu;+ Nếu 5.000 < n ≤ 10.000 thì lấy 30 mẫu;+ Nếu 5.000 < n ≤ 10.000 thì lấy 30 mẫu;+ Nếu 5.000 < n ≤ 10.000 thì lấy 30 mẫu;+ Nếu n > 10.000 thì lấy 40 mẫu.+ Nếu n > 10.000 thì lấy 40 mẫu.+ Nếu n > 10.000 thì lấy 40 mẫu.- Thử nghiệm lô lần kế tiếp:- Thử nghiệm lô lần kế tiếp:- Thử nghiệm lô lần kế tiếp:+ Nếu n ≤ 1.000 thì lấy 07 mẫu;+ Nếu n ≤ 1.000 thì lấy 07 mẫu;+ Nếu n ≤ 1.000 thì lấy 07 mẫu;+ Nếu 1.000 < n ≤ 5.000 thì lấy 14 mẫu;+ Nếu 1.000 < n ≤ 5.000 thì lấy 14 mẫu;+ Nếu 1.000 < n ≤ 5.000 thì lấy 14 mẫu;+ Nếu 5.000 < n ≤ 10.000 thì lấy 21 mẫu;+ Nếu 5.000 < n ≤ 10.000 thì lấy 21 mẫu;+ Nếu 5.000 < n ≤ 10.000 thì lấy 21 mẫu;+ Nếu n > 10.000 thì lấy 28 mẫu.+ Nếu n > 10.000 thì lấy 28 mẫu.+ Nếu n > 10.000 thì lấy 28 mẫu.",8531.80.108531.80.108531.80.10
2.4.12.2.4.12.2.4.12.,Đèn báo cháy (đèn chớp)Đèn báo cháy (đèn chớp)Đèn báo cháy (đèn chớp),4. Độ bền (*)4. Độ bền (*)4. Độ bền (*),5.5.35.5.35.5.3TCVN 7568-23:2016TCVN 7568-23:2016TCVN 7568-23:2016,5.5.25.5.25.5.2TCVN 7568-23:2016TCVN 7568-23:2016TCVN 7568-23:2016,"Mẫu được lấy ngẫu nhiên tại lô phương tiện, số lượng mẫu được lấy phụ thuộc vào số lượng phương tiện trong lô (n), cụ thể như sau:Mẫu được lấy ngẫu nhiên tại lô phương tiện, số lượng mẫu được lấy phụ thuộc vào số lượng phương tiện trong lô (n), cụ thể như sau:Mẫu được lấy ngẫu nhiên tại lô phương tiện, số lượng mẫu được lấy phụ thuộc vào số lượng phương tiện trong lô (n), cụ thể như sau:- Thử nghiệm lô lần đầu:- Thử nghiệm lô lần đầu:- Thử nghiệm lô lần đầu:+ Nếu n ≤ 1.000 thì lấy 10 mẫu;+ Nếu n ≤ 1.000 thì lấy 10 mẫu;+ Nếu n ≤ 1.000 thì lấy 10 mẫu;+ Nếu 1.000 < n ≤ 5.000 thì lấy 20 mẫu;+ Nếu 1.000 < n ≤ 5.000 thì lấy 20 mẫu;+ Nếu 1.000 < n ≤ 5.000 thì lấy 20 mẫu;+ Nếu 5.000 < n ≤ 10.000 thì lấy 30 mẫu;+ Nếu 5.000 < n ≤ 10.000 thì lấy 30 mẫu;+ Nếu 5.000 < n ≤ 10.000 thì lấy 30 mẫu;+ Nếu n > 10.000 thì lấy 40 mẫu.+ Nếu n > 10.000 thì lấy 40 mẫu.+ Nếu n > 10.000 thì lấy 40 mẫu.- Thử nghiệm lô lần kế tiếp:- Thử nghiệm lô lần kế tiếp:- Thử nghiệm lô lần kế tiếp:+ Nếu n ≤ 1.000 thì lấy 07 mẫu;+ Nếu n ≤ 1.000 thì lấy 07 mẫu;+ Nếu n ≤ 1.000 thì lấy 07 mẫu;+ Nếu 1.000 < n ≤ 5.000 thì lấy 14 mẫu;+ Nếu 1.000 < n ≤ 5.000 thì lấy 14 mẫu;+ Nếu 1.000 < n ≤ 5.000 thì lấy 14 mẫu;+ Nếu 5.000 < n ≤ 10.000 thì lấy 21 mẫu;+ Nếu 5.000 < n ≤ 10.000 thì lấy 21 mẫu;+ Nếu 5.000 < n ≤ 10.000 thì lấy 21 mẫu;+ Nếu n > 10.000 thì lấy 28 mẫu.+ Nếu n > 10.000 thì lấy 28 mẫu.+ Nếu n > 10.000 thì lấy 28 mẫu.",8531.80.108531.80.108531.80.10
2.4.12.2.4.12.2.4.12.,Đèn báo cháy (đèn chớp)Đèn báo cháy (đèn chớp)Đèn báo cháy (đèn chớp),5. Điều kiện khô nóng (vận hành)5. Điều kiện khô nóng (vận hành)5. Điều kiện khô nóng (vận hành),5.6.35.6.35.6.3TCVN 7568-23:2016TCVN 7568-23:2016TCVN 7568-23:2016,5.6.25.6.25.6.2TCVN 7568-23:2016TCVN 7568-23:2016TCVN 7568-23:2016,"Mẫu được lấy ngẫu nhiên tại lô phương tiện, số lượng mẫu được lấy phụ thuộc vào số lượng phương tiện trong lô (n), cụ thể như sau:Mẫu được lấy ngẫu nhiên tại lô phương tiện, số lượng mẫu được lấy phụ thuộc vào số lượng phương tiện trong lô (n), cụ thể như sau:Mẫu được lấy ngẫu nhiên tại lô phương tiện, số lượng mẫu được lấy phụ thuộc vào số lượng phương tiện trong lô (n), cụ thể như sau:- Thử nghiệm lô lần đầu:- Thử nghiệm lô lần đầu:- Thử nghiệm lô lần đầu:+ Nếu n ≤ 1.000 thì lấy 10 mẫu;+ Nếu n ≤ 1.000 thì lấy 10 mẫu;+ Nếu n ≤ 1.000 thì lấy 10 mẫu;+ Nếu 1.000 < n ≤ 5.000 thì lấy 20 mẫu;+ Nếu 1.000 < n ≤ 5.000 thì lấy 20 mẫu;+ Nếu 1.000 < n ≤ 5.000 thì lấy 20 mẫu;+ Nếu 5.000 < n ≤ 10.000 thì lấy 30 mẫu;+ Nếu 5.000 < n ≤ 10.000 thì lấy 30 mẫu;+ Nếu 5.000 < n ≤ 10.000 thì lấy 30 mẫu;+ Nếu n > 10.000 thì lấy 40 mẫu.+ Nếu n > 10.000 thì lấy 40 mẫu.+ Nếu n > 10.000 thì lấy 40 mẫu.- Thử nghiệm lô lần kế tiếp:- Thử nghiệm lô lần kế tiếp:- Thử nghiệm lô lần kế tiếp:+ Nếu n ≤ 1.000 thì lấy 07 mẫu;+ Nếu n ≤ 1.000 thì lấy 07 mẫu;+ Nếu n ≤ 1.000 thì lấy 07 mẫu;+ Nếu 1.000 < n ≤ 5.000 thì lấy 14 mẫu;+ Nếu 1.000 < n ≤ 5.000 thì lấy 14 mẫu;+ Nếu 1.000 < n ≤ 5.000 thì lấy 14 mẫu;+ Nếu 5.000 < n ≤ 10.000 thì lấy 21 mẫu;+ Nếu 5.000 < n ≤ 10.000 thì lấy 21 mẫu;+ Nếu 5.000 < n ≤ 10.000 thì lấy 21 mẫu;+ Nếu n > 10.000 thì lấy 28 mẫu.+ Nếu n > 10.000 thì lấy 28 mẫu.+ Nếu n > 10.000 thì lấy 28 mẫu.",8531.80.108531.80.108531.80.10
2.4.12.2.4.12.2.4.12.,Đèn báo cháy (đèn chớp)Đèn báo cháy (đèn chớp)Đèn báo cháy (đèn chớp),6. Điều kiện khô nóng (độ bền) (*)6. Điều kiện khô nóng (độ bền) (*)6. Điều kiện khô nóng (độ bền) (*),5.7.35.7.35.7.3TCVN 7568-23:2016TCVN 7568-23:2016TCVN 7568-23:2016,5.7.25.7.25.7.2TCVN 7568-23:2016TCVN 7568-23:2016TCVN 7568-23:2016,"Mẫu được lấy ngẫu nhiên tại lô phương tiện, số lượng mẫu được lấy phụ thuộc vào số lượng phương tiện trong lô (n), cụ thể như sau:Mẫu được lấy ngẫu nhiên tại lô phương tiện, số lượng mẫu được lấy phụ thuộc vào số lượng phương tiện trong lô (n), cụ thể như sau:Mẫu được lấy ngẫu nhiên tại lô phương tiện, số lượng mẫu được lấy phụ thuộc vào số lượng phương tiện trong lô (n), cụ thể như sau:- Thử nghiệm lô lần đầu:- Thử nghiệm lô lần đầu:- Thử nghiệm lô lần đầu:+ Nếu n ≤ 1.000 thì lấy 10 mẫu;+ Nếu n ≤ 1.000 thì lấy 10 mẫu;+ Nếu n ≤ 1.000 thì lấy 10 mẫu;+ Nếu 1.000 < n ≤ 5.000 thì lấy 20 mẫu;+ Nếu 1.000 < n ≤ 5.000 thì lấy 20 mẫu;+ Nếu 1.000 < n ≤ 5.000 thì lấy 20 mẫu;+ Nếu 5.000 < n ≤ 10.000 thì lấy 30 mẫu;+ Nếu 5.000 < n ≤ 10.000 thì lấy 30 mẫu;+ Nếu 5.000 < n ≤ 10.000 thì lấy 30 mẫu;+ Nếu n > 10.000 thì lấy 40 mẫu.+ Nếu n > 10.000 thì lấy 40 mẫu.+ Nếu n > 10.000 thì lấy 40 mẫu.- Thử nghiệm lô lần kế tiếp:- Thử nghiệm lô lần kế tiếp:- Thử nghiệm lô lần kế tiếp:+ Nếu n ≤ 1.000 thì lấy 07 mẫu;+ Nếu n ≤ 1.000 thì lấy 07 mẫu;+ Nếu n ≤ 1.000 thì lấy 07 mẫu;+ Nếu 1.000 < n ≤ 5.000 thì lấy 14 mẫu;+ Nếu 1.000 < n ≤ 5.000 thì lấy 14 mẫu;+ Nếu 1.000 < n ≤ 5.000 thì lấy 14 mẫu;+ Nếu 5.000 < n ≤ 10.000 thì lấy 21 mẫu;+ Nếu 5.000 < n ≤ 10.000 thì lấy 21 mẫu;+ Nếu 5.000 < n ≤ 10.000 thì lấy 21 mẫu;+ Nếu n > 10.000 thì lấy 28 mẫu.+ Nếu n > 10.000 thì lấy 28 mẫu.+ Nếu n > 10.000 thì lấy 28 mẫu.",8531.80.108531.80.108531.80.10
2.4.12.2.4.12.2.4.12.,Đèn báo cháy (đèn chớp)Đèn báo cháy (đèn chớp)Đèn báo cháy (đèn chớp),7. Điều kiện ẩm nhiệt theo chu kỳ (vận hành)7. Điều kiện ẩm nhiệt theo chu kỳ (vận hành)7. Điều kiện ẩm nhiệt theo chu kỳ (vận hành),5.9.35.9.35.9.3TCVN 7568-23:2016TCVN 7568-23:2016TCVN 7568-23:2016,5.9.25.9.25.9.2TCVN 7568-23:2016TCVN 7568-23:2016TCVN 7568-23:2016,"Mẫu được lấy ngẫu nhiên tại lô phương tiện, số lượng mẫu được lấy phụ thuộc vào số lượng phương tiện trong lô (n), cụ thể như sau:Mẫu được lấy ngẫu nhiên tại lô phương tiện, số lượng mẫu được lấy phụ thuộc vào số lượng phương tiện trong lô (n), cụ thể như sau:Mẫu được lấy ngẫu nhiên tại lô phương tiện, số lượng mẫu được lấy phụ thuộc vào số lượng phương tiện trong lô (n), cụ thể như sau:- Thử nghiệm lô lần đầu:- Thử nghiệm lô lần đầu:- Thử nghiệm lô lần đầu:+ Nếu n ≤ 1.000 thì lấy 10 mẫu;+ Nếu n ≤ 1.000 thì lấy 10 mẫu;+ Nếu n ≤ 1.000 thì lấy 10 mẫu;+ Nếu 1.000 < n ≤ 5.000 thì lấy 20 mẫu;+ Nếu 1.000 < n ≤ 5.000 thì lấy 20 mẫu;+ Nếu 1.000 < n ≤ 5.000 thì lấy 20 mẫu;+ Nếu 5.000 < n ≤ 10.000 thì lấy 30 mẫu;+ Nếu 5.000 < n ≤ 10.000 thì lấy 30 mẫu;+ Nếu 5.000 < n ≤ 10.000 thì lấy 30 mẫu;+ Nếu n > 10.000 thì lấy 40 mẫu.+ Nếu n > 10.000 thì lấy 40 mẫu.+ Nếu n > 10.000 thì lấy 40 mẫu.- Thử nghiệm lô lần kế tiếp:- Thử nghiệm lô lần kế tiếp:- Thử nghiệm lô lần kế tiếp:+ Nếu n ≤ 1.000 thì lấy 07 mẫu;+ Nếu n ≤ 1.000 thì lấy 07 mẫu;+ Nếu n ≤ 1.000 thì lấy 07 mẫu;+ Nếu 1.000 < n ≤ 5.000 thì lấy 14 mẫu;+ Nếu 1.000 < n ≤ 5.000 thì lấy 14 mẫu;+ Nếu 1.000 < n ≤ 5.000 thì lấy 14 mẫu;+ Nếu 5.000 < n ≤ 10.000 thì lấy 21 mẫu;+ Nếu 5.000 < n ≤ 10.000 thì lấy 21 mẫu;+ Nếu 5.000 < n ≤ 10.000 thì lấy 21 mẫu;+ Nếu n > 10.000 thì lấy 28 mẫu.+ Nếu n > 10.000 thì lấy 28 mẫu.+ Nếu n > 10.000 thì lấy 28 mẫu.",8531.80.108531.80.108531.80.10
2.4.12.2.4.12.2.4.12.,Đèn báo cháy (đèn chớp)Đèn báo cháy (đèn chớp)Đèn báo cháy (đèn chớp),8. Điều kiện ẩm nhiệt theo chu kỳ (độ bền) (*)8. Điều kiện ẩm nhiệt theo chu kỳ (độ bền) (*)8. Điều kiện ẩm nhiệt theo chu kỳ (độ bền) (*),5.11.35.11.35.11.3TCVN 7568-23:2016TCVN 7568-23:2016TCVN 7568-23:2016,5.11.25.11.25.11.2TCVN 7568-23:2016TCVN 7568-23:2016TCVN 7568-23:2016,"Mẫu được lấy ngẫu nhiên tại lô phương tiện, số lượng mẫu được lấy phụ thuộc vào số lượng phương tiện trong lô (n), cụ thể như sau:Mẫu được lấy ngẫu nhiên tại lô phương tiện, số lượng mẫu được lấy phụ thuộc vào số lượng phương tiện trong lô (n), cụ thể như sau:Mẫu được lấy ngẫu nhiên tại lô phương tiện, số lượng mẫu được lấy phụ thuộc vào số lượng phương tiện trong lô (n), cụ thể như sau:- Thử nghiệm lô lần đầu:- Thử nghiệm lô lần đầu:- Thử nghiệm lô lần đầu:+ Nếu n ≤ 1.000 thì lấy 10 mẫu;+ Nếu n ≤ 1.000 thì lấy 10 mẫu;+ Nếu n ≤ 1.000 thì lấy 10 mẫu;+ Nếu 1.000 < n ≤ 5.000 thì lấy 20 mẫu;+ Nếu 1.000 < n ≤ 5.000 thì lấy 20 mẫu;+ Nếu 1.000 < n ≤ 5.000 thì lấy 20 mẫu;+ Nếu 5.000 < n ≤ 10.000 thì lấy 30 mẫu;+ Nếu 5.000 < n ≤ 10.000 thì lấy 30 mẫu;+ Nếu 5.000 < n ≤ 10.000 thì lấy 30 mẫu;+ Nếu n > 10.000 thì lấy 40 mẫu.+ Nếu n > 10.000 thì lấy 40 mẫu.+ Nếu n > 10.000 thì lấy 40 mẫu.- Thử nghiệm lô lần kế tiếp:- Thử nghiệm lô lần kế tiếp:- Thử nghiệm lô lần kế tiếp:+ Nếu n ≤ 1.000 thì lấy 07 mẫu;+ Nếu n ≤ 1.000 thì lấy 07 mẫu;+ Nếu n ≤ 1.000 thì lấy 07 mẫu;+ Nếu 1.000 < n ≤ 5.000 thì lấy 14 mẫu;+ Nếu 1.000 < n ≤ 5.000 thì lấy 14 mẫu;+ Nếu 1.000 < n ≤ 5.000 thì lấy 14 mẫu;+ Nếu 5.000 < n ≤ 10.000 thì lấy 21 mẫu;+ Nếu 5.000 < n ≤ 10.000 thì lấy 21 mẫu;+ Nếu 5.000 < n ≤ 10.000 thì lấy 21 mẫu;+ Nếu n > 10.000 thì lấy 28 mẫu.+ Nếu n > 10.000 thì lấy 28 mẫu.+ Nếu n > 10.000 thì lấy 28 mẫu.",8531.80.108531.80.108531.80.10
2.4.12.2.4.12.2.4.12.,Đèn báo cháy (đèn chớp)Đèn báo cháy (đèn chớp)Đèn báo cháy (đèn chớp),9. Chịu ăn mòn sunphur dioxide (độ bền) (*)9. Chịu ăn mòn sunphur dioxide (độ bền) (*)9. Chịu ăn mòn sunphur dioxide (độ bền) (*),5.12.35.12.35.12.3TCVN 7568-23:2016TCVN 7568-23:2016TCVN 7568-23:2016,5.12.25.12.25.12.2TCVN 7568-23:2016TCVN 7568-23:2016TCVN 7568-23:2016,"Mẫu được lấy ngẫu nhiên tại lô phương tiện, số lượng mẫu được lấy phụ thuộc vào số lượng phương tiện trong lô (n), cụ thể như sau:Mẫu được lấy ngẫu nhiên tại lô phương tiện, số lượng mẫu được lấy phụ thuộc vào số lượng phương tiện trong lô (n), cụ thể như sau:Mẫu được lấy ngẫu nhiên tại lô phương tiện, số lượng mẫu được lấy phụ thuộc vào số lượng phương tiện trong lô (n), cụ thể như sau:- Thử nghiệm lô lần đầu:- Thử nghiệm lô lần đầu:- Thử nghiệm lô lần đầu:+ Nếu n ≤ 1.000 thì lấy 10 mẫu;+ Nếu n ≤ 1.000 thì lấy 10 mẫu;+ Nếu n ≤ 1.000 thì lấy 10 mẫu;+ Nếu 1.000 < n ≤ 5.000 thì lấy 20 mẫu;+ Nếu 1.000 < n ≤ 5.000 thì lấy 20 mẫu;+ Nếu 1.000 < n ≤ 5.000 thì lấy 20 mẫu;+ Nếu 5.000 < n ≤ 10.000 thì lấy 30 mẫu;+ Nếu 5.000 < n ≤ 10.000 thì lấy 30 mẫu;+ Nếu 5.000 < n ≤ 10.000 thì lấy 30 mẫu;+ Nếu n > 10.000 thì lấy 40 mẫu.+ Nếu n > 10.000 thì lấy 40 mẫu.+ Nếu n > 10.000 thì lấy 40 mẫu.- Thử nghiệm lô lần kế tiếp:- Thử nghiệm lô lần kế tiếp:- Thử nghiệm lô lần kế tiếp:+ Nếu n ≤ 1.000 thì lấy 07 mẫu;+ Nếu n ≤ 1.000 thì lấy 07 mẫu;+ Nếu n ≤ 1.000 thì lấy 07 mẫu;+ Nếu 1.000 < n ≤ 5.000 thì lấy 14 mẫu;+ Nếu 1.000 < n ≤ 5.000 thì lấy 14 mẫu;+ Nếu 1.000 < n ≤ 5.000 thì lấy 14 mẫu;+ Nếu 5.000 < n ≤ 10.000 thì lấy 21 mẫu;+ Nếu 5.000 < n ≤ 10.000 thì lấy 21 mẫu;+ Nếu 5.000 < n ≤ 10.000 thì lấy 21 mẫu;+ Nếu n > 10.000 thì lấy 28 mẫu.+ Nếu n > 10.000 thì lấy 28 mẫu.+ Nếu n > 10.000 thì lấy 28 mẫu.",8531.80.108531.80.108531.80.10
2.4.12.2.4.12.2.4.12.,Đèn báo cháy (đèn chớp)Đèn báo cháy (đèn chớp)Đèn báo cháy (đèn chớp),10. Sốc (vận hành)10. Sốc (vận hành)10. Sốc (vận hành),5.13.35.13.35.13.3TCVN 7568-23:2016TCVN 7568-23:2016TCVN 7568-23:2016,5.13.25.13.25.13.2TCVN 7568-23:2016TCVN 7568-23:2016TCVN 7568-23:2016,"Mẫu được lấy ngẫu nhiên tại lô phương tiện, số lượng mẫu được lấy phụ thuộc vào số lượng phương tiện trong lô (n), cụ thể như sau:Mẫu được lấy ngẫu nhiên tại lô phương tiện, số lượng mẫu được lấy phụ thuộc vào số lượng phương tiện trong lô (n), cụ thể như sau:Mẫu được lấy ngẫu nhiên tại lô phương tiện, số lượng mẫu được lấy phụ thuộc vào số lượng phương tiện trong lô (n), cụ thể như sau:- Thử nghiệm lô lần đầu:- Thử nghiệm lô lần đầu:- Thử nghiệm lô lần đầu:+ Nếu n ≤ 1.000 thì lấy 10 mẫu;+ Nếu n ≤ 1.000 thì lấy 10 mẫu;+ Nếu n ≤ 1.000 thì lấy 10 mẫu;+ Nếu 1.000 < n ≤ 5.000 thì lấy 20 mẫu;+ Nếu 1.000 < n ≤ 5.000 thì lấy 20 mẫu;+ Nếu 1.000 < n ≤ 5.000 thì lấy 20 mẫu;+ Nếu 5.000 < n ≤ 10.000 thì lấy 30 mẫu;+ Nếu 5.000 < n ≤ 10.000 thì lấy 30 mẫu;+ Nếu 5.000 < n ≤ 10.000 thì lấy 30 mẫu;+ Nếu n > 10.000 thì lấy 40 mẫu.+ Nếu n > 10.000 thì lấy 40 mẫu.+ Nếu n > 10.000 thì lấy 40 mẫu.- Thử nghiệm lô lần kế tiếp:- Thử nghiệm lô lần kế tiếp:- Thử nghiệm lô lần kế tiếp:+ Nếu n ≤ 1.000 thì lấy 07 mẫu;+ Nếu n ≤ 1.000 thì lấy 07 mẫu;+ Nếu n ≤ 1.000 thì lấy 07 mẫu;+ Nếu 1.000 < n ≤ 5.000 thì lấy 14 mẫu;+ Nếu 1.000 < n ≤ 5.000 thì lấy 14 mẫu;+ Nếu 1.000 < n ≤ 5.000 thì lấy 14 mẫu;+ Nếu 5.000 < n ≤ 10.000 thì lấy 21 mẫu;+ Nếu 5.000 < n ≤ 10.000 thì lấy 21 mẫu;+ Nếu 5.000 < n ≤ 10.000 thì lấy 21 mẫu;+ Nếu n > 10.000 thì lấy 28 mẫu.+ Nếu n > 10.000 thì lấy 28 mẫu.+ Nếu n > 10.000 thì lấy 28 mẫu.",8531.80.108531.80.108531.80.10
2.4.12.2.4.12.2.4.12.,Đèn báo cháy (đèn chớp)Đèn báo cháy (đèn chớp)Đèn báo cháy (đèn chớp),11. Va đập (vận hành)11. Va đập (vận hành)11. Va đập (vận hành),5.14.35.14.35.14.3TCVN 7568-23:2016TCVN 7568-23:2016TCVN 7568-23:2016,5.14.25.14.25.14.2TCVN 7568-23:2016TCVN 7568-23:2016TCVN 7568-23:2016,"Mẫu được lấy ngẫu nhiên tại lô phương tiện, số lượng mẫu được lấy phụ thuộc vào số lượng phương tiện trong lô (n), cụ thể như sau:Mẫu được lấy ngẫu nhiên tại lô phương tiện, số lượng mẫu được lấy phụ thuộc vào số lượng phương tiện trong lô (n), cụ thể như sau:Mẫu được lấy ngẫu nhiên tại lô phương tiện, số lượng mẫu được lấy phụ thuộc vào số lượng phương tiện trong lô (n), cụ thể như sau:- Thử nghiệm lô lần đầu:- Thử nghiệm lô lần đầu:- Thử nghiệm lô lần đầu:+ Nếu n ≤ 1.000 thì lấy 10 mẫu;+ Nếu n ≤ 1.000 thì lấy 10 mẫu;+ Nếu n ≤ 1.000 thì lấy 10 mẫu;+ Nếu 1.000 < n ≤ 5.000 thì lấy 20 mẫu;+ Nếu 1.000 < n ≤ 5.000 thì lấy 20 mẫu;+ Nếu 1.000 < n ≤ 5.000 thì lấy 20 mẫu;+ Nếu 5.000 < n ≤ 10.000 thì lấy 30 mẫu;+ Nếu 5.000 < n ≤ 10.000 thì lấy 30 mẫu;+ Nếu 5.000 < n ≤ 10.000 thì lấy 30 mẫu;+ Nếu n > 10.000 thì lấy 40 mẫu.+ Nếu n > 10.000 thì lấy 40 mẫu.+ Nếu n > 10.000 thì lấy 40 mẫu.- Thử nghiệm lô lần kế tiếp:- Thử nghiệm lô lần kế tiếp:- Thử nghiệm lô lần kế tiếp:+ Nếu n ≤ 1.000 thì lấy 07 mẫu;+ Nếu n ≤ 1.000 thì lấy 07 mẫu;+ Nếu n ≤ 1.000 thì lấy 07 mẫu;+ Nếu 1.000 < n ≤ 5.000 thì lấy 14 mẫu;+ Nếu 1.000 < n ≤ 5.000 thì lấy 14 mẫu;+ Nếu 1.000 < n ≤ 5.000 thì lấy 14 mẫu;+ Nếu 5.000 < n ≤ 10.000 thì lấy 21 mẫu;+ Nếu 5.000 < n ≤ 10.000 thì lấy 21 mẫu;+ Nếu 5.000 < n ≤ 10.000 thì lấy 21 mẫu;+ Nếu n > 10.000 thì lấy 28 mẫu.+ Nếu n > 10.000 thì lấy 28 mẫu.+ Nếu n > 10.000 thì lấy 28 mẫu.",8531.80.108531.80.108531.80.10
2.4.12.2.4.12.2.4.12.,Đèn báo cháy (đèn chớp)Đèn báo cháy (đèn chớp)Đèn báo cháy (đèn chớp),"12. Rung, dao động hình sin (vận hành)12. Rung, dao động hình sin (vận hành)12. Rung, dao động hình sin (vận hành)",5.15.35.15.35.15.3TCVN 7568-23:2016TCVN 7568-23:2016TCVN 7568-23:2016,5.15.25.15.25.15.2TCVN 7568-23:2016TCVN 7568-23:2016TCVN 7568-23:2016,"Mẫu được lấy ngẫu nhiên tại lô phương tiện, số lượng mẫu được lấy phụ thuộc vào số lượng phương tiện trong lô (n), cụ thể như sau:Mẫu được lấy ngẫu nhiên tại lô phương tiện, số lượng mẫu được lấy phụ thuộc vào số lượng phương tiện trong lô (n), cụ thể như sau:Mẫu được lấy ngẫu nhiên tại lô phương tiện, số lượng mẫu được lấy phụ thuộc vào số lượng phương tiện trong lô (n), cụ thể như sau:- Thử nghiệm lô lần đầu:- Thử nghiệm lô lần đầu:- Thử nghiệm lô lần đầu:+ Nếu n ≤ 1.000 thì lấy 10 mẫu;+ Nếu n ≤ 1.000 thì lấy 10 mẫu;+ Nếu n ≤ 1.000 thì lấy 10 mẫu;+ Nếu 1.000 < n ≤ 5.000 thì lấy 20 mẫu;+ Nếu 1.000 < n ≤ 5.000 thì lấy 20 mẫu;+ Nếu 1.000 < n ≤ 5.000 thì lấy 20 mẫu;+ Nếu 5.000 < n ≤ 10.000 thì lấy 30 mẫu;+ Nếu 5.000 < n ≤ 10.000 thì lấy 30 mẫu;+ Nếu 5.000 < n ≤ 10.000 thì lấy 30 mẫu;+ Nếu n > 10.000 thì lấy 40 mẫu.+ Nếu n > 10.000 thì lấy 40 mẫu.+ Nếu n > 10.000 thì lấy 40 mẫu.- Thử nghiệm lô lần kế tiếp:- Thử nghiệm lô lần kế tiếp:- Thử nghiệm lô lần kế tiếp:+ Nếu n ≤ 1.000 thì lấy 07 mẫu;+ Nếu n ≤ 1.000 thì lấy 07 mẫu;+ Nếu n ≤ 1.000 thì lấy 07 mẫu;+ Nếu 1.000 < n ≤ 5.000 thì lấy 14 mẫu;+ Nếu 1.000 < n ≤ 5.000 thì lấy 14 mẫu;+ Nếu 1.000 < n ≤ 5.000 thì lấy 14 mẫu;+ Nếu 5.000 < n ≤ 10.000 thì lấy 21 mẫu;+ Nếu 5.000 < n ≤ 10.000 thì lấy 21 mẫu;+ Nếu 5.000 < n ≤ 10.000 thì lấy 21 mẫu;+ Nếu n > 10.000 thì lấy 28 mẫu.+ Nếu n > 10.000 thì lấy 28 mẫu.+ Nếu n > 10.000 thì lấy 28 mẫu.",8531.80.108531.80.108531.80.10
2.4.12.2.4.12.2.4.12.,Đèn báo cháy (đèn chớp)Đèn báo cháy (đèn chớp)Đèn báo cháy (đèn chớp),"13. Rung, dao động hình sin (độ bền) (*)13. Rung, dao động hình sin (độ bền) (*)13. Rung, dao động hình sin (độ bền) (*)",5.16.3 TCVN 7568-23:20165.16.3 TCVN 7568-23:20165.16.3 TCVN 7568-23:2016,5.16.25.16.25.16.2TCVN 7568-23:2016TCVN 7568-23:2016TCVN 7568-23:2016,"Mẫu được lấy ngẫu nhiên tại lô phương tiện, số lượng mẫu được lấy phụ thuộc vào số lượng phương tiện trong lô (n), cụ thể như sau:Mẫu được lấy ngẫu nhiên tại lô phương tiện, số lượng mẫu được lấy phụ thuộc vào số lượng phương tiện trong lô (n), cụ thể như sau:Mẫu được lấy ngẫu nhiên tại lô phương tiện, số lượng mẫu được lấy phụ thuộc vào số lượng phương tiện trong lô (n), cụ thể như sau:- Thử nghiệm lô lần đầu:- Thử nghiệm lô lần đầu:- Thử nghiệm lô lần đầu:+ Nếu n ≤ 1.000 thì lấy 10 mẫu;+ Nếu n ≤ 1.000 thì lấy 10 mẫu;+ Nếu n ≤ 1.000 thì lấy 10 mẫu;+ Nếu 1.000 < n ≤ 5.000 thì lấy 20 mẫu;+ Nếu 1.000 < n ≤ 5.000 thì lấy 20 mẫu;+ Nếu 1.000 < n ≤ 5.000 thì lấy 20 mẫu;+ Nếu 5.000 < n ≤ 10.000 thì lấy 30 mẫu;+ Nếu 5.000 < n ≤ 10.000 thì lấy 30 mẫu;+ Nếu 5.000 < n ≤ 10.000 thì lấy 30 mẫu;+ Nếu n > 10.000 thì lấy 40 mẫu.+ Nếu n > 10.000 thì lấy 40 mẫu.+ Nếu n > 10.000 thì lấy 40 mẫu.- Thử nghiệm lô lần kế tiếp:- Thử nghiệm lô lần kế tiếp:- Thử nghiệm lô lần kế tiếp:+ Nếu n ≤ 1.000 thì lấy 07 mẫu;+ Nếu n ≤ 1.000 thì lấy 07 mẫu;+ Nếu n ≤ 1.000 thì lấy 07 mẫu;+ Nếu 1.000 < n ≤ 5.000 thì lấy 14 mẫu;+ Nếu 1.000 < n ≤ 5.000 thì lấy 14 mẫu;+ Nếu 1.000 < n ≤ 5.000 thì lấy 14 mẫu;+ Nếu 5.000 < n ≤ 10.000 thì lấy 21 mẫu;+ Nếu 5.000 < n ≤ 10.000 thì lấy 21 mẫu;+ Nếu 5.000 < n ≤ 10.000 thì lấy 21 mẫu;+ Nếu n > 10.000 thì lấy 28 mẫu.+ Nếu n > 10.000 thì lấy 28 mẫu.+ Nếu n > 10.000 thì lấy 28 mẫu.",8531.80.108531.80.108531.80.10
2.4.12.2.4.12.2.4.12.,Đèn báo cháy (đèn chớp)Đèn báo cháy (đèn chớp)Đèn báo cháy (đèn chớp),14. Đồng bộ hóa tín hiệu nhấp nháy (chức năng tùy chọn) (*)14. Đồng bộ hóa tín hiệu nhấp nháy (chức năng tùy chọn) (*)14. Đồng bộ hóa tín hiệu nhấp nháy (chức năng tùy chọn) (*),5.19.35.19.35.19.3TCVN 7568-23:2016TCVN 7568-23:2016TCVN 7568-23:2016,5.19.2 TCVN 7568-23:20165.19.2 TCVN 7568-23:20165.19.2 TCVN 7568-23:2016,"Mẫu được lấy ngẫu nhiên tại lô phương tiện, số lượng mẫu được lấy phụ thuộc vào số lượng phương tiện trong lô (n), cụ thể như sau:Mẫu được lấy ngẫu nhiên tại lô phương tiện, số lượng mẫu được lấy phụ thuộc vào số lượng phương tiện trong lô (n), cụ thể như sau:Mẫu được lấy ngẫu nhiên tại lô phương tiện, số lượng mẫu được lấy phụ thuộc vào số lượng phương tiện trong lô (n), cụ thể như sau:- Thử nghiệm lô lần đầu:- Thử nghiệm lô lần đầu:- Thử nghiệm lô lần đầu:+ Nếu n ≤ 1.000 thì lấy 10 mẫu;+ Nếu n ≤ 1.000 thì lấy 10 mẫu;+ Nếu n ≤ 1.000 thì lấy 10 mẫu;+ Nếu 1.000 < n ≤ 5.000 thì lấy 20 mẫu;+ Nếu 1.000 < n ≤ 5.000 thì lấy 20 mẫu;+ Nếu 1.000 < n ≤ 5.000 thì lấy 20 mẫu;+ Nếu 5.000 < n ≤ 10.000 thì lấy 30 mẫu;+ Nếu 5.000 < n ≤ 10.000 thì lấy 30 mẫu;+ Nếu 5.000 < n ≤ 10.000 thì lấy 30 mẫu;+ Nếu n > 10.000 thì lấy 40 mẫu.+ Nếu n > 10.000 thì lấy 40 mẫu.+ Nếu n > 10.000 thì lấy 40 mẫu.- Thử nghiệm lô lần kế tiếp:- Thử nghiệm lô lần kế tiếp:- Thử nghiệm lô lần kế tiếp:+ Nếu n ≤ 1.000 thì lấy 07 mẫu;+ Nếu n ≤ 1.000 thì lấy 07 mẫu;+ Nếu n ≤ 1.000 thì lấy 07 mẫu;+ Nếu 1.000 < n ≤ 5.000 thì lấy 14 mẫu;+ Nếu 1.000 < n ≤ 5.000 thì lấy 14 mẫu;+ Nếu 1.000 < n ≤ 5.000 thì lấy 14 mẫu;+ Nếu 5.000 < n ≤ 10.000 thì lấy 21 mẫu;+ Nếu 5.000 < n ≤ 10.000 thì lấy 21 mẫu;+ Nếu 5.000 < n ≤ 10.000 thì lấy 21 mẫu;+ Nếu n > 10.000 thì lấy 28 mẫu.+ Nếu n > 10.000 thì lấy 28 mẫu.+ Nếu n > 10.000 thì lấy 28 mẫu.",8531.80.108531.80.108531.80.10
2.4.12.2.4.12.2.4.12.,Đèn báo cháy (đèn chớp)Đèn báo cháy (đèn chớp)Đèn báo cháy (đèn chớp),15. Suy hao tín hiệu tại hiện trường (***)15. Suy hao tín hiệu tại hiện trường (***)15. Suy hao tín hiệu tại hiện trường (***),4.2.14.2.14.2.1TCVN 7568-25:2023TCVN 7568-25:2023TCVN 7568-25:2023,8.2.28.2.28.2.2TCVN 7568-25:2023TCVN 7568-25:2023TCVN 7568-25:2023,"Mẫu được lấy ngẫu nhiên tại lô phương tiện, số lượng mẫu được lấy phụ thuộc vào số lượng phương tiện trong lô (n), cụ thể như sau:Mẫu được lấy ngẫu nhiên tại lô phương tiện, số lượng mẫu được lấy phụ thuộc vào số lượng phương tiện trong lô (n), cụ thể như sau:Mẫu được lấy ngẫu nhiên tại lô phương tiện, số lượng mẫu được lấy phụ thuộc vào số lượng phương tiện trong lô (n), cụ thể như sau:- Thử nghiệm lô lần đầu:- Thử nghiệm lô lần đầu:- Thử nghiệm lô lần đầu:+ Nếu n ≤ 1.000 thì lấy 10 mẫu;+ Nếu n ≤ 1.000 thì lấy 10 mẫu;+ Nếu n ≤ 1.000 thì lấy 10 mẫu;+ Nếu 1.000 < n ≤ 5.000 thì lấy 20 mẫu;+ Nếu 1.000 < n ≤ 5.000 thì lấy 20 mẫu;+ Nếu 1.000 < n ≤ 5.000 thì lấy 20 mẫu;+ Nếu 5.000 < n ≤ 10.000 thì lấy 30 mẫu;+ Nếu 5.000 < n ≤ 10.000 thì lấy 30 mẫu;+ Nếu 5.000 < n ≤ 10.000 thì lấy 30 mẫu;+ Nếu n > 10.000 thì lấy 40 mẫu.+ Nếu n > 10.000 thì lấy 40 mẫu.+ Nếu n > 10.000 thì lấy 40 mẫu.- Thử nghiệm lô lần kế tiếp:- Thử nghiệm lô lần kế tiếp:- Thử nghiệm lô lần kế tiếp:+ Nếu n ≤ 1.000 thì lấy 07 mẫu;+ Nếu n ≤ 1.000 thì lấy 07 mẫu;+ Nếu n ≤ 1.000 thì lấy 07 mẫu;+ Nếu 1.000 < n ≤ 5.000 thì lấy 14 mẫu;+ Nếu 1.000 < n ≤ 5.000 thì lấy 14 mẫu;+ Nếu 1.000 < n ≤ 5.000 thì lấy 14 mẫu;+ Nếu 5.000 < n ≤ 10.000 thì lấy 21 mẫu;+ Nếu 5.000 < n ≤ 10.000 thì lấy 21 mẫu;+ Nếu 5.000 < n ≤ 10.000 thì lấy 21 mẫu;+ Nếu n > 10.000 thì lấy 28 mẫu.+ Nếu n > 10.000 thì lấy 28 mẫu.+ Nếu n > 10.000 thì lấy 28 mẫu.",8531.80.108531.80.108531.80.10
2.4.12.2.4.12.2.4.12.,Đèn báo cháy (đèn chớp)Đèn báo cháy (đèn chớp)Đèn báo cháy (đèn chớp),16. Tính toàn vẹn của tín hiệu cảnh báo (***)16. Tính toàn vẹn của tín hiệu cảnh báo (***)16. Tính toàn vẹn của tín hiệu cảnh báo (***),4.2.24.2.24.2.2TCVN 7568-25:2023TCVN 7568-25:2023TCVN 7568-25:2023,8.2.38.2.38.2.3TCVN 7568-25:2023TCVN 7568-25:2023TCVN 7568-25:2023,"Mẫu được lấy ngẫu nhiên tại lô phương tiện, số lượng mẫu được lấy phụ thuộc vào số lượng phương tiện trong lô (n), cụ thể như sau:Mẫu được lấy ngẫu nhiên tại lô phương tiện, số lượng mẫu được lấy phụ thuộc vào số lượng phương tiện trong lô (n), cụ thể như sau:Mẫu được lấy ngẫu nhiên tại lô phương tiện, số lượng mẫu được lấy phụ thuộc vào số lượng phương tiện trong lô (n), cụ thể như sau:- Thử nghiệm lô lần đầu:- Thử nghiệm lô lần đầu:- Thử nghiệm lô lần đầu:+ Nếu n ≤ 1.000 thì lấy 10 mẫu;+ Nếu n ≤ 1.000 thì lấy 10 mẫu;+ Nếu n ≤ 1.000 thì lấy 10 mẫu;+ Nếu 1.000 < n ≤ 5.000 thì lấy 20 mẫu;+ Nếu 1.000 < n ≤ 5.000 thì lấy 20 mẫu;+ Nếu 1.000 < n ≤ 5.000 thì lấy 20 mẫu;+ Nếu 5.000 < n ≤ 10.000 thì lấy 30 mẫu;+ Nếu 5.000 < n ≤ 10.000 thì lấy 30 mẫu;+ Nếu 5.000 < n ≤ 10.000 thì lấy 30 mẫu;+ Nếu n > 10.000 thì lấy 40 mẫu.+ Nếu n > 10.000 thì lấy 40 mẫu.+ Nếu n > 10.000 thì lấy 40 mẫu.- Thử nghiệm lô lần kế tiếp:- Thử nghiệm lô lần kế tiếp:- Thử nghiệm lô lần kế tiếp:+ Nếu n ≤ 1.000 thì lấy 07 mẫu;+ Nếu n ≤ 1.000 thì lấy 07 mẫu;+ Nếu n ≤ 1.000 thì lấy 07 mẫu;+ Nếu 1.000 < n ≤ 5.000 thì lấy 14 mẫu;+ Nếu 1.000 < n ≤ 5.000 thì lấy 14 mẫu;+ Nếu 1.000 < n ≤ 5.000 thì lấy 14 mẫu;+ Nếu 5.000 < n ≤ 10.000 thì lấy 21 mẫu;+ Nếu 5.000 < n ≤ 10.000 thì lấy 21 mẫu;+ Nếu 5.000 < n ≤ 10.000 thì lấy 21 mẫu;+ Nếu n > 10.000 thì lấy 28 mẫu.+ Nếu n > 10.000 thì lấy 28 mẫu.+ Nếu n > 10.000 thì lấy 28 mẫu.",8531.80.108531.80.108531.80.10
2.4.12.2.4.12.2.4.12.,Đèn báo cháy (đèn chớp)Đèn báo cháy (đèn chớp)Đèn báo cháy (đèn chớp),17. Định danh của các thiết bị sử dụng đường truyền vô tuyến (***)17. Định danh của các thiết bị sử dụng đường truyền vô tuyến (***)17. Định danh của các thiết bị sử dụng đường truyền vô tuyến (***),4.2.34.2.34.2.3TCVN 7568-25:2023TCVN 7568-25:2023TCVN 7568-25:2023,8.2.48.2.48.2.4TCVN 7568-25:2023TCVN 7568-25:2023TCVN 7568-25:2023,"Mẫu được lấy ngẫu nhiên tại lô phương tiện, số lượng mẫu được lấy phụ thuộc vào số lượng phương tiện trong lô (n), cụ thể như sau:Mẫu được lấy ngẫu nhiên tại lô phương tiện, số lượng mẫu được lấy phụ thuộc vào số lượng phương tiện trong lô (n), cụ thể như sau:Mẫu được lấy ngẫu nhiên tại lô phương tiện, số lượng mẫu được lấy phụ thuộc vào số lượng phương tiện trong lô (n), cụ thể như sau:- Thử nghiệm lô lần đầu:- Thử nghiệm lô lần đầu:- Thử nghiệm lô lần đầu:+ Nếu n ≤ 1.000 thì lấy 10 mẫu;+ Nếu n ≤ 1.000 thì lấy 10 mẫu;+ Nếu n ≤ 1.000 thì lấy 10 mẫu;+ Nếu 1.000 < n ≤ 5.000 thì lấy 20 mẫu;+ Nếu 1.000 < n ≤ 5.000 thì lấy 20 mẫu;+ Nếu 1.000 < n ≤ 5.000 thì lấy 20 mẫu;+ Nếu 5.000 < n ≤ 10.000 thì lấy 30 mẫu;+ Nếu 5.000 < n ≤ 10.000 thì lấy 30 mẫu;+ Nếu 5.000 < n ≤ 10.000 thì lấy 30 mẫu;+ Nếu n > 10.000 thì lấy 40 mẫu.+ Nếu n > 10.000 thì lấy 40 mẫu.+ Nếu n > 10.000 thì lấy 40 mẫu.- Thử nghiệm lô lần kế tiếp:- Thử nghiệm lô lần kế tiếp:- Thử nghiệm lô lần kế tiếp:+ Nếu n ≤ 1.000 thì lấy 07 mẫu;+ Nếu n ≤ 1.000 thì lấy 07 mẫu;+ Nếu n ≤ 1.000 thì lấy 07 mẫu;+ Nếu 1.000 < n ≤ 5.000 thì lấy 14 mẫu;+ Nếu 1.000 < n ≤ 5.000 thì lấy 14 mẫu;+ Nếu 1.000 < n ≤ 5.000 thì lấy 14 mẫu;+ Nếu 5.000 < n ≤ 10.000 thì lấy 21 mẫu;+ Nếu 5.000 < n ≤ 10.000 thì lấy 21 mẫu;+ Nếu 5.000 < n ≤ 10.000 thì lấy 21 mẫu;+ Nếu n > 10.000 thì lấy 28 mẫu.+ Nếu n > 10.000 thì lấy 28 mẫu.+ Nếu n > 10.000 thì lấy 28 mẫu.",8531.80.108531.80.108531.80.10
2.4.12.2.4.12.2.4.12.,Đèn báo cháy (đèn chớp)Đèn báo cháy (đèn chớp)Đèn báo cháy (đèn chớp),18. Ăng ten (***)18. Ăng ten (***)18. Ăng ten (***),4.2.74.2.74.2.7TCVN 7568-25:2023TCVN 7568-25:2023TCVN 7568-25:2023,8.2.98.2.98.2.9TCVN 7568-25:2023TCVN 7568-25:2023TCVN 7568-25:2023,"Mẫu được lấy ngẫu nhiên tại lô phương tiện, số lượng mẫu được lấy phụ thuộc vào số lượng phương tiện trong lô (n), cụ thể như sau:Mẫu được lấy ngẫu nhiên tại lô phương tiện, số lượng mẫu được lấy phụ thuộc vào số lượng phương tiện trong lô (n), cụ thể như sau:Mẫu được lấy ngẫu nhiên tại lô phương tiện, số lượng mẫu được lấy phụ thuộc vào số lượng phương tiện trong lô (n), cụ thể như sau:- Thử nghiệm lô lần đầu:- Thử nghiệm lô lần đầu:- Thử nghiệm lô lần đầu:+ Nếu n ≤ 1.000 thì lấy 10 mẫu;+ Nếu n ≤ 1.000 thì lấy 10 mẫu;+ Nếu n ≤ 1.000 thì lấy 10 mẫu;+ Nếu 1.000 < n ≤ 5.000 thì lấy 20 mẫu;+ Nếu 1.000 < n ≤ 5.000 thì lấy 20 mẫu;+ Nếu 1.000 < n ≤ 5.000 thì lấy 20 mẫu;+ Nếu 5.000 < n ≤ 10.000 thì lấy 30 mẫu;+ Nếu 5.000 < n ≤ 10.000 thì lấy 30 mẫu;+ Nếu 5.000 < n ≤ 10.000 thì lấy 30 mẫu;+ Nếu n > 10.000 thì lấy 40 mẫu.+ Nếu n > 10.000 thì lấy 40 mẫu.+ Nếu n > 10.000 thì lấy 40 mẫu.- Thử nghiệm lô lần kế tiếp:- Thử nghiệm lô lần kế tiếp:- Thử nghiệm lô lần kế tiếp:+ Nếu n ≤ 1.000 thì lấy 07 mẫu;+ Nếu n ≤ 1.000 thì lấy 07 mẫu;+ Nếu n ≤ 1.000 thì lấy 07 mẫu;+ Nếu 1.000 < n ≤ 5.000 thì lấy 14 mẫu;+ Nếu 1.000 < n ≤ 5.000 thì lấy 14 mẫu;+ Nếu 1.000 < n ≤ 5.000 thì lấy 14 mẫu;+ Nếu 5.000 < n ≤ 10.000 thì lấy 21 mẫu;+ Nếu 5.000 < n ≤ 10.000 thì lấy 21 mẫu;+ Nếu 5.000 < n ≤ 10.000 thì lấy 21 mẫu;+ Nếu n > 10.000 thì lấy 28 mẫu.+ Nếu n > 10.000 thì lấy 28 mẫu.+ Nếu n > 10.000 thì lấy 28 mẫu.",8531.80.108531.80.108531.80.10
2.4.12.2.4.12.2.4.12.,Đèn báo cháy (đèn chớp)Đèn báo cháy (đèn chớp)Đèn báo cháy (đèn chớp),19. Tuổi thọ nguồn độc lập (***)19. Tuổi thọ nguồn độc lập (***)19. Tuổi thọ nguồn độc lập (***),5.3.25.3.25.3.2TCVN 7568-25:2023TCVN 7568-25:2023TCVN 7568-25:2023,8.3.38.3.38.3.3TCVN 7568-25:2023TCVN 7568-25:2023TCVN 7568-25:2023,"Mẫu được lấy ngẫu nhiên tại lô phương tiện, số lượng mẫu được lấy phụ thuộc vào số lượng phương tiện trong lô (n), cụ thể như sau:Mẫu được lấy ngẫu nhiên tại lô phương tiện, số lượng mẫu được lấy phụ thuộc vào số lượng phương tiện trong lô (n), cụ thể như sau:Mẫu được lấy ngẫu nhiên tại lô phương tiện, số lượng mẫu được lấy phụ thuộc vào số lượng phương tiện trong lô (n), cụ thể như sau:- Thử nghiệm lô lần đầu:- Thử nghiệm lô lần đầu:- Thử nghiệm lô lần đầu:+ Nếu n ≤ 1.000 thì lấy 10 mẫu;+ Nếu n ≤ 1.000 thì lấy 10 mẫu;+ Nếu n ≤ 1.000 thì lấy 10 mẫu;+ Nếu 1.000 < n ≤ 5.000 thì lấy 20 mẫu;+ Nếu 1.000 < n ≤ 5.000 thì lấy 20 mẫu;+ Nếu 1.000 < n ≤ 5.000 thì lấy 20 mẫu;+ Nếu 5.000 < n ≤ 10.000 thì lấy 30 mẫu;+ Nếu 5.000 < n ≤ 10.000 thì lấy 30 mẫu;+ Nếu 5.000 < n ≤ 10.000 thì lấy 30 mẫu;+ Nếu n > 10.000 thì lấy 40 mẫu.+ Nếu n > 10.000 thì lấy 40 mẫu.+ Nếu n > 10.000 thì lấy 40 mẫu.- Thử nghiệm lô lần kế tiếp:- Thử nghiệm lô lần kế tiếp:- Thử nghiệm lô lần kế tiếp:+ Nếu n ≤ 1.000 thì lấy 07 mẫu;+ Nếu n ≤ 1.000 thì lấy 07 mẫu;+ Nếu n ≤ 1.000 thì lấy 07 mẫu;+ Nếu 1.000 < n ≤ 5.000 thì lấy 14 mẫu;+ Nếu 1.000 < n ≤ 5.000 thì lấy 14 mẫu;+ Nếu 1.000 < n ≤ 5.000 thì lấy 14 mẫu;+ Nếu 5.000 < n ≤ 10.000 thì lấy 21 mẫu;+ Nếu 5.000 < n ≤ 10.000 thì lấy 21 mẫu;+ Nếu 5.000 < n ≤ 10.000 thì lấy 21 mẫu;+ Nếu n > 10.000 thì lấy 28 mẫu.+ Nếu n > 10.000 thì lấy 28 mẫu.+ Nếu n > 10.000 thì lấy 28 mẫu.",8531.80.108531.80.108531.80.10
2.4.12.2.4.12.2.4.12.,Đèn báo cháy (đèn chớp)Đèn báo cháy (đèn chớp)Đèn báo cháy (đèn chớp),20. Xuyên nhiễu giữa các hệ thống của cùng một nhà sản xuất (***)20. Xuyên nhiễu giữa các hệ thống của cùng một nhà sản xuất (***)20. Xuyên nhiễu giữa các hệ thống của cùng một nhà sản xuất (***),4.2.5.24.2.5.24.2.5.2TCVN 7568-25:2023TCVN 7568-25:2023TCVN 7568-25:2023,8.2.68.2.68.2.6TCVN 7568-25:2023TCVN 7568-25:2023TCVN 7568-25:2023,"Mẫu được lấy ngẫu nhiên tại lô phương tiện, số lượng mẫu được lấy phụ thuộc vào số lượng phương tiện trong lô (n), cụ thể như sau:Mẫu được lấy ngẫu nhiên tại lô phương tiện, số lượng mẫu được lấy phụ thuộc vào số lượng phương tiện trong lô (n), cụ thể như sau:Mẫu được lấy ngẫu nhiên tại lô phương tiện, số lượng mẫu được lấy phụ thuộc vào số lượng phương tiện trong lô (n), cụ thể như sau:- Thử nghiệm lô lần đầu:- Thử nghiệm lô lần đầu:- Thử nghiệm lô lần đầu:+ Nếu n ≤ 1.000 thì lấy 10 mẫu;+ Nếu n ≤ 1.000 thì lấy 10 mẫu;+ Nếu n ≤ 1.000 thì lấy 10 mẫu;+ Nếu 1.000 < n ≤ 5.000 thì lấy 20 mẫu;+ Nếu 1.000 < n ≤ 5.000 thì lấy 20 mẫu;+ Nếu 1.000 < n ≤ 5.000 thì lấy 20 mẫu;+ Nếu 5.000 < n ≤ 10.000 thì lấy 30 mẫu;+ Nếu 5.000 < n ≤ 10.000 thì lấy 30 mẫu;+ Nếu 5.000 < n ≤ 10.000 thì lấy 30 mẫu;+ Nếu n > 10.000 thì lấy 40 mẫu.+ Nếu n > 10.000 thì lấy 40 mẫu.+ Nếu n > 10.000 thì lấy 40 mẫu.- Thử nghiệm lô lần kế tiếp:- Thử nghiệm lô lần kế tiếp:- Thử nghiệm lô lần kế tiếp:+ Nếu n ≤ 1.000 thì lấy 07 mẫu;+ Nếu n ≤ 1.000 thì lấy 07 mẫu;+ Nếu n ≤ 1.000 thì lấy 07 mẫu;+ Nếu 1.000 < n ≤ 5.000 thì lấy 14 mẫu;+ Nếu 1.000 < n ≤ 5.000 thì lấy 14 mẫu;+ Nếu 1.000 < n ≤ 5.000 thì lấy 14 mẫu;+ Nếu 5.000 < n ≤ 10.000 thì lấy 21 mẫu;+ Nếu 5.000 < n ≤ 10.000 thì lấy 21 mẫu;+ Nếu 5.000 < n ≤ 10.000 thì lấy 21 mẫu;+ Nếu n > 10.000 thì lấy 28 mẫu.+ Nếu n > 10.000 thì lấy 28 mẫu.+ Nếu n > 10.000 thì lấy 28 mẫu.",8531.80.108531.80.108531.80.10
