"Nhiệt độ, ºC","Độ ẩm, %"
"Nhiệt độ, ºC",> 20; ≤ 24,> 24; ≤ 28,> 28; ≤ 32,> 32; ≤ 36,> 36; ≤ 40,> 40; ≤ 44,> 44; ≤ 48,> 48; ≤ 52,> 52; ≤ 56,> 56; ≤ 60,> 60; ≤ 64,> 64; ≤ 68,> 68; ≤ 72,> 72; ≤ 76,> 76; ≤ 80,> 80; ≤ 84,> 84; ≤ 88,> 88; ≤ 92,> 92; ≤ 96,> 96; ≤ 100,Tổng
Lai Châu
> 41; ≤ 43,"0,00","0,0"
> 39; ≤ 41,"0,00","0,0"
> 37; ≤ 39,"0,01","0,00","0,01","0,00","0,0"
> 35; ≤ 37,"0,09","0,06","0,10","0,29","0,43","0,26","0,08","0,09","0,00","1,4"
> 33; ≤ 35,"0,20","0,33","0,46","0,83","1,29","1,76","1,80","1,30","0,37","0,12","0,00","8,8"
> 31; ≤ 33,"0,31","0,41","0,64","0,55","0,83","1,40","2,58","4,17","5,47","5,48","2,76","0,77","0,01","0,02","0,00","25,4"
> 29; ≤ 31,"0,20","0,41","0,58","0,62","0,99","1,61","2,51","3,70","5,17","6,91","8,68","8,63","4,55","1,47","0,21","0,02","0,00","46,3"
> 27; ≤ 29,"0,10","0,17","0,24","0,51","1,93","1,38","1,89","2,81","3,84","5,33","6,41","9,29","11,18","11,01","7,85","2,88","0,74","0,09","0,01","0,00","67,7"
> 25; ≤ 27,"0,02","0,14","0,37","0,58","1,37","2,01","2,65","3,48","4,06","4,78","6,50","6,92","10,10","14,16","15,85","15,07","8,47","1,77","0,10","98,4"
> 23; ≤ 25,"0,01","0,09","0,13","0,29","0,82","1,92","2,36","3,22","4,67","4,37","5,77","5,68","7,17","8,32","11,28","20,39","41,66","56,50","7,80","182,5"
> 21; ≤ 23,"0,00","0,01","0,06","0,13","0,64","0,85","2,05","2,87","4,24","4,88","5,28","5,57","6,02","6,46","8,41","12,14","27,81","72,74","22,56","182,7"
> 19; ≤ 21,"0,02","0,03","0,12","0,09","0,13","0,35","0,64","1,01","1,53","3,10","4,19","5,48","5,35","6,39","6,84","7,63","10,16","20,10","31,22","5,58","110,0"
> 17; ≤ 19,"0,00","0,06","0,10","0,13","0,49","0,55","1,01","1,88","3,50","4,57","5,01","6,17","6,23","6,93","9,11","16,92","22,17","4,72","89,7"
> 15; ≤ 17,"0,00","0,01","0,08","0,06","0,10","0,32","0,54","1,02","2,41","3,68","3,07","3,64","4,57","7,05","8,74","15,82","22,49","5,70","79,3"
> 13; ≤ 15,"0,00","0,03","0,06","0,15","0,44","1,08","2,26","3,34","2,95","2,99","3,59","5,53","10,83","19,60","6,33","59,2"
> 11; ≤ 13,"0,00","0,01","0,07","0,29","0,77","1,90","1,51","1,85","2,41","3,60","5,35","10,51","4,49","32,8"
> 9; ≤ 11,"0,00","0,01","0,06","0,48","0,51","0,41","1,02","1,42","2,69","3,79","1,15","11,5"
> 7; ≤ 9,"0,00","0,02","0,05","0,09","0,13","0,06","0,26","0,99","1,34","0,39","3,3"
> 5; ≤ 7,"0,00","0,08","0,09","0,03","0,02","0,00","0,17","0,36","0,17","1,0"
> 3; ≤ 5,"0,00","0,01","0,00","0,01","0,08","0,00","0,1"
> 0; ≤ 3,"0,00","0,0"
0,"0,00","0,0"
Tổng,"1,0","1,5","2,3","3,2","6,3","9,3","14,9","21,6","28,6","37,6","43,6","53,2","53,1","57,1","60,0","67,1","87,2","150,9","242,6","59,0",1000
Điện Biên
> 41; ≤ 43,"0,00","0,0"
> 39; ≤ 41,"0,00","0,0"
> 37; ≤ 39,"0,00","0,0"
> 35; ≤ 37,"0,00","0,0"
> 33; ≤ 35,"0,01","0,00","0,13","0,07","0,06","0,17","0,39","0,31","0,00","1,1"
> 31; ≤ 33,"0,00","0,14","0,50","0,49","1,16","1,92","3,37","2,79","1,10","0,23","0,09","0,00","11,8"
> 29; ≤ 31,"0,00","0,07","0,39","0,81","1,32","2,02","2,64","4,62","8,53","9,29","6,83","2,44","0,67","0,21","0,03","0,01","0,00","39,9"
> 27; ≤ 29,"0,02","0,23","0,71","1,02","3,58","1,84","3,05","4,54","6,18","8,90","11,79","12,49","9,00","4,14","1,70","0,57","0,25","0,05","0,01","0,00","70,1"
> 25; ≤ 27,"0,01","0,02","0,37","0,73","1,31","1,97","2,35","3,63","4,73","6,09","6,45","7,78","11,27","13,62","11,83","7,44","4,65","2,44","0,45","0,05","87,2"
> 23; ≤ 25,"0,02","0,06","0,14","0,58","0,82","1,90","2,37","3,09","3,66","4,35","4,79","4,78","5,24","7,60","10,41","14,97","19,21","26,51","19,08","2,37","132,0"
> 21; ≤ 23,"0,08","0,00","0,07","0,22","0,43","0,84","1,41","2,51","2,27","3,38","4,07","4,13","4,52","5,33","6,35","7,22","11,99","36,56","77,71","30,89","200,0"
> 19; ≤ 21,"0,02","0,06","0,05","0,15","0,34","0,49","0,75","1,38","1,62","2,31","3,26","3,74","4,26","5,30","5,09","5,87","9,14","17,87","45,51","19,25","126,4"
> 17; ≤ 19,"0,01","0,07","0,02","0,10","0,23","0,43","0,52","0,65","0,96","1,32","2,27","3,00","3,34","4,36","5,31","5,43","6,66","16,43","34,76","10,47","96,4"
> 15; ≤ 17,"0,01","0,00","0,01","0,06","0,14","0,16","0,37","0,45","0,59","1,04","1,50","1,99","3,25","3,75","4,37","4,71","6,36","14,96","27,48","9,00","80,2"
> 13; ≤ 15,"0,00","0,06","0,17","0,15","0,30","0,58","0,73","1,05","1,75","3,60","4,22","3,45","3,73","8,94","27,39","11,32","67,5"
> 11; ≤ 13,"0,00","0,02","0,03","0,10","0,20","0,37","0,76","1,49","2,09","2,81","3,44","3,27","4,91","17,96","12,03","49,5"
> 9; ≤ 11,"0,00","0,01","0,21","0,23","0,53","0,69","0,83","0,90","1,61","2,86","8,76","7,69","24,3"
> 7; ≤ 9,"0,00","0,02","0,08","0,22","0,75","0,68","1,11","2,90","2,89","8,7"
> 5; ≤ 7,"0,00","0,05","0,01","0,00","0,05","0,09","0,34","1,16","1,76","3,5"
> 3; ≤ 5,"0,00","0,07","0,16","0,02","0,00","0,01","0,03","0,02","0,31","0,75","1,4"
> 0; ≤ 3,"0,00","0,01","0,08","0,1"
0,"0,00","0,0"
Tổng,"0,2","0,5","2,0","4,2","8,8","11,0","16,0","24,7","31,7","38,6","42,6","42,7","45,4","50,8","53,2","54,8","67,7","133,0","263,5","108,6",1000
Sơn La
> 41; ≤ 43,"0,00","0,0"
> 39; ≤ 41,"0,00","0,0"
> 37; ≤ 39,"0,00","0,0"
> 35; ≤ 37,"0,00","0,0"
> 33; ≤ 35,"0,10","0,07","0,15","0,10","0,08","0,01","0,00","0,5"
> 31; ≤ 33,"0,50","0,44","0,57","0,69","1,08","1,00","1,03","0,71","0,46","0,15","0,00","6,6"
> 29; ≤ 31,"0,72","0,78","0,80","0,95","1,25","1,51","2,34","3,97","5,03","4,64","2,42","0,63","0,05","0,00","25,1"
> 27; ≤ 29,"0,56","0,83","1,01","0,95","4,82","1,80","2,33","4,15","6,20","11,40","12,21","9,89","4,75","1,23","0,17","0,01","0,00","0,01","0,00","62,3"
> 25; ≤ 27,"0,22","0,49","1,07","1,10","0,96","1,48","2,04","3,35","4,48","7,18","9,91","13,72","15,29","11,00","6,97","2,90","0,61","0,08","0,00","82,8"
> 23; ≤ 25,"0,13","0,21","0,48","0,78","1,11","1,40","2,33","2,70","3,61","5,12","5,89","7,51","9,58","12,42","16,30","16,79","14,78","7,96","2,09","0,21","111,4"
> 21; ≤ 23,"0,07","0,14","0,21","0,40","0,78","1,22","2,01","2,87","3,43","3,98","4,83","5,48","5,92","7,40","9,27","13,36","22,11","35,48","43,48","12,21","174,6"
> 19; ≤ 21,"0,01","0,11","0,19","0,24","0,55","0,91","1,04","2,20","2,76","3,44","3,97","4,35","5,37","6,20","7,59","10,69","13,48","20,59","45,34","27,05","156,1"
> 17; ≤ 19,"0,02","0,07","0,14","0,25","0,42","0,56","0,63","1,07","1,81","2,44","3,27","3,54","3,69","5,93","6,74","8,48","13,34","16,73","19,37","7,49","96,0"
> 15; ≤ 17,"0,08","0,05","0,15","0,26","0,19","0,39","0,60","0,77","0,91","1,34","2,12","2,78","3,75","4,69","6,07","8,69","11,03","13,77","15,61","6,65","79,9"
> 13; ≤ 15,"0,00","0,01","0,02","0,24","0,30","0,36","0,67","0,49","0,67","0,94","1,33","1,93","2,55","3,92","5,62","7,49","10,15","12,93","13,21","6,19","69,0"
> 11; ≤ 13,"0,00","0,02","0,05","0,17","0,29","0,55","0,46","0,69","1,00","1,10","2,04","2,87","3,78","6,07","7,55","11,37","11,47","7,20","56,7"
> 9; ≤ 11,"0,00","0,01","0,14","0,25","0,34","0,38","0,46","1,19","1,75","1,93","2,50","3,18","4,23","5,77","9,26","6,94","38,4"
> 7; ≤ 9,"0,00","0,01","0,00","0,01","0,02","0,23","0,49","0,54","0,80","1,62","2,28","2,57","2,67","4,01","5,10","5,22","25,6"
> 5; ≤ 7,"0,00","0,01","0,00","0,03","0,21","0,18","0,44","0,62","0,78","1,16","1,53","2,53","2,52","10,0"
> 3; ≤ 5,"0,00","0,01","0,03","0,00","0,09","0,03","0,06","0,13","0,26","0,65","1,00","1,02","3,3"
> 0; ≤ 3,"0,00","0,03","0,00","0,02","0,01","0,07","0,39","0,76","1,4"
0,"0,00","0,05","0,02","0,05","0,00","0,3"
Tổng,"2,4","3,2","4,8","6,0","11,6","10,8","15,5","23,1","30,2","41,9","48,0","52,9","55,9","59,7","68,0","81,2","101,5","131,0","168,9","83,5",1000
Hòa Bình
> 41; ≤ 43,"0,00","0,0"
> 39; ≤ 41,"0,00","0,01","0,00","0,0"
> 37; ≤ 39,"0,00","0,02","0,29","0,55","0,34","0,20","0,00","1,4"
> 35; ≤ 37,"0,00","0,13","0,84","2,19","1,81","0,49","0,21","0,07","0,00","5,9"
> 33; ≤ 35,"0,08","0,09","0,04","0,05","0,01","0,30","0,91","3,43","4,38","4,08","1,88","0,48","0,01","0,00","15,8"
> 31; ≤ 33,"0,01","0,07","0,09","0,05","0,04","0,13","0,59","1,71","4,83","8,71","10,29","5,72","1,93","0,35","0,07","0,00","0,01","0,00","34,6"
> 29; ≤ 31,"0,00","0,01","0,11","0,26","0,32","0,74","1,59","3,31","5,72","9,48","13,66","12,93","6,76","2,67","0,70","0,19","0,05","0,00","58,5"
> 27; ≤ 29,"0,00","0,04","0,07","0,22","0,40","0,54","1,60","3,32","4,69","5,87","7,91","10,44","14,11","14,33","10,34","6,51","2,48","0,43","0,01","83,3"
> 25; ≤ 27,"0,02","0,00","0,04","0,08","0,07","0,32","0,55","0,97","1,86","3,09","4,00","5,10","6,79","8,94","12,52","17,14","20,98","26,82","15,77","1,65","126,7"
> 23; ≤ 25,"0,01","0,04","0,07","0,26","0,35","0,66","0,94","1,32","2,34","3,36","3,98","5,07","6,05","8,16","11,87","16,89","35,79","61,36","21,82","180,3"
> 21; ≤ 23,"0,01","0,04","0,07","0,13","0,29","0,59","0,81","1,23","1,47","2,41","3,03","3,53","4,11","5,53","6,10","7,73","11,28","21,50","34,80","13,49","118,1"
> 19; ≤ 21,"0,01","0,02","0,12","0,26","0,30","0,57","1,04","1,37","1,54","1,71","1,87","2,68","3,48","4,43","5,66","7,29","9,14","15,87","21,96","10,10","89,4"
> 17; ≤ 19,"0,00","0,07","0,20","0,32","0,50","0,46","0,60","0,95","1,25","1,81","1,64","2,29","3,14","4,04","5,13","5,70","7,42","12,47","18,07","8,57","74,6"
> 15; ≤ 17,"0,00","0,04","0,09","0,36","0,55","0,61","0,69","0,91","1,42","1,58","2,13","2,83","4,41","5,34","6,76","8,93","10,95","14,77","6,08","68,5"
> 13; ≤ 15,"0,00","0,09","0,21","0,33","0,70","1,09","1,65","1,59","1,97","2,19","2,80","4,19","5,68","7,69","10,32","12,22","6,41","59,1"
> 11; ≤ 13,"0,00","0,05","0,09","0,12","0,33","0,81","1,05","1,19","1,65","1,98","2,82","3,45","4,15","4,97","5,22","6,63","4,97","39,5"
> 9; ≤ 11,"0,00","0,05","0,11","0,44","0,53","0,94","1,37","2,11","2,32","3,35","3,44","5,14","5,02","4,60","29,4"
> 7; ≤ 9,"0,00","0,06","0,23","0,39","0,35","0,54","0,61","1,31","1,77","2,32","2,62","10,3"
> 5; ≤ 7,"0,00","0,06","0,01","0,06","0,14","0,19","0,30","0,61","1,59","1,05","4,0"
> 3; ≤ 5,"0,00","0,01","0,02","0,01","0,00","0,09","0,07","0,14","0,20","0,5"
> 0; ≤ 3,"0,00","0,0"
0,"0,00","0,0"
Tổng,"0,2","0,3","0,7","1,4","2,9","5,7","10,1","17,6","26,7","39,4","46,4","52,3","56,7","62,8","70,6","81,5","99,1","149,1","195,1","81,6",1000
Hà Giang
> 41; ≤ 43,"0,00","0,0"
> 39; ≤ 41,"0,00","0,0"
> 37; ≤ 39,"0,00","0,01","0,00","0,0"
> 35; ≤ 37,"0,00","0,04","0,08","0,06","0,29","0,09","0,04","0,00","0,6"
> 33; ≤ 35,"0,00","0,12","0,20","0,63","1,18","1,67","1,52","0,72","0,06","0,00","6,1"
> 31; ≤ 33,"0,00","0,04","0,06","0,11","0,25","0,40","1,04","2,14","4,62","7,70","8,52","4,79","0,78","0,07","0,00","30,5"
> 29; ≤ 31,"0,00","0,01","0,02","0,06","0,40","0,42","1,10","1,54","2,72","5,82","8,95","13,03","10,47","4,09","1,29","0,42","0,07","0,00","50,4"
> 27; ≤ 29,"0,00","0,05","0,01","0,13","0,47","0,61","0,96","1,80","2,45","4,28","6,22","7,62","11,42","13,72","11,40","6,86","2,91","1,06","0,09","0,00","72,1"
> 25; ≤ 27,"0,00","0,02","0,09","0,21","0,36","0,30","0,56","1,19","2,07","3,41","4,36","5,51","6,58","8,87","11,74","16,06","17,23","15,77","10,71","0,49","105,5"
> 23; ≤ 25,"0,00","0,07","0,11","0,14","0,34","0,94","1,33","1,86","2,35","3,44","4,22","5,47","6,60","7,54","10,22","15,51","26,86","65,46","20,39","172,9"
> 21; ≤ 23,"0,00","0,02","0,09","0,18","0,27","0,47","0,74","1,17","1,29","1,73","2,29","3,32","4,20","5,31","6,15","8,51","10,09","17,01","44,99","25,34","133,1"
> 19; ≤ 21,"0,00","0,05","0,11","0,13","0,23","0,47","0,61","0,92","1,32","1,61","2,10","2,71","3,87","4,21","5,80","6,94","10,15","13,03","26,62","11,90","92,8"
> 17; ≤ 19,"0,01","0,07","0,28","0,49","0,50","0,57","1,01","0,95","1,40","2,09","2,43","3,20","4,42","5,60","6,79","9,22","11,99","24,38","10,85","86,3"
> 15; ≤ 17,"0,00","0,02","0,14","0,46","0,51","0,83","1,06","1,12","2,07","2,20","2,69","3,61","4,96","6,99","9,69","12,94","22,57","10,78","82,6"
> 13; ≤ 15,"0,00","0,01","0,26","0,48","0,84","0,94","1,48","1,68","2,22","2,52","3,64","4,73","7,08","11,77","21,29","14,31","74,2"
> 11; ≤ 13,"0,00","0,14","0,22","0,37","0,44","0,81","0,89","1,45","1,26","2,03","2,51","3,94","5,17","7,07","10,19","8,25","44,8"
> 9; ≤ 11,"0,00","0,01","0,04","0,02","0,04","0,18","0,16","0,43","0,67","0,85","1,66","2,44","3,19","5,60","8,32","6,25","29,9"
> 7; ≤ 9,"0,00","0,06","0,04","0,05","0,04","0,12","0,27","0,36","0,55","1,10","2,16","4,24","4,77","13,7"
> 5; ≤ 7,"0,00","0,01","0,00","0,04","0,02","0,04","0,02","0,04","0,05","0,07","0,22","1,20","2,21","3,9"
> 3; ≤ 5,"0,00","0,02","0,51","0,5"
> 0; ≤ 3,"0,00","0,0"
0,"0,00","0,0"
Tổng,"0,0","0,3","0,5","1,3","3,0","4,6","8,7","14,4","21,5","32,9","43,4","49,5","53,0","56,6","62,7","74,5","91,5","125,5","240,1","116,0",1000
Lào Cai
> 41; ≤ 43,"0,00","0,0"
> 39; ≤ 41,"0,00","0,0"
> 37; ≤ 39,"0,06","0,07","0,06","0,10","0,14","0,09","0,04","0,00","0,6"
> 35; ≤ 37,"0,03","0,14","0,16","0,20","0,39","0,36","0,73","0,54","0,14","0,01","0,00","2,7"
> 33; ≤ 35,"0,00","0,01","0,03","0,17","0,41","0,57","1,30","3,12","3,69","1,74","0,36","0,01","0,03","0,00","11,5"
> 31; ≤ 33,"0,01","0,00","0,11","0,23","0,29","0,44","1,18","3,20","6,58","10,07","8,82","3,40","0,81","0,14","0,00","0,01","0,00","35,3"
> 29; ≤ 31,"0,00","0,04","0,10","0,31","0,29","0,64","1,04","2,33","4,05","6,88","11,30","14,12","11,93","5,76","1,75","0,30","0,03","0,00","60,9"
> 27; ≤ 29,"0,00","0,06","0,09","0,16","0,51","0,49","0,84","1,71","3,31","5,52","6,76","8,57","12,35","15,66","17,39","11,30","5,15","0,47","0,01","0,00","90,4"
> 25; ≤ 27,"0,00","0,04","0,10","0,26","0,39","1,36","2,52","3,81","4,54","6,25","7,63","9,76","15,22","22,47","28,05","24,02","7,36","0,09","134,2"
> 23; ≤ 25,"0,00","0,07","0,01","0,04","0,09","0,24","0,64","1,27","1,97","2,85","3,75","4,09","5,75","6,75","9,67","14,09","23,51","39,99","44,84","2,15","161,8"
> 21; ≤ 23,"0,01","0,03","0,06","0,13","0,34","1,00","1,30","2,21","3,27","3,88","5,06","5,52","8,13","10,41","17,19","25,05","30,63","2,72","117,1"
> 19; ≤ 21,"0,03","0,00","0,06","0,07","0,17","0,31","0,43","0,74","0,80","1,41","2,25","3,59","4,56","5,46","6,68","9,61","13,75","17,95","19,09","1,61","88,6"
> 17; ≤ 19,"0,04","0,07","0,04","0,16","0,21","0,29","0,44","0,50","0,76","1,17","1,75","2,64","4,31","5,09","6,15","9,90","13,87","16,96","16,99","1,55","82,9"
> 15; ≤ 17,"0,00","0,07","0,10","0,23","0,31","0,58","0,50","0,97","1,50","1,97","3,69","5,46","6,43","8,86","13,24","17,55","14,41","1,50","77,4"
> 13; ≤ 15,"0,00","0,04","0,07","0,14","0,57","0,66","1,06","1,43","2,70","3,45","4,22","6,18","10,73","14,82","14,91","1,64","62,6"
> 11; ≤ 13,"0,00","0,01","0,06","0,11","0,51","1,03","1,93","2,60","3,44","4,66","6,48","10,19","7,43","1,31","39,8"
> 9; ≤ 11,"0,00","0,04","0,03","0,07","0,29","0,83","1,73","2,58","4,92","7,38","5,28","1,14","24,4"
> 7; ≤ 9,"0,00","0,03","0,06","0,10","0,37","0,94","2,20","2,78","1,01","7,5"
> 5; ≤ 7,"0,00","0,01","0,00","0,01","0,04","0,19","0,43","0,96","0,56","2,2"
> 3; ≤ 5,"0,00","0,01","0,31","0,10","0,00","0,4"
> 0; ≤ 3,"0,00","0,0"
0,"0,00","0,0"
Tổng,"0,2","0,5","0,8","1,7","2,9","4,2","7,8","16,5","26,3","37,4","45,9","51,1","61,1","66,5","80,9","100,8","138,0","177,3","164,8","15,3",1000
Sa Pa
> 41; ≤ 43,"0,00","0,0"
> 39; ≤ 41,"0,00","0,0"
> 37; ≤ 39,"0,00","0,0"
> 35; ≤ 37,"0,00","0,0"
> 33; ≤ 35,"0,00","0,0"
> 31; ≤ 33,"0,00","0,0"
> 29; ≤ 31,"0,00","0,0"
> 27; ≤ 29,"0,00","0,01","0,00","0,0"
> 25; ≤ 27,"0,00","0,05","0,07","0,13","0,25","0,18","0,08","0,15","0,14","0,27","0,05","0,04","0,00","1,4"
> 23; ≤ 25,"0,07","0,00","0,19","0,77","0,89","0,76","0,98","0,74","0,91","1,54","1,68","1,19","0,95","0,51","0,21","0,11","0,10","0,01","0,00","11,6"
> 21; ≤ 23,"0,21","0,20","0,33","0,98","1,42","1,62","1,31","1,43","1,72","2,10","3,55","5,71","5,85","4,03","3,64","2,68","1,76","0,94","0,31","0,05","39,8"
> 19; ≤ 21,"0,15","0,24","0,46","0,87","1,55","1,95","2,31","2,49","2,42","2,44","3,42","5,53","9,63","11,69","12,42","11,62","10,11","7,14","4,51","1,66","92,6"
> 17; ≤ 19,"0,06","0,25","0,54","0,83","1,53","1,97","2,19","2,77","2,61","2,71","3,17","3,54","5,29","8,45","13,86","16,39","20,83","22,24","26,55","19,53","155,3"
> 15; ≤ 17,"0,04","0,06","0,25","0,35","1,03","1,44","1,66","2,42","2,63","3,03","3,41","3,34","3,75","4,29","5,80","8,18","12,73","19,57","44,03","67,41","185,4"
> 13; ≤ 15,"0,01","0,05","0,10","0,20","0,81","1,70","1,95","2,40","2,96","2,62","2,88","3,46","3,95","5,04","5,18","6,60","9,62","24,00","50,92","124,5"
> 11; ≤ 13,"0,01","0,00","0,04","0,08","0,10","0,14","0,56","1,17","1,57","2,13","2,60","3,09","3,16","3,53","3,54","4,25","5,34","6,02","15,72","42,93","96,0"
> 9; ≤ 11,"0,00","0,01","0,04","0,10","0,17","0,30","0,48","0,89","1,20","1,50","1,86","1,98","2,10","2,41","3,00","4,40","4,93","12,06","44,18","81,6"
> 7; ≤ 9,"0,01","0,02","0,04","0,01","0,07","0,19","0,14","0,29","0,63","0,74","0,79","1,16","1,48","1,92","1,98","2,40","3,40","8,31","44,66","68,2"
> 5; ≤ 7,"0,02","0,01","0,04","0,00","0,12","0,06","0,08","0,14","0,39","0,37","0,68","0,66","0,82","0,99","1,28","1,66","5,80","42,76","55,9"
> 3; ≤ 5,"0,00","0,01","0,11","0,20","0,32","0,38","0,56","0,63","0,48","0,91","1,26","3,69","30,75","39,3"
> 0; ≤ 3,"0,00","0,01","0,08","0,13","0,23","0,33","0,44","0,24","0,60","1,06","2,13","23,72","29,0"
0,"0,00","0,01","0,05","0,06","0,21","0,10","0,14","0,35","0,45","1,66","16,20","19,2"
Tổng,"0,6","0,9","2,0","4,2","7,1","9,1","11,4","13,8","15,7","19,3","23,4","28,8","36,6","41,8","50,8","55,2","67,4","78,3","148,8","384,8",1000
Yên Bái
> 41; ≤ 43,"0,00","0,0"
> 39; ≤ 41,"0,00","0,0"
> 37; ≤ 39,"0,00","0,05","0,00","0,01","0,00","0,1"
> 35; ≤ 37,"0,00","0,01","0,10","0,29","0,24","0,27","0,03","0,00","0,9"
> 33; ≤ 35,"0,00","0,03","0,06","0,08","0,14","0,64","1,24","1,38","1,31","0,51","0,08","0,01","0,00","5,5"
> 31; ≤ 33,"0,00","0,03","0,04","0,06","0,09","0,47","1,83","4,02","6,91","6,81","2,82","0,59","0,10","0,00","0,01","0,00","23,8"
> 29; ≤ 31,"0,00","0,08","0,14","0,17","0,55","0,91","1,28","3,33","6,27","11,90","13,54","8,41","4,07","1,68","0,74","0,20","0,05","0,00","53,3"
> 27; ≤ 29,"0,03","0,00","0,01","0,03","0,12","0,09","0,59","0,63","1,43","2,62","4,16","6,14","9,37","12,65","12,72","9,99","7,60","5,39","2,25","0,08","75,9"
> 25; ≤ 27,"0,00","0,01","0,08","0,09","0,05","0,26","0,54","0,90","1,50","3,01","3,93","5,14","7,47","10,88","14,52","19,12","23,49","29,83","3,95","124,8"
> 23; ≤ 25,"0,03","0,10","0,05","0,14","0,24","0,56","0,91","1,36","2,23","2,62","2,66","4,58","6,33","8,87","14,56","28,60","74,19","22,48","170,6"
> 21; ≤ 23,"0,01","0,03","0,01","0,04","0,08","0,32","0,45","0,81","1,29","1,63","2,03","2,23","2,78","3,08","4,76","6,36","9,71","16,67","52,48","23,68","128,4"
> 19; ≤ 21,"0,01","0,04","0,03","0,09","0,38","0,42","0,81","1,00","1,55","1,54","2,15","2,48","3,16","4,63","6,13","8,71","13,21","32,54","14,42","93,4"
> 17; ≤ 19,"0,00","0,09","0,13","0,36","0,35","0,38","0,51","0,86","0,91","1,31","1,51","1,84","1,96","2,61","3,66","4,72","6,40","10,36","29,23","15,91","83,1"
> 15; ≤ 17,"0,00","0,06","0,14","0,35","0,55","0,31","0,59","0,72","0,96","1,13","1,73","2,01","2,93","3,35","4,93","6,94","9,58","18,13","16,78","71,2"
> 13; ≤ 15,"0,00","0,01","0,12","0,23","0,29","0,59","0,67","0,87","1,33","1,75","2,30","2,89","4,17","6,07","9,37","19,05","19,27","69,0"
> 11; ≤ 13,"0,00","0,01","0,22","0,12","0,22","0,55","0,90","0,95","1,11","1,57","2,10","2,74","4,52","5,43","13,79","11,22","45,4"
> 9; ≤ 11,"0,00","0,04","0,03","0,05","0,23","0,32","0,77","1,38","1,22","1,83","2,55","4,86","10,04","10,08","33,4"
> 7; ≤ 9,"0,00","0,01","0,04","0,18","0,44","0,68","0,91","1,98","5,12","6,54","15,9"
> 5; ≤ 7,"0,00","0,01","0,00","0,01","0,06","0,12","0,36","0,91","3,26","4,7"
> 3; ≤ 5,"0,00","0,01","0,08","0,18","0,03","0,29","0,6"
> 0; ≤ 3,"0,00","0,0"
0,"0,00","0,0"
Tổng,"0,1","0,2","0,3","1,0","1,4","2,5","4,4","7,5","12,6","20,9","32,1","42,5","46,5","50,9","57,2","66,7","88,0","129,7","287,6","148,0",1000
Tuyên Quang
> 41; ≤ 43,"0,00","0,0"
> 39; ≤ 41,"0,00","0,0"
> 37; ≤ 39,"0,00","0,04","0,11","0,04","0,00","0,2"
> 35; ≤ 37,"0,00","0,02","0,01","0,02","0,11","0,14","0,55","0,32","0,17","0,02","0,00","1,4"
> 33; ≤ 35,"0,00","0,02","0,08","0,14","0,55","1,49","2,71","2,27","0,79","0,06","0,02","0,00","8,1"
> 31; ≤ 33,"0,00","0,02","0,01","0,07","0,22","0,28","1,20","4,02","8,08","11,48","5,64","1,21","0,16","0,04","0,01","0,00","32,5"
> 29; ≤ 31,"0,00","0,05","0,25","0,52","0,94","1,60","2,68","5,30","10,46","15,55","13,80","7,50","2,65","0,52","0,02","0,00","61,8"
> 27; ≤ 29,"0,00","0,02","0,04","0,17","0,40","0,20","0,67","1,38","2,34","4,42","5,51","8,04","12,55","17,57","18,35","13,67","5,57","1,43","0,13","0,01","92,5"
> 25; ≤ 27,"0,00","0,01","0,05","0,08","0,30","0,20","0,38","1,03","1,42","2,80","4,55","5,24","7,44","9,86","16,08","23,19","28,27","24,11","10,36","0,34","135,7"
> 23; ≤ 25,"0,00","0,04","0,12","0,17","0,32","0,40","0,83","0,78","1,62","2,30","3,14","3,32","5,34","7,14","9,94","15,69","21,93","33,27","51,00","5,20","162,5"
> 21; ≤ 23,"0,00","0,05","0,06","0,41","0,47","0,73","1,43","1,49","2,09","2,68","3,17","4,46","5,62","7,70","10,22","14,10","20,47","31,21","5,14","111,5"
> 19; ≤ 21,"0,05","0,02","0,14","0,12","0,49","0,55","0,96","1,08","1,72","1,75","2,42","3,31","4,44","4,92","6,60","9,14","10,33","13,75","21,90","3,77","87,5"
> 17; ≤ 19,"0,01","0,10","0,35","0,36","0,52","0,53","0,72","1,27","1,43","1,62","2,22","3,17","3,47","3,80","5,76","7,19","8,52","11,90","21,54","5,33","79,8"
> 15; ≤ 17,"0,00","0,12","0,14","0,55","0,48","0,72","0,82","1,37","1,66","2,00","3,50","4,12","5,29","6,04","6,96","7,46","10,62","14,46","7,44","73,8"
> 13; ≤ 15,"0,00","0,11","0,31","0,54","0,66","0,97","1,88","2,69","3,11","3,48","3,25","4,25","5,95","7,18","9,91","13,54","8,23","66,1"
> 11; ≤ 13,"0,00","0,11","0,17","0,20","0,44","0,74","1,10","1,64","2,08","2,62","3,56","3,36","3,65","4,97","4,94","7,74","4,31","41,6"
> 9; ≤ 11,"0,00","0,01","0,04","0,01","0,12","0,20","0,40","0,80","1,43","1,58","2,17","2,71","3,53","3,43","4,09","5,93","2,57","29,0"
> 7; ≤ 9,"0,00","0,05","0,04","0,07","0,25","0,43","0,61","0,95","1,43","2,74","3,79","1,80","12,2"
> 5; ≤ 7,"0,00","0,02","0,06","0,07","0,19","0,66","1,74","0,78","3,5"
> 3; ≤ 5,"0,00","0,02","0,08","0,05","0,14","0,01","0,3"
> 0; ≤ 3,"0,00","0,0"
0,"0,00","0,0"
Tổng,"0,1","0,2","0,9","1,2","3,8","4,5","8,1","13,6","22,9","35,7","50,4","57,7","64,8","71,3","84,1","100,8","113,5","137,9","183,5","44,9",1000
Bắc Cạn
> 41; ≤ 43,"0,00","0,0"
> 39; ≤ 41,"0,00","0,0"
> 37; ≤ 39,"0,00","0,01","0,00","0,02","0,00","0,0"
> 35; ≤ 37,"0,00","0,05","0,02","0,23","0,09","0,00","0,02","0,00","0,5"
> 33; ≤ 35,"0,00","0,01","0,05","0,02","0,22","0,49","1,21","1,42","1,03","0,44","0,18","0,01","0,00","5,1"
> 31; ≤ 33,"0,02","0,01","0,00","0,04","0,15","0,34","0,63","1,58","4,48","7,48","7,55","3,78","1,02","0,15","0,02","0,01","0,00","27,3"
> 29; ≤ 31,"0,00","0,02","0,04","0,20","0,42","0,84","1,44","2,05","2,76","6,34","11,03","11,95","9,45","3,57","1,47","0,51","0,19","0,01","0,00","52,3"
> 27; ≤ 29,"0,00","0,07","0,20","0,51","0,85","1,14","2,89","2,70","4,48","5,62","7,78","11,54","12,43","10,07","6,26","3,68","1,44","0,26","0,00","71,9"
> 25; ≤ 27,"0,00","0,07","0,26","0,27","0,68","0,94","1,80","2,56","3,75","4,59","4,86","5,84","7,50","10,45","13,53","15,19","17,26","12,84","0,53","102,9"
> 23; ≤ 25,"0,01","0,09","0,39","0,50","0,85","0,99","1,31","2,06","2,66","3,42","3,96","4,31","5,38","6,73","9,23","14,28","23,72","69,22","16,82","166,0"
> 21; ≤ 23,"0,01","0,09","0,13","0,20","0,68","0,57","1,04","1,46","1,58","2,29","3,38","4,05","4,35","4,76","5,91","7,07","8,88","15,91","51,72","26,71","140,8"
> 19; ≤ 21,"0,08","0,11","0,13","0,50","0,53","0,80","0,95","1,22","1,42","1,50","2,42","3,64","3,80","4,46","5,34","6,27","7,37","11,72","29,81","12,32","94,4"
> 17; ≤ 19,"0,14","0,19","0,57","0,35","0,76","0,69","0,85","1,23","1,53","1,97","2,01","2,43","4,17","4,46","4,61","5,02","6,34","9,45","21,79","13,61","82,2"
> 15; ≤ 17,"0,01","0,09","0,14","0,60","0,48","0,46","0,74","1,09","1,43","1,88","3,10","2,94","4,39","4,14","4,95","4,53","5,70","7,76","17,10","12,90","74,4"
> 13; ≤ 15,"0,00","0,04","0,08","0,23","0,30","0,56","1,09","1,57","2,39","2,65","3,58","3,96","4,53","4,80","5,38","5,27","6,91","13,79","9,34","66,5"
> 11; ≤ 13,"0,00","0,05","0,20","0,49","1,08","1,33","1,72","2,87","2,83","2,81","3,12","3,36","3,24","3,25","4,94","9,49","7,44","48,2"
> 9; ≤ 11,"0,00","0,09","0,21","0,75","1,02","1,79","2,04","2,87","2,91","3,18","2,49","2,80","2,95","5,40","3,90","32,4"
> 7; ≤ 9,"0,00","0,01","0,13","0,39","0,53","0,95","1,69","1,51","2,14","1,87","2,31","2,47","3,77","3,86","21,6"
> 5; ≤ 7,"0,00","0,02","0,01","0,11","0,13","0,22","0,35","0,53","0,67","0,90","2,40","2,45","8,1"
> 3; ≤ 5,"0,00","0,01","0,02","0,01","0,05","0,06","0,21","1,22","2,59","4,2"
> 0; ≤ 3,"0,00","0,02","0,01","0,02","0,18","0,81","1,0"
0,"0,00","0,09","0,1"
Tổng,"0,3","0,6","1,3","2,9","4,6","7,1","10,5","18,2","25,7","38,9","51,5","55,1","60,4","59,3","63,4","66,0","76,0","105,7","239,0","113,4",1000
Thái Nguyên
> 41; ≤ 43,"0,00","0,0"
> 39; ≤ 41,"0,00","0,0"
> 37; ≤ 39,"0,00","0,15","0,06","0,00","0,2"
> 35; ≤ 37,"0,00","0,02","0,00","0,05","0,20","0,41","0,15","0,12","0,01","0,00","1,0"
> 33; ≤ 35,"0,00","0,07","0,19","0,72","1,45","1,75","1,82","0,65","0,06","0,00","6,7"
> 31; ≤ 33,"0,00","0,18","0,25","0,52","1,36","3,60","6,70","8,16","4,85","1,79","0,25","0,02","0,00","27,7"
> 29; ≤ 31,"0,00","0,04","0,07","0,48","1,00","1,89","2,55","4,47","9,19","13,89","13,83","8,15","3,50","1,04","0,14","0,01","0,00","60,7"
> 27; ≤ 29,"0,02","0,01","0,07","0,14","0,51","0,65","0,99","1,66","2,82","3,87","4,63","6,54","11,46","14,85","16,97","14,12","9,82","3,54","0,28","0,00","93,0"
> 25; ≤ 27,"0,00","0,07","0,13","0,18","0,52","0,27","0,77","0,92","1,77","2,82","4,16","4,67","6,52","8,06","13,08","19,66","29,32","33,78","13,08","0,22","140,0"
> 23; ≤ 25,"0,02","0,08","0,06","0,25","0,57","0,74","1,14","1,82","2,35","3,01","3,98","5,42","6,01","8,16","11,02","21,26","40,80","48,65","4,45","160,5"
> 21; ≤ 23,"0,00","0,01","0,07","0,24","0,44","0,90","1,10","1,16","1,72","2,47","2,71","2,88","4,40","5,34","6,73","8,35","13,32","22,36","35,23","7,61","117,0"
> 19; ≤ 21,"0,08","0,02","0,12","0,25","0,54","0,91","1,14","1,40","1,78","1,95","2,63","3,50","4,06","4,86","5,92","7,07","9,84","14,18","23,79","5,52","89,6"
> 17; ≤ 19,"0,20","0,18","0,34","0,59","1,04","1,44","1,96","1,70","2,35","2,15","3,26","3,88","4,32","5,12","5,78","7,92","11,59","17,19","6,70","78,0"
> 15; ≤ 17,"0,05","0,19","0,24","0,35","0,61","0,81","0,97","1,47","2,35","2,23","3,63","3,75","4,37","5,46","5,18","5,57","6,18","8,22","12,26","5,63","69,5"
> 13; ≤ 15,"0,00","0,09","0,12","0,25","0,64","1,06","1,23","2,21","3,37","2,69","3,55","4,21","4,87","5,49","6,06","6,04","7,69","10,27","4,78","64,6"
> 11; ≤ 13,"0,00","0,05","0,15","0,37","0,60","1,40","1,91","2,28","2,70","2,78","2,87","3,48","3,74","3,91","4,38","4,21","5,88","3,28","44,0"
> 9; ≤ 11,"0,00","0,11","0,07","0,40","0,63","1,22","1,52","2,23","2,61","3,58","3,29","2,38","2,31","3,50","2,87","1,45","28,2"
> 7; ≤ 9,"0,00","0,13","0,38","0,44","0,55","0,87","1,33","1,55","1,77","1,91","1,90","2,69","0,64","14,2"
> 5; ≤ 7,"0,00","0,01","0,07","0,06","0,07","0,13","0,12","0,35","0,61","1,05","1,56","0,28","4,4"
> 3; ≤ 5,"0,00","0,01","0,05","0,02","0,08","0,17","0,24","0,14","0,7"
> 0; ≤ 3,"0,00","0,0"
0,"0,00","0,0"
Tổng,"0,4","0,6","1,2","2,0","5,1","7,6","11,5","17,6","26,9","38,3","48,3","56,6","66,4","70,7","78,9","87,1","113,1","153,0","174,0","40,7",1000
Việt Trì
> 41; ≤ 43,"0,00","0,0"
> 39; ≤ 41,"0,00","0,0"
> 37; ≤ 39,"0,00","0,07","0,05","0,20","0,09","0,01","0,00","0,4"
> 35; ≤ 37,"0,00","0,01","0,02","0,12","0,42","0,64","0,76","0,39","0,14","0,04","0,00","0,01","0,00","2,6"
> 33; ≤ 35,"0,00","0,07","0,13","0,60","1,50","2,62","3,32","2,17","0,62","0,08","0,04","0,01","0,00","11,2"
> 31; ≤ 33,"0,00","0,01","0,05","0,07","0,41","0,78","2,40","5,62","9,05","8,54","4,89","1,47","0,33","0,11","0,01","0,00","33,8"
> 29; ≤ 31,"0,00","0,01","0,14","0,08","0,23","0,74","1,58","1,57","2,89","6,05","10,37","14,21","12,86","7,10","3,50","1,29","0,29","0,08","0,01","0,02","63,0"
> 27; ≤ 29,"0,04","0,15","0,53","0,47","0,78","1,66","2,63","4,39","5,98","7,67","11,67","15,61","17,15","13,20","8,53","3,86","0,89","0,11","95,4"
> 25; ≤ 27,"0,00","0,16","0,29","0,30","0,50","0,94","1,33","3,18","4,20","5,31","6,95","9,48","15,61","23,63","29,89","26,49","12,22","3,46","144,1"
> 23; ≤ 25,"0,00","0,01","0,09","0,19","0,46","0,62","0,59","0,95","1,40","2,09","2,81","3,92","4,67","7,02","10,15","15,79","24,26","39,62","28,35","13,19","156,2"
> 21; ≤ 23,"0,00","0,05","0,18","0,06","0,29","0,41","0,78","1,21","1,49","2,67","3,05","3,86","4,40","5,23","7,70","12,04","16,42","24,27","18,85","8,22","111,2"
> 19; ≤ 21,"0,07","0,06","0,13","0,22","0,27","0,81","1,11","1,30","1,80","1,73","2,53","3,42","4,21","5,62","7,51","9,71","11,75","16,17","14,70","6,43","89,6"
> 17; ≤ 19,"0,18","0,11","0,19","0,42","0,36","0,67","0,85","1,23","1,53","2,39","2,46","2,68","3,05","3,91","6,04","8,46","11,43","14,38","12,15","6,47","79,0"
> 15; ≤ 17,"0,00","0,07","0,14","0,40","0,64","0,96","0,98","1,33","1,83","2,14","3,09","3,48","4,62","6,48","7,76","9,53","11,76","10,38","4,39","70,1"
> 13; ≤ 15,"0,00","0,01","0,02","0,05","0,12","0,25","0,74","0,88","1,36","1,63","1,71","1,92","2,93","3,91","4,97","7,26","8,31","9,42","9,66","5,55","60,7"
> 11; ≤ 13,"0,00","0,04","0,07","0,21","0,77","0,73","1,45","1,24","1,92","2,21","3,15","3,73","4,75","4,97","5,62","5,84","3,64","40,4"
> 9; ≤ 11,"0,00","0,01","0,04","0,02","0,08","0,21","0,56","0,89","1,17","1,44","1,85","2,69","3,44","4,05","3,66","4,42","3,93","28,5"
> 7; ≤ 9,"0,00","0,02","0,01","0,02","0,04","0,06","0,13","0,27","0,68","0,59","1,12","1,30","1,97","3,05","2,66","11,9"
> 5; ≤ 7,"0,00","0,05","0,06","0,19","0,12","0,22","0,34","0,35","0,61","1,9"
> 3; ≤ 5,"0,00","0,02","0,08","0,06","0,00","0,06","0,2"
> 0; ≤ 3,"0,00","0,0"
0,"0,00","0,0"
Tổng,"0,3","0,4","1,1","1,8","3,7","6,9","11,3","17,0","25,8","39,3","46,6","54,3","59,7","68,6","86,4","108,6","131,1","157,7","120,9","58,7",1000
Tam Đảo
> 41; ≤ 43,"0,00","0,0"
> 39; ≤ 41,"0,00","0,0"
> 37; ≤ 39,"0,00","0,0"
> 35; ≤ 37,"0,00","0,0"
> 33; ≤ 35,"0,00","0,0"
> 31; ≤ 33,"0,00","0,01","0,00","0,0"
> 29; ≤ 31,"0,00","0,01","0,00","0,05","0,12","0,18","0,08","0,00","0,01","0,00","0,5"
> 27; ≤ 29,"0,00","0,01","0,05","0,08","0,13","0,17","0,32","0,76","0,74","0,61","0,23","0,03","0,06","0,00","3,2"
> 25; ≤ 27,"0,00","0,03","0,01","0,13","0,19","0,27","0,28","0,52","1,58","2,91","3,09","3,13","2,27","1,30","0,92","0,32","0,04","0,00","17,0"
> 23; ≤ 25,"0,00","0,01","0,10","0,17","0,30","0,53","0,98","1,91","3,24","5,99","8,14","10,53","11,47","10,05","7,09","2,89","0,62","64,6"
> 21; ≤ 23,"0,00","0,04","0,23","0,28","0,40","0,66","0,54","1,15","1,73","2,71","5,09","8,82","14,66","18,24","22,64","23,92","22,77","15,15","139,0"
> 19; ≤ 21,"0,00","0,03","0,16","0,32","0,68","0,79","1,16","1,86","2,48","4,04","6,20","9,87","14,20","20,28","29,40","39,95","68,16","199,9"
> 17; ≤ 19,"0,00","0,04","0,13","0,18","0,53","0,66","1,02","1,19","1,96","2,49","3,73","4,87","6,96","9,26","10,64","13,56","19,49","60,33","137,1"
> 15; ≤ 17,"0,00","0,04","0,06","0,17","0,40","0,54","0,75","1,42","1,73","1,78","3,06","3,26","5,15","5,39","6,60","7,94","11,65","54,50","104,4"
> 13; ≤ 15,"0,00","0,04","0,19","0,44","0,58","0,78","1,20","1,72","2,44","2,11","3,19","3,98","3,95","4,66","5,99","8,16","51,03","90,5"
> 11; ≤ 13,"0,00","0,01","0,10","0,25","0,34","0,37","0,59","1,33","1,96","1,91","2,29","2,88","3,20","3,88","3,50","4,59","7,35","39,43","74,0"
> 9; ≤ 11,"0,00","0,01","0,19","0,28","0,37","0,50","0,97","1,42","1,61","2,18","2,60","2,85","3,50","3,53","3,71","3,85","4,09","29,09","60,8"
> 7; ≤ 9,"0,00","0,03","0,16","0,30","0,35","0,43","0,85","1,19","1,91","1,98","2,35","2,71","2,79","2,12","2,85","2,73","3,98","17,50","44,2"
> 5; ≤ 7,"0,00","0,01","0,05","0,13","0,37","0,44","0,68","0,85","1,49","1,80","1,74","1,60","1,82","1,63","1,86","1,99","2,62","12,43","33,3"
> 3; ≤ 5,"0,00","0,01","0,10","0,17","0,21","0,44","0,43","1,03","1,55","1,37","1,25","1,28","1,20","1,29","1,61","1,86","8,86","22,7"
> 0; ≤ 3,"0,00","0,09","0,08","0,17","0,22","0,32","0,34","0,54","0,53","0,52","0,49","0,62","1,23","2,43","7,6"
0,"0,00","0,05","0,06","0,05","0,01","0,06","0,13","0,80","1,2"
Tổng,"0,0","0,1","0,3","1,4","2,9","4,5","6,6","8,9","14,4","21,8","28,4","38,1","49,5","66,7","76,7","89,5","103,7","126,2","360,3",1000
Vĩnh Yên
> 41; ≤ 43,"0,00","0,0"
> 39; ≤ 41,"0,00","0,04","0,00","0,0"
> 37; ≤ 39,"0,00","0,24","0,27","0,17","0,01","0,00","0,7"
> 35; ≤ 37,"0,00","0,06","0,32","1,18","0,93","0,72","0,12","0,00","3,3"
> 33; ≤ 35,"0,00","0,01","0,04","0,35","2,09","4,85","4,59","1,88","0,35","0,03","0,00","14,2"
> 31; ≤ 33,"0,00","0,01","0,08","0,15","0,20","0,55","1,22","2,94","8,15","11,34","9,18","3,26","0,88","0,14","0,00","38,1"
> 29; ≤ 31,"0,00","0,01","0,08","0,20","0,47","0,79","1,40","2,59","4,57","7,78","13,50","15,65","11,49","5,82","1,77","0,36","0,01","0,00","66,5"
> 27; ≤ 29,"0,00","0,13","0,24","0,28","0,52","0,97","2,38","3,17","5,00","6,54","10,55","14,99","19,38","17,38","12,71","5,08","0,20","0,00","99,5"
> 25; ≤ 27,"0,00","0,03","0,12","0,28","0,70","0,73","1,51","2,74","3,78","5,16","6,21","8,64","12,75","21,40","33,82","37,78","12,65","0,12","148,4"
> 23; ≤ 25,"0,00","0,05","0,13","0,19","0,73","1,20","1,37","2,50","3,08","4,35","5,07","6,46","9,51","13,22","20,34","39,18","39,91","3,12","150,5"
> 21; ≤ 23,"0,00","0,01","0,15","0,49","0,61","1,06","1,47","2,50","3,58","4,08","4,27","5,93","7,72","9,89","13,21","21,87","21,66","3,62","102,1"
> 19; ≤ 21,"0,00","0,05","0,06","0,19","0,58","0,95","1,09","1,83","2,33","2,25","3,60","4,24","4,90","7,15","9,38","11,80","17,45","17,23","2,70","87,8"
> 17; ≤ 19,"0,00","0,06","0,23","0,33","0,19","0,58","1,05","0,79","1,37","2,10","2,51","3,23","4,26","4,74","5,62","7,64","9,54","13,76","14,17","4,11","76,3"
> 15; ≤ 17,"0,00","0,01","0,05","0,08","0,24","0,35","1,11","1,08","1,31","2,06","2,42","3,43","4,79","4,91","6,41","7,15","9,19","11,31","11,65","4,16","71,7"
> 13; ≤ 15,"0,00","0,01","0,13","0,22","0,38","1,00","1,08","2,23","2,50","3,10","4,19","5,04","6,17","7,79","8,58","11,25","3,70","60,5"
> 11; ≤ 13,"0,00","0,12","0,04","0,23","0,59","0,97","1,48","1,65","2,29","2,62","3,84","4,01","5,06","4,20","4,51","5,30","2,28","39,2"
> 9; ≤ 11,"0,00","0,03","0,08","0,15","0,50","0,56","0,92","1,68","1,78","2,53","3,20","2,84","3,87","4,79","2,25","28,4"
> 7; ≤ 9,"0,00","0,10","0,20","0,29","0,74","0,51","0,67","1,13","1,60","1,46","2,53","1,29","10,6"
> 5; ≤ 7,"0,00","0,04","0,12","0,18","0,13","0,23","0,37","0,60","0,29","2,0"
> 3; ≤ 5,"0,00","0,01","0,03","0,04","0,01","0,00","0,2"
> 0; ≤ 3,"0,00","0,0"
0,"0,00","0,0"
Tổng,"0,0","0,1","0,4","0,9","2,3","4,3","9,4","14,3","25,0","39,2","48,9","60,8","66,6","74,1","87,6","103,5","127,6","165,3","141,9","27,6",1000
Cao Bằng
> 41; ≤ 43,"0,00","0,0"
> 39; ≤ 41,"0,00","0,0"
> 37; ≤ 39,"0,00","0,02","0,03","0,02","0,03","0,00","0,1"
> 35; ≤ 37,"0,01","0,05","0,07","0,14","0,37","0,20","0,16","0,03","0,00","1,0"
> 33; ≤ 35,"0,02","0,01","0,10","0,20","0,53","0,67","1,28","1,43","1,16","0,69","0,07","0,00","6,2"
> 31; ≤ 33,"0,03","0,09","0,02","0,17","0,40","0,51","1,01","1,97","3,88","6,49","6,11","3,30","0,90","0,16","0,00","25,0"
> 29; ≤ 31,"0,05","0,06","0,12","0,20","0,43","0,71","1,23","2,35","3,01","5,50","8,59","10,68","6,85","3,69","0,93","0,17","0,02","0,00","44,6"
> 27; ≤ 29,"0,05","0,10","0,07","0,24","0,75","0,76","1,64","2,04","3,43","3,30","5,00","7,43","9,79","11,17","7,72","4,39","1,61","0,25","0,01","0,00","59,7"
> 25; ≤ 27,"0,05","0,06","0,22","0,16","0,29","0,54","0,79","2,02","2,39","3,58","3,80","5,37","5,64","7,51","10,93","13,57","14,31","9,66","3,47","0,33","84,7"
> 23; ≤ 25,"0,03","0,07","0,13","0,40","0,32","0,66","0,91","1,25","1,99","2,09","3,11","3,69","4,91","5,29","6,69","10,41","17,18","26,24","38,66","13,70","137,7"
> 21; ≤ 23,"0,01","0,07","0,09","0,35","0,49","0,77","0,87","1,33","1,61","1,97","2,10","3,17","4,12","4,20","6,07","7,46","11,24","17,71","47,96","43,17","154,8"
> 19; ≤ 21,"0,02","0,06","0,18","0,41","0,53","0,67","0,86","1,08","1,41","1,48","1,92","2,69","3,15","3,68","4,84","6,70","9,73","14,72","25,42","16,69","96,3"
> 17; ≤ 19,"0,09","0,14","0,21","0,26","0,59","0,67","0,77","1,33","1,44","1,38","1,59","1,99","2,98","3,16","4,39","4,92","7,48","12,20","20,65","13,49","79,7"
> 15; ≤ 17,"0,07","0,08","0,25","0,39","0,52","0,56","0,77","0,94","1,27","1,61","1,92","2,30","2,63","2,66","3,86","5,36","6,68","9,89","18,57","12,19","72,5"
> 13; ≤ 15,"0,02","0,00","0,02","0,10","0,37","0,60","0,84","0,83","1,14","1,64","2,00","2,25","2,68","2,96","4,17","4,69","6,79","10,29","18,29","10,68","70,4"
> 11; ≤ 13,"0,00","0,02","0,18","0,40","0,72","0,85","1,00","1,23","1,62","1,93","1,71","2,24","3,51","4,77","6,34","9,19","15,09","10,51","61,4"
> 9; ≤ 11,"0,00","0,13","0,17","0,26","0,66","0,95","1,27","1,69","1,86","1,69","1,79","2,28","2,54","4,01","5,50","11,71","9,34","45,9"
> 7; ≤ 9,"0,00","0,06","0,20","0,12","0,24","0,60","0,74","1,04","1,36","1,47","2,53","2,94","3,11","4,04","7,68","5,88","32,0"
> 5; ≤ 7,"0,00","0,01","0,03","0,01","0,09","0,21","0,13","0,21","0,61","0,74","1,27","2,22","2,30","5,92","4,74","18,6"
> 3; ≤ 5,"0,00","0,02","0,07","0,01","0,03","0,05","0,00","0,01","0,02","0,10","0,37","1,10","2,53","2,45","6,8"
> 0; ≤ 3,"0,00","0,01","0,00","0,01","0,07","0,41","1,96","2,5"
0,"0,00","0,03","0,17","0,2"
Tổng,"0,5","0,8","1,4","2,9","5,3","8,0","11,8","18,2","25,4","33,4","41,1","48,0","48,6","50,6","58,7","69,3","91,1","123,2","216,4","145,3",1000
Lạng Sơn
> 41; ≤ 43,"0,00","0,0"
> 39; ≤ 41,"0,00","0,0"
> 37; ≤ 39,"0,00","0,0"
> 35; ≤ 37,"0,00","0,07","0,10","0,06","0,00","0,2"
> 33; ≤ 35,"0,00","0,01","0,02","0,26","0,29","0,55","0,47","0,19","0,00","1,8"
> 31; ≤ 33,"0,00","0,02","0,01","0,00","0,19","0,57","1,45","3,72","4,61","3,19","0,60","0,13","0,03","0,00","14,6"
> 29; ≤ 31,"0,00","0,03","0,15","0,06","0,23","0,38","0,40","1,13","2,76","6,17","10,94","8,91","4,73","1,29","0,23","0,06","0,00","37,5"
> 27; ≤ 29,"0,02","0,08","0,05","0,09","0,58","0,55","1,07","1,38","2,34","3,48","5,33","9,18","12,00","10,97","6,10","2,99","0,62","0,21","0,01","0,00","57,1"
> 25; ≤ 27,"0,00","0,03","0,02","0,09","0,24","0,43","0,68","2,02","2,91","3,22","4,10","4,69","5,42","9,40","13,12","15,78","13,26","7,31","1,55","0,06","84,3"
> 23; ≤ 25,"0,00","0,06","0,27","0,30","0,46","0,60","1,10","1,89","2,35","3,43","4,54","4,95","5,28","7,00","11,93","20,15","34,69","38,88","6,30","144,2"
> 21; ≤ 23,"0,08","0,06","0,17","0,13","0,51","0,80","0,81","1,14","1,89","2,21","2,77","2,89","3,70","4,78","6,26","8,29","13,37","24,46","60,77","32,07","167,2"
> 19; ≤ 21,"0,03","0,10","0,11","0,41","0,47","0,67","0,83","1,27","1,49","1,77","1,94","2,62","3,14","3,95","4,75","7,52","11,59","17,88","26,68","10,69","97,9"
> 17; ≤ 19,"0,02","0,10","0,23","0,46","0,67","0,95","1,11","1,19","1,33","1,81","1,79","2,59","3,47","4,30","5,82","8,12","14,41","21,12","8,64","78,6"
> 15; ≤ 17,"0,06","0,24","0,25","0,47","0,87","0,80","1,14","1,11","1,65","1,57","1,47","2,08","2,91","4,37","5,19","6,89","11,28","16,32","9,07","68,0"
> 13; ≤ 15,"0,09","0,24","0,27","0,43","0,58","0,57","0,79","0,76","1,25","1,92","1,81","1,86","1,95","3,13","3,92","4,67","5,48","7,86","12,51","6,57","56,7"
> 11; ≤ 13,"0,00","0,02","0,13","0,32","0,43","0,74","0,70","0,94","0,98","1,33","2,17","2,30","3,14","3,27","3,91","4,60","5,84","8,60","12,08","7,28","58,8"
> 9; ≤ 11,"0,00","0,01","0,05","0,24","0,79","0,71","1,16","1,32","1,49","1,60","2,33","2,56","2,68","3,10","3,78","5,26","7,32","12,55","8,50","55,4"
> 7; ≤ 9,"0,00","0,01","0,14","0,26","0,46","0,73","1,12","1,62","1,69","2,20","1,52","2,11","2,19","2,06","3,49","4,93","6,29","4,85","35,7"
> 5; ≤ 7,"0,00","0,01","0,17","0,22","0,18","0,63","0,98","1,00","1,36","1,35","1,36","1,35","1,49","2,45","3,64","5,27","3,68","25,1"
> 3; ≤ 5,"0,00","0,01","0,00","0,05","0,10","0,21","0,26","0,71","0,51","0,71","1,22","2,19","3,78","1,86","11,6"
> 0; ≤ 3,"0,00","0,14","0,23","0,13","0,22","0,18","0,59","1,98","0,84","4,3"
0,"0,00","0,07","0,44","0,58","1,1"
Tổng,"0,3","1,0","1,5","2,7","4,8","7,9","9,9","16,1","25,1","34,4","43,5","47,0","49,6","55,6","61,2","75,1","97,9","145,4","220,2","101,0",1000
Bắc Giang
> 41; ≤ 43,"0,00","0,0"
> 39; ≤ 41,"0,00","0,0"
> 37; ≤ 39,"0,00","0,02","0,09","0,00","0,1"
> 35; ≤ 37,"0,00","0,01","0,08","0,19","0,35","0,26","0,18","0,03","0,00","1,1"
> 33; ≤ 35,"0,00","0,01","0,02","0,23","0,95","2,06","2,32","1,29","0,43","0,13","0,01","0,00","7,4"
> 31; ≤ 33,"0,00","0,02","0,15","0,29","0,74","2,06","4,85","8,01","7,53","4,62","1,20","0,19","0,05","0,01","0,00","29,9"
> 29; ≤ 31,"0,00","0,09","0,07","0,22","0,42","0,59","1,37","2,05","3,16","5,54","10,66","15,47","11,05","5,97","1,97","0,39","0,10","0,02","0,01","59,2"
> 27; ≤ 29,"0,00","0,02","0,10","0,09","0,40","0,34","0,39","1,32","2,43","3,50","3,92","5,19","8,20","13,56","17,58","16,99","11,78","5,26","0,88","0,32","92,3"
> 25; ≤ 27,"0,03","0,09","0,13","0,17","0,48","0,56","0,91","1,32","2,38","3,46","4,51","5,59","7,88","10,96","18,72","30,49","37,31","18,09","2,11","145,2"
> 23; ≤ 25,"0,03","0,00","0,11","0,31","0,36","0,57","0,72","1,03","1,47","1,77","2,29","3,46","4,93","6,14","7,80","11,79","20,79","42,17","47,80","9,33","162,9"
> 21; ≤ 23,"0,00","0,01","0,06","0,26","0,46","0,90","1,04","0,98","1,40","2,09","2,58","3,19","3,82","5,20","6,56","8,86","14,88","26,45","29,67","8,74","117,1"
> 19; ≤ 21,"0,05","0,03","0,06","0,36","0,56","0,58","1,24","1,51","1,44","1,75","2,14","3,22","3,63","4,30","5,28","7,66","10,15","16,49","20,63","6,41","87,5"
> 17; ≤ 19,"0,17","0,11","0,27","0,34","0,58","0,66","0,95","1,07","1,57","2,25","2,10","2,61","3,36","4,64","5,14","6,35","9,02","12,39","14,33","7,66","75,6"
> 15; ≤ 17,"0,11","0,14","0,32","0,42","0,71","0,66","0,91","0,79","1,44","2,49","2,99","3,51","3,60","4,92","5,49","6,88","7,00","8,19","10,40","5,90","66,9"
> 13; ≤ 15,"0,00","0,03","0,16","0,49","0,72","0,79","1,00","1,55","1,88","2,52","3,24","4,23","5,28","6,03","6,62","7,92","9,03","4,70","62,8"
> 11; ≤ 13,"0,00","0,07","0,21","0,59","0,68","1,40","1,69","2,63","3,24","2,68","2,94","3,05","3,50","3,98","4,00","4,66","5,53","3,52","44,4"
> 9; ≤ 11,"0,00","0,09","0,02","0,30","0,38","0,78","1,59","1,72","2,29","2,61","2,89","2,62","3,26","2,42","2,33","2,54","1,52","27,4"
> 7; ≤ 9,"0,00","0,01","0,08","0,13","0,52","0,48","0,84","1,31","1,56","1,88","1,65","1,38","1,39","2,10","1,35","14,7"
> 5; ≤ 7,"0,00","0,15","0,06","0,13","0,25","0,27","0,43","0,64","0,92","0,90","0,36","4,1"
> 3; ≤ 5,"0,00","0,02","0,07","0,06","0,07","0,08","0,07","0,29","0,52","0,24","1,4"
> 0; ≤ 3,"0,00","0,02","0,03","0,00","0,1"
0,"0,00","0,0"
Tổng,"0,4","1,1","2,3","4,6","6,3","9,0","13,8","21,6","33,2","42,4","53,4","64,6","72,0","79,3","95,3","119,6","165,9","162,5","52,2",1000
Uông Bí
> 41; ≤ 43,"0,00","0,0"
> 39; ≤ 41,"0,00","0,0"
> 37; ≤ 39,"0,00","0,0"
> 35; ≤ 37,"0,00","0,02","0,06","0,09","0,03","0,00","0,01","0,00","0,2"
> 33; ≤ 35,"0,00","0,01","0,06","0,26","0,64","0,44","0,48","0,33","0,17","0,07","0,00","0,01","0,00","2,5"
> 31; ≤ 33,"0,00","0,11","0,13","0,27","0,48","1,44","2,34","3,39","3,56","2,76","1,54","0,23","0,05","0,00","16,3"
> 29; ≤ 31,"0,01","0,02","0,16","0,23","0,49","0,89","1,15","1,68","2,30","4,19","7,89","13,29","14,08","8,40","2,66","0,52","0,09","0,00","58,1"
> 27; ≤ 29,"0,02","0,15","0,13","0,55","0,70","0,83","1,59","2,20","3,32","3,75","5,02","8,63","14,73","19,99","21,48","16,51","6,93","0,99","0,24","107,8"
> 25; ≤ 27,"0,01","0,09","0,16","0,22","0,34","0,52","0,50","1,12","1,74","2,60","3,32","4,65","5,61","7,46","11,61","18,47","32,14","40,98","21,44","2,21","155,2"
> 23; ≤ 25,"0,00","0,02","0,06","0,43","0,55","0,68","0,84","1,15","1,52","2,17","3,34","4,05","4,98","6,34","8,62","13,44","25,50","44,53","43,38","8,72","170,3"
> 21; ≤ 23,"0,00","0,03","0,23","0,48","0,54","0,97","1,29","1,17","1,57","2,03","3,33","3,27","3,96","4,86","6,81","9,85","16,47","27,05","24,88","7,57","116,4"
> 19; ≤ 21,"0,08","0,05","0,09","0,30","0,66","1,04","1,45","1,41","1,65","2,41","2,70","3,60","4,29","4,47","5,69","7,87","11,57","19,32","17,85","6,36","92,9"
> 17; ≤ 19,"0,24","0,15","0,30","0,57","0,80","1,08","0,97","1,30","1,64","1,87","2,25","3,33","3,49","4,20","4,82","6,55","9,99","13,97","15,00","4,86","77,4"
> 15; ≤ 17,"0,09","0,16","0,32","0,39","0,62","1,24","1,23","1,41","1,44","2,37","3,03","3,49","3,24","4,15","5,38","6,43","8,24","9,45","12,60","5,33","70,6"
> 13; ≤ 15,"0,00","0,10","0,16","0,63","0,91","1,20","1,52","1,62","1,94","2,75","3,35","3,12","3,24","4,34","5,26","6,00","7,51","8,51","4,07","56,3"
> 11; ≤ 13,"0,00","0,06","0,10","0,09","0,38","0,65","1,20","1,80","1,40","1,97","2,24","3,02","2,55","2,69","3,08","3,57","3,73","3,67","3,95","2,53","38,7"
> 9; ≤ 11,"0,00","0,02","0,30","0,42","0,50","0,91","1,40","1,84","1,77","1,71","1,94","2,13","2,10","2,63","2,33","2,35","1,98","24,4"
> 7; ≤ 9,"0,00","0,07","0,10","0,09","0,21","0,29","0,50","0,59","0,52","0,84","0,62","0,60","1,05","1,01","1,23","0,73","8,5"
> 5; ≤ 7,"0,00","0,08","0,01","0,06","0,09","0,02","0,25","0,19","0,05","0,14","0,22","0,26","0,65","0,56","0,75","0,65","4,0"
> 3; ≤ 5,"0,00","0,01","0,15","0,03","0,05","0,00","0,10","0,19","0,01","0,06","0,6"
> 0; ≤ 3,"0,00","0,0"
0,"0,00","0,0"
Tổng,"0,5","0,7","1,5","2,9","5,5","9,0","11,6","15,4","19,6","27,5","37,3","48,0","58,3","70,7","82,0","98,6","135,1","177,6","152,9","45,3",1000
Cửa Ông
> 41; ≤ 43,"0,00","0,0"
> 39; ≤ 41,"0,00","0,0"
> 37; ≤ 39,"0,00","0,0"
> 35; ≤ 37,"0,00","0,0"
> 33; ≤ 35,"0,00","0,03","0,00","0,08","0,22","0,34","0,37","0,11","0,01","0,00","1,2"
> 31; ≤ 33,"0,00","0,02","0,07","0,48","0,99","2,02","3,71","4,99","2,64","0,62","0,02","0,00","15,6"
> 29; ≤ 31,"0,00","0,05","0,10","0,15","0,66","0,97","1,52","2,31","5,49","12,23","13,49","8,98","2,95","0,37","0,02","0,00","49,3"
> 27; ≤ 29,"0,00","0,02","0,09","0,32","0,54","1,01","1,52","2,08","2,72","4,52","7,14","11,45","17,03","17,48","13,39","5,99","0,71","0,03","86,0"
> 25; ≤ 27,"0,00","0,02","0,06","0,09","0,32","0,41","0,51","1,01","1,73","2,86","4,48","5,75","7,24","10,08","19,57","33,06","37,40","22,28","1,82","148,7"
> 23; ≤ 25,"0,00","0,03","0,06","0,24","0,63","0,67","1,10","1,95","2,47","2,90","4,55","6,43","7,79","11,29","16,92","31,56","58,91","14,25","161,8"
> 21; ≤ 23,"0,00","0,05","0,16","0,45","0,69","0,89","1,11","1,57","2,27","3,26","3,84","4,71","6,76","9,23","14,79","17,71","35,72","17,36","120,6"
> 19; ≤ 21,"0,00","0,02","0,22","0,37","0,81","1,31","1,28","1,68","2,06","3,04","4,20","3,76","5,25","6,12","9,13","12,59","20,38","15,01","87,2"
> 17; ≤ 19,"0,05","0,01","0,06","0,21","0,43","0,54","0,81","1,23","1,60","1,73","1,96","2,41","3,20","4,19","5,75","6,11","7,23","8,90","13,21","20,72","80,3"
> 15; ≤ 17,"0,02","0,15","0,18","0,19","0,48","0,69","1,05","0,97","1,19","1,52","1,96","2,75","3,60","3,70","4,72","5,21","7,70","8,89","13,35","18,43","76,8"
> 13; ≤ 15,"0,01","0,02","0,10","0,09","0,32","0,40","0,65","1,30","1,59","1,84","2,41","2,75","4,00","4,25","5,15","5,99","7,16","7,69","9,65","16,93","72,3"
> 11; ≤ 13,"0,00","0,01","0,02","0,08","0,23","0,46","1,23","1,84","2,06","2,43","2,83","3,03","3,31","3,71","3,72","4,46","4,51","5,36","9,60","48,9"
> 9; ≤ 11,"0,00","0,01","0,03","0,13","0,50","1,12","0,99","1,87","2,34","2,94","3,37","2,99","1,91","2,80","2,79","2,35","4,83","31,0"
> 7; ≤ 9,"0,00","0,03","0,10","0,34","0,40","0,46","1,38","1,53","1,31","1,43","1,46","1,49","1,61","1,55","3,29","16,4"
> 5; ≤ 7,"0,00","0,01","0,06","0,08","0,25","0,30","0,25","0,24","0,41","0,34","0,56","3,0"
> 3; ≤ 5,"0,00","0,14","0,06","0,01","0,00","0,02","0,06","0,10","0,06","0,09","0,26","0,19","1,0"
> 0; ≤ 3,"0,00","0,02","0,01","0,03","0,00","0,1"
0,"0,00","0,0"
Tổng,"0,1","0,2","0,4","0,7","2,0","3,7","6,4","10,5","15,2","20,5","28,3","42,3","61,4","70,2","80,6","91,4","119,0","140,2","184,1","123,0",1000
Phủ Liễn
> 41; ≤ 43,"0,00","0,0"
> 39; ≤ 41,"0,00","0,0"
> 37; ≤ 39,"0,00","0,01","0,00","0,0"
> 35; ≤ 37,"0,00","0,02","0,13","0,09","0,01","0,05","0,00","0,4"
> 33; ≤ 35,"0,00","0,10","0,21","0,57","0,67","0,57","0,30","0,09","0,03","0,01","0,00","2,6"
> 31; ≤ 33,"0,00","0,14","0,07","0,00","0,32","1,14","2,17","3,27","3,21","2,36","0,71","0,06","0,01","0,00","13,5"
> 29; ≤ 31,"0,00","0,01","0,13","0,35","0,45","0,89","1,84","4,08","8,11","11,29","10,02","4,17","0,65","0,07","0,01","0,00","42,1"
> 27; ≤ 29,"0,00","0,02","0,05","0,41","0,29","0,89","0,90","1,93","3,00","5,08","9,98","16,63","20,73","14,92","8,13","3,17","0,47","86,6"
> 25; ≤ 27,"0,00","0,01","0,16","0,13","0,29","0,56","0,91","1,44","2,35","4,26","6,46","9,23","15,98","26,69","36,55","39,04","10,61","154,7"
> 23; ≤ 25,"0,00","0,01","0,00","0,10","0,11","0,31","0,63","0,82","1,37","1,99","3,35","5,03","7,30","11,03","15,08","23,88","45,50","42,70","159,2"
> 21; ≤ 23,"0,00","0,01","0,02","0,11","0,18","0,23","0,93","1,21","1,87","2,11","2,83","4,82","6,06","8,31","11,67","15,68","29,29","45,68","131,0"
> 19; ≤ 21,"0,00","0,06","0,03","0,16","0,29","0,34","0,56","1,07","1,78","2,41","2,99","3,76","5,56","6,99","7,89","11,63","19,52","34,88","99,9"
> 17; ≤ 19,"0,00","0,06","0,07","0,05","0,15","0,23","0,37","0,55","0,71","0,99","1,28","1,95","2,36","3,78","5,42","5,69","7,59","9,72","13,89","29,11","84,0"
> 15; ≤ 17,"0,00","0,07","0,05","0,10","0,25","0,51","0,45","1,12","0,95","1,19","1,59","2,50","4,02","4,45","5,07","6,48","8,68","12,46","25,44","75,4"
> 13; ≤ 15,"0,00","0,02","0,05","0,09","0,22","0,40","0,70","0,87","1,79","1,80","2,57","4,19","5,26","6,04","5,96","7,13","7,98","20,07","65,1"
> 11; ≤ 13,"0,00","0,03","0,05","0,06","0,30","0,46","0,77","1,64","1,96","3,08","3,88","4,18","3,55","3,61","4,44","4,45","10,99","43,5"
> 9; ≤ 11,"0,00","0,02","0,03","0,08","0,19","0,46","0,85","1,27","1,72","2,47","2,73","3,16","3,07","2,18","2,43","6,53","27,2"
> 7; ≤ 9,"0,00","0,01","0,02","0,14","0,37","0,58","0,87","1,37","1,24","1,03","1,16","1,26","3,73","11,9"
> 5; ≤ 7,"0,00","0,01","0,05","0,06","0,03","0,11","0,15","0,13","0,29","0,91","1,9"
> 3; ≤ 5,"0,00","0,06","0,27","0,03","0,08","0,01","0,03","0,59","1,1"
> 0; ≤ 3,"0,00","0,02","0,01","0,00","0,0"
0,"0,00","0,0"
Tổng,"0,0","0,1","0,2","0,4","1,4","2,7","3,9","8,2","11,8","19,9","28,5","42,8","63,0","79,3","92,2","104,9","129,4","179,3","231,7",1000
Ba Vì
> 41; ≤ 43,"0,00","0,0"
> 39; ≤ 41,"0,00","0,0"
> 37; ≤ 39,"0,00","0,05","0,13","0,20","0,09","0,03","0,01","0,00","0,5"
> 35; ≤ 37,"0,00","0,03","0,18","0,78","0,51","0,23","0,11","0,01","0,00","0,01","0,00","2,7"
> 33; ≤ 35,"0,00","0,01","0,13","0,25","0,86","1,35","1,99","2,12","1,68","0,60","0,07","0,01","0,00","9,1"
> 31; ≤ 33,"0,00","0,01","0,08","0,38","1,24","1,94","3,76","6,93","7,74","4,61","1,32","0,23","0,01","0,00","0,01","0,00","28,3"
> 29; ≤ 31,"0,00","0,01","0,08","0,24","0,48","1,15","2,05","3,13","4,37","8,10","13,05","11,84","6,78","2,68","0,66","0,08","0,00","54,7"
> 27; ≤ 29,"0,02","0,01","0,00","0,05","0,17","0,11","0,68","0,64","1,59","2,37","3,63","5,16","7,82","10,99","14,39","14,29","10,45","5,03","1,66","0,06","79,1"
> 25; ≤ 27,"0,01","0,00","0,03","0,06","0,11","0,34","0,41","0,47","0,74","1,95","2,29","3,21","5,74","7,39","9,36","14,46","20,23","25,41","26,69","6,46","125,4"
> 23; ≤ 25,"0,03","0,01","0,02","0,07","0,23","0,40","0,63","0,59","0,89","1,35","1,95","2,47","3,92","4,19","6,46","10,19","13,64","26,76","61,98","39,76","175,5"
> 21; ≤ 23,"0,02","0,01","0,05","0,08","0,18","0,31","0,59","0,86","1,30","1,79","1,82","2,50","3,31","3,96","5,57","7,91","11,24","18,00","36,05","29,37","124,9"
> 19; ≤ 21,"0,06","0,03","0,10","0,16","0,13","0,40","0,71","1,21","1,05","1,58","1,54","1,82","3,21","3,67","4,46","6,65","8,48","13,98","26,60","15,86","91,7"
> 17; ≤ 19,"0,16","0,13","0,21","0,29","0,30","0,48","0,62","1,08","0,95","1,10","1,71","1,91","2,18","2,91","3,85","5,50","7,60","10,38","20,10","16,26","77,7"
> 15; ≤ 17,"0,02","0,05","0,09","0,40","0,37","0,28","0,82","0,79","1,06","1,05","1,40","1,74","2,56","3,29","4,14","5,17","6,45","7,99","15,48","15,10","68,3"
> 13; ≤ 15,"0,00","0,01","0,10","0,17","0,44","0,52","0,57","1,20","1,18","1,69","2,56","2,70","3,67","4,90","6,88","8,23","13,64","17,61","66,1"
> 11; ≤ 13,"0,00","0,06","0,05","0,16","0,30","0,40","1,01","1,30","1,22","1,95","2,29","2,74","3,42","4,25","5,09","7,70","11,60","43,6"
> 9; ≤ 11,"0,00","0,05","0,03","0,14","0,24","0,64","0,72","1,03","1,32","2,04","2,96","3,05","3,27","5,80","9,18","30,5"
> 7; ≤ 9,"0,00","0,03","0,01","0,03","0,28","0,41","0,52","0,75","0,94","1,26","1,70","2,90","6,83","15,7"
> 5; ≤ 7,"0,00","0,01","0,02","0,11","0,23","0,20","0,38","1,39","2,64","5,0"
> 3; ≤ 5,"0,00","0,01","0,02","0,25","1,00","1,3"
> 0; ≤ 3,"0,00","0,06","0,1"
0,"0,00","0,0"
Tổng,"0,3","0,2","0,6","1,3","2,3","4,0","7,6","10,8","14,9","22,8","30,5","39,2","52,5","56,4","64,5","79,3","94,4","126,3","220,3","171,8",1000
Sơn Tây
> 41; ≤ 43,"0,00","0,0"
> 39; ≤ 41,"0,00","0,02","0,00","0,0"
> 37; ≤ 39,"0,00","0,04","0,13","0,12","0,23","0,05","0,00","0,6"
> 35; ≤ 37,"0,00","0,01","0,08","0,13","0,67","0,81","0,47","0,40","0,06","0,01","0,00","2,6"
> 33; ≤ 35,"0,00","0,02","0,16","0,74","1,71","2,55","3,08","1,64","0,37","0,05","0,00","10,3"
> 31; ≤ 33,"0,00","0,07","0,14","0,39","1,04","2,31","5,42","9,42","9,02","3,85","0,95","0,18","0,01","0,00","32,8"
> 29; ≤ 31,"0,00","0,05","0,16","0,40","0,74","1,46","2,09","3,25","5,50","10,65","13,61","11,75","6,99","2,16","0,43","0,04","0,00","59,3"
> 27; ≤ 29,"0,00","0,01","0,00","0,09","0,16","0,23","0,44","1,13","1,56","3,33","3,93","5,41","8,13","11,63","16,06","15,99","11,74","5,65","1,18","0,00","86,7"
> 25; ≤ 27,"0,00","0,01","0,08","0,16","0,36","0,33","0,55","0,94","1,80","2,89","3,52","5,69","7,84","11,01","17,09","27,39","35,70","24,24","2,16","141,8"
> 23; ≤ 25,"0,01","0,04","0,01","0,18","0,27","0,43","0,61","0,84","0,92","1,50","2,45","3,15","3,59","4,88","8,25","11,12","18,19","36,65","61,42","10,88","165,4"
> 21; ≤ 23,"0,00","0,04","0,07","0,21","0,50","0,75","1,05","1,23","1,99","2,54","2,62","3,29","4,19","5,64","9,07","12,44","21,32","39,54","8,69","115,2"
> 19; ≤ 21,"0,04","0,02","0,18","0,21","0,55","0,70","1,02","1,39","1,66","1,83","2,23","3,79","4,81","5,43","8,25","9,21","15,95","25,32","5,56","88,2"
> 17; ≤ 19,"0,16","0,05","0,22","0,36","0,34","0,54","0,60","0,90","1,23","1,87","2,11","2,22","2,67","3,79","5,34","7,01","8,51","13,02","19,86","7,41","78,2"
> 15; ≤ 17,"0,01","0,06","0,05","0,27","0,36","0,60","0,64","0,91","1,03","1,40","1,67","2,15","3,93","4,61","6,31","7,55","7,94","10,82","15,49","6,74","72,6"
> 13; ≤ 15,"0,00","0,01","0,14","0,43","0,75","0,96","1,29","1,78","2,34","3,30","3,17","4,08","6,70","7,63","9,10","14,02","6,96","62,8"
> 11; ≤ 13,"0,00","0,02","0,12","0,04","0,07","0,37","0,87","1,24","1,46","2,04","2,41","2,90","3,93","4,33","5,24","5,82","6,33","4,56","41,7"
> 9; ≤ 11,"0,00","0,04","0,02","0,05","0,27","0,43","0,60","0,99","1,61","2,15","2,93","3,51","3,30","4,36","4,93","2,68","27,9"
> 7; ≤ 9,"0,00","0,01","0,02","0,07","0,09","0,23","0,42","0,51","0,74","0,84","1,13","2,31","3,23","1,74","11,4"
> 5; ≤ 7,"0,00","0,02","0,05","0,25","0,32","0,49","0,78","0,48","2,4"
> 3; ≤ 5,"0,00","0,01","0,00","0,06","0,07","0,00","0,2"
> 0; ≤ 3,"0,00","0,0"
0,"0,00","0,0"
Tổng,"0,2","0,4","1,6","2,5","5,0","7,3","12,3","17,8","28,4","37,9","47,0","56,4","63,2","76,9","93,9","113,5","161,3","216,4","57,9",1000
Láng
> 41; ≤ 43,"0,00","0,0"
> 39; ≤ 41,"0,00","0,0"
> 37; ≤ 39,"0,00","0,02","0,04","0,19","0,21","0,02","0,00","0,5"
> 35; ≤ 37,"0,00","0,02","0,13","1,06","1,25","0,48","0,04","0,00","3,0"
> 33; ≤ 35,"0,00","0,38","2,30","4,26","3,17","1,16","0,25","0,02","0,04","0,00","11,6"
> 31; ≤ 33,"0,00","0,02","0,13","0,17","0,32","0,74","2,66","7,85","9,85","8,57","3,25","1,10","0,55","0,10","0,00","35,3"
> 29; ≤ 31,"0,00","0,19","0,32","0,49","0,95","1,88","3,61","7,15","12,83","14,12","12,07","6,60","2,51","0,99","0,36","0,02","0,00","64,4"
> 27; ≤ 29,"0,00","0,02","0,23","0,61","1,01","2,36","3,06","4,03","5,99","8,48","13,84","17,77","18,17","15,70","8,90","3,36","0,36","0,00","104,5"
> 25; ≤ 27,"0,00","0,10","0,59","0,46","0,86","1,73","2,09","4,05","4,73","5,59","8,46","12,26","14,60","26,33","33,25","29,58","5,76","0,23","150,7"
> 23; ≤ 25,"0,00","0,25","0,48","0,93","0,99","1,27","2,13","2,49","4,51","5,57","6,37","8,84","10,30","16,06","24,43","42,37","25,13","1,25","153,4"
> 21; ≤ 23,"0,00","0,11","0,17","0,55","1,22","1,08","1,39","1,52","2,64","3,84","4,60","5,51","6,50","7,81","9,90","15,51","24,71","21,92","2,55","111,5"
> 19; ≤ 21,"0,00","0,04","0,17","0,53","0,97","1,46","1,84","1,65","2,13","2,95","3,31","4,30","5,11","6,46","8,40","9,64","15,00","17,68","3,08","84,7"
> 17; ≤ 19,"0,02","0,04","0,15","0,27","0,84","0,51","0,91","1,27","2,47","2,40","2,60","3,44","3,88","4,47","5,32","7,58","8,04","10,38","13,40","2,78","70,8"
> 15; ≤ 17,"0,00","0,02","0,15","0,36","0,67","1,41","0,89","1,10","2,03","3,12","2,85","4,30","4,22","4,47","5,06","7,01","8,16","7,98","10,25","4,54","68,6"
> 13; ≤ 15,"0,00","0,13","0,42","1,24","2,36","1,81","2,21","2,64","3,33","2,72","3,12","3,69","5,09","5,55","5,06","5,09","6,94","3,33","54,7"
> 11; ≤ 13,"0,00","0,19","0,86","1,41","2,45","2,41","3,27","3,80","3,00","3,25","3,02","3,55","2,38","3,12","4,16","2,47","42,4"
> 9; ≤ 11,"0,00","0,02","0,13","0,57","0,40","1,14","2,05","2,45","2,62","3,10","2,83","3,31","2,85","2,40","2,91","1,63","31,3"
> 7; ≤ 9,"0,00","0,06","0,10","0,15","0,23","0,59","1,06","0,87","0,91","1,08","1,16","2,68","1,46","11,3"
> 5; ≤ 7,"0,00","0,06","0,00","0,02","0,08","0,19","0,34","0,40","0,10","1,2"
> 3; ≤ 5,"0,00","0,11","0,10","0,2"
> 0; ≤ 3,"0,00","0,0"
0,"0,00","0,0"
Tổng,"0,0","0,1","0,7","2,2","5,7","10,8","16,8","25,0","35,5","47,1","58,9","61,6","70,1","77,2","82,7","104,9","119,4","146,0","111,7","23,5",1000
Hải Dương
> 41; ≤ 43,"0,00","0,0"
> 39; ≤ 41,"0,00","0,0"
> 37; ≤ 39,"0,00","0,05","0,06","0,00","0,1"
> 35; ≤ 37,"0,00","0,14","0,70","0,47","0,03","0,00","1,3"
> 33; ≤ 35,"0,00","0,01","0,02","0,48","1,87","2,61","1,94","0,74","0,24","0,03","0,00","8,0"
> 31; ≤ 33,"0,00","0,06","0,07","0,30","0,79","2,76","6,30","6,38","4,86","2,77","0,78","0,14","0,02","0,00","25,2"
> 29; ≤ 31,"0,00","0,05","0,38","0,33","0,71","1,46","1,70","3,14","5,61","10,69","13,86","11,20","6,42","2,89","0,71","0,13","0,00","59,3"
> 27; ≤ 29,"0,00","0,17","0,34","0,62","1,25","2,09","2,41","3,60","4,45","8,16","13,67","18,06","19,11","17,35","11,23","2,06","0,00","104,9"
> 25; ≤ 27,"0,00","0,03","0,07","0,15","0,37","0,30","0,72","0,82","1,33","2,23","2,97","3,66","5,21","7,31","10,53","16,74","28,10","46,59","29,64","0,49","157,3"
> 23; ≤ 25,"0,00","0,06","0,24","0,39","0,34","0,84","0,61","1,17","1,94","2,61","3,23","4,07","5,31","7,83","10,83","17,47","40,19","53,09","3,54","153,8"
> 21; ≤ 23,"0,00","0,05","0,17","0,46","0,61","1,00","1,17","1,32","1,87","2,68","2,89","3,83","4,14","5,46","8,83","13,07","25,10","33,97","4,33","111,0"
> 19; ≤ 21,"0,03","0,02","0,03","0,20","0,56","0,78","1,07","1,41","1,60","1,43","2,29","2,78","3,61","4,25","5,35","6,95","10,05","15,87","26,63","4,56","89,5"
> 17; ≤ 19,"0,08","0,14","0,18","0,37","0,80","0,94","1,30","1,44","2,01","1,86","2,46","3,07","4,22","4,96","6,73","9,31","13,07","20,12","4,38","77,8"
> 15; ≤ 17,"0,01","0,15","0,20","0,51","0,69","0,77","0,67","1,24","1,37","1,75","2,53","3,38","3,91","4,40","5,29","5,67","6,52","9,22","16,79","4,96","70,0"
> 13; ≤ 15,"0,00","0,05","0,15","0,24","0,57","1,01","1,05","1,13","1,78","2,50","2,78","3,63","4,93","4,65","5,02","6,24","7,27","11,96","4,70","59,7"
> 11; ≤ 13,"0,00","0,01","0,03","0,29","0,70","1,06","1,69","2,22","2,74","2,81","2,92","3,20","3,21","3,07","3,19","4,43","6,51","2,81","40,9"
> 9; ≤ 11,"0,00","0,01","0,06","0,20","0,39","0,49","1,41","1,86","2,05","2,17","2,51","2,54","2,41","2,32","2,44","3,55","1,08","25,5"
> 7; ≤ 9,"0,00","0,02","0,03","0,06","0,08","0,44","0,45","0,47","0,61","0,89","1,22","1,23","1,43","1,68","2,47","1,26","12,3"
> 5; ≤ 7,"0,00","0,01","0,06","0,22","0,25","0,18","0,16","0,20","0,36","0,32","0,63","0,21","2,6"
> 3; ≤ 5,"0,00","0,06","0,05","0,02","0,01","0,06","0,16","0,25","0,16","0,8"
> 0; ≤ 3,"0,00","0,0"
0,"0,00","0,0"
Tổng,"0,1","0,3","0,6","2,0","4,0","5,5","10,0","15,0","20,8","30,9","38,9","47,0","58,2","67,0","75,8","89,7","116,2","177,7","207,7","32,5",1000
Hưng Yên
> 41; ≤ 43,"0,00","0,0"
> 39; ≤ 41,"0,00","0,0"
> 37; ≤ 39,"0,00","0,05","0,15","0,05","0,00","0,2"
> 35; ≤ 37,"0,00","0,44","0,98","0,52","0,14","0,03","0,00","2,1"
> 33; ≤ 35,"0,00","0,11","0,24","1,13","3,07","3,15","1,86","0,69","0,16","0,02","0,01","0,00","10,5"
> 31; ≤ 33,"0,00","0,02","0,03","0,08","0,22","0,54","1,85","3,93","6,16","7,23","4,81","2,70","0,69","0,11","0,01","0,00","28,4"
> 29; ≤ 31,"0,00","0,07","0,02","0,31","0,57","1,06","1,38","1,91","3,78","7,04","10,97","13,28","10,43","5,73","2,71","0,89","0,14","0,00","60,3"
> 27; ≤ 29,"0,00","0,02","0,09","0,26","0,31","0,66","1,15","2,14","2,96","3,54","4,51","8,59","12,40","16,39","16,65","16,14","11,42","4,44","0,28","102,0"
> 25; ≤ 27,"0,00","0,10","0,11","0,31","0,28","0,57","0,74","1,22","2,07","2,52","3,89","5,34","7,73","9,25","14,43","23,50","35,12","36,99","5,51","149,7"
> 23; ≤ 25,"0,00","0,01","0,06","0,22","0,36","0,63","0,49","0,72","1,24","1,66","2,16","2,62","4,78","5,55","6,27","9,95","15,41","28,97","51,96","20,34","153,4"
> 21; ≤ 23,"0,00","0,10","0,24","0,56","0,60","0,56","1,03","1,31","2,17","2,40","2,66","3,37","3,88","4,60","7,07","11,15","19,56","35,67","15,04","112,0"
> 19; ≤ 21,"0,00","0,05","0,00","0,16","0,48","0,67","0,98","1,36","1,48","1,47","1,89","2,87","3,24","4,11","4,31","5,58","8,41","13,52","22,85","15,89","89,3"
> 17; ≤ 19,"0,01","0,11","0,07","0,34","0,48","0,66","0,95","1,23","1,47","1,69","1,64","2,09","2,60","3,71","4,09","5,59","7,85","11,28","16,56","14,87","77,3"
> 15; ≤ 17,"0,00","0,13","0,21","0,52","0,84","0,70","0,98","1,31","1,72","2,39","2,53","3,66","4,02","4,17","5,11","6,90","9,10","13,84","14,18","73,0"
> 13; ≤ 15,"0,00","0,09","0,36","0,76","1,01","1,13","1,09","1,72","2,01","2,43","3,29","3,92","4,09","4,53","5,94","6,86","10,41","10,50","60,2"
> 11; ≤ 13,"0,00","0,11","0,47","0,75","1,24","1,47","2,04","2,62","2,66","2,44","2,58","2,66","2,82","3,08","3,94","5,44","6,24","40,6"
> 9; ≤ 11,"0,00","0,10","0,32","0,29","0,53","1,00","1,51","1,77","1,84","2,66","1,99","2,27","1,97","2,29","3,69","3,22","25,4"
> 7; ≤ 9,"0,00","0,07","0,06","0,08","0,11","0,39","0,60","0,77","0,74","0,87","0,84","1,16","1,21","2,38","3,32","12,6"
> 5; ≤ 7,"0,00","0,02","0,07","0,08","0,16","0,21","0,13","0,10","0,17","0,29","0,34","0,52","2,1"
> 3; ≤ 5,"0,00","0,07","0,05","0,10","0,02","0,00","0,06","0,09","0,51","0,10","1,0"
> 0; ≤ 3,"0,00","0,0"
0,"0,00","0,0"
Tổng,"0,0","0,3","0,7","1,8","4,3","6,8","10,8","16,7","22,5","30,5","38,1","44,7","56,1","62,7","64,7","77,7","102,6","143,8","205,1","110,0",1000
Nam Định
> 41; ≤ 43,"0,00","0,0"
> 39; ≤ 41,"0,00","0,0"
> 37; ≤ 39,"0,00","0,01","0,03","0,02","0,00","0,1"
> 35; ≤ 37,"0,00","0,07","0,29","0,70","0,29","0,12","0,00","1,5"
> 33; ≤ 35,"0,00","0,02","0,00","0,10","0,93","2,04","2,56","1,97","0,76","0,16","0,02","0,00","8,6"
> 31; ≤ 33,"0,00","0,01","0,08","0,00","0,01","0,06","0,20","0,82","3,07","6,10","8,13","6,44","2,32","0,48","0,00","0,01","0,00","27,7"
> 29; ≤ 31,"0,00","0,02","0,03","0,32","0,49","0,82","1,48","3,06","6,58","13,84","16,15","11,40","5,21","1,63","0,26","0,07","0,00","61,4"
> 27; ≤ 29,"0,00","0,06","0,14","0,24","0,44","0,92","2,00","2,45","3,86","5,12","10,20","17,79","20,81","19,51","18,25","9,02","0,92","0,18","111,9"
> 25; ≤ 27,"0,03","0,00","0,05","0,21","0,35","0,44","0,47","1,17","1,92","2,44","3,70","5,91","8,67","12,36","18,31","29,72","38,19","21,90","2,10","148,0"
> 23; ≤ 25,"0,01","0,00","0,09","0,18","0,23","0,35","0,63","0,62","1,02","1,40","1,99","2,85","4,27","6,46","7,28","10,56","19,06","34,50","47,65","10,32","149,5"
> 21; ≤ 23,"0,01","0,00","0,09","0,29","0,43","0,74","1,01","1,38","1,77","2,20","2,91","3,93","4,42","5,32","8,21","12,31","22,09","32,62","11,25","111,0"
> 19; ≤ 21,"0,00","0,03","0,02","0,12","0,21","0,44","0,67","1,05","1,66","1,69","1,77","2,51","3,16","4,07","5,77","6,53","9,19","14,99","23,86","11,64","89,4"
> 17; ≤ 19,"0,00","0,05","0,16","0,20","0,36","0,56","0,79","1,15","1,21","1,83","1,82","2,42","2,82","3,82","5,18","6,38","8,52","12,29","18,37","11,02","78,9"
> 15; ≤ 17,"0,01","0,13","0,22","0,36","0,52","0,68","0,60","0,75","1,23","1,58","1,94","2,61","3,42","3,86","4,74","6,12","6,46","10,32","14,86","14,15","74,5"
> 13; ≤ 15,"0,00","0,02","0,08","0,10","0,69","0,74","1,01","1,43","1,50","2,38","2,14","3,09","3,90","4,40","4,90","5,79","6,75","10,79","9,88","59,6"
> 11; ≤ 13,"0,00","0,02","0,01","0,25","0,82","1,59","1,54","2,40","2,62","3,11","2,84","2,52","2,86","3,17","3,82","5,62","5,61","38,8"
> 9; ≤ 11,"0,00","0,09","0,15","0,33","0,71","1,12","1,76","2,25","2,56","2,38","2,13","2,16","2,44","3,86","3,53","25,5"
> 7; ≤ 9,"0,00","0,08","0,06","0,02","0,21","0,36","0,71","0,58","0,79","0,71","1,01","1,48","2,32","2,61","11,0"
> 5; ≤ 7,"0,00","0,01","0,02","0,17","0,23","0,05","0,09","0,12","0,31","0,39","0,36","0,35","2,1"
> 3; ≤ 5,"0,00","0,02","0,06","0,07","0,03","0,01","0,00","0,03","0,21","0,18","0,6"
> 0; ≤ 3,"0,00","0,0"
0,"0,00","0,0"
Tổng,"0,1","0,2","0,6","1,2","2,2","4,5","7,8","12,0","20,3","27,5","37,6","49,6","61,7","71,0","76,9","88,0","116,2","156,4","183,3","82,8",1000
Thái Bình
> 41; ≤ 43,"0,00","0,0"
> 39; ≤ 41,"0,00","0,0"
> 37; ≤ 39,"0,00","0,0"
> 35; ≤ 37,"0,00","0,13","0,05","0,01","0,00","0,3"
> 33; ≤ 35,"0,00","0,06","0,63","0,92","0,66","0,72","0,31","0,03","0,00","3,3"
> 31; ≤ 33,"0,00","0,01","0,03","0,01","0,10","0,09","0,76","1,89","3,19","4,44","4,22","1,78","0,59","0,11","0,02","0,00","17,3"
> 29; ≤ 31,"0,00","0,02","0,00","0,06","0,07","0,21","0,39","0,66","1,04","2,00","4,89","9,80","13,80","12,33","5,11","1,73","0,68","0,05","0,00","52,8"
> 27; ≤ 29,"0,00","0,15","0,33","0,51","1,06","1,57","2,08","3,17","3,41","8,29","16,31","17,99","18,95","18,43","12,01","2,78","0,07","107,1"
> 25; ≤ 27,"0,00","0,01","0,00","0,15","0,08","0,23","0,59","0,55","0,90","1,49","2,45","3,06","4,46","6,43","8,61","13,79","25,51","39,55","43,11","2,00","153,0"
> 23; ≤ 25,"0,00","0,02","0,08","0,09","0,15","0,34","0,46","0,63","0,74","0,83","1,31","1,95","2,71","4,37","4,98","7,31","13,67","30,63","70,80","10,06","151,1"
> 21; ≤ 23,"0,00","0,01","0,15","0,32","0,39","0,64","0,87","1,25","1,12","1,39","1,89","2,69","3,70","4,17","5,37","9,81","19,95","46,72","14,72","115,2"
> 19; ≤ 21,"0,00","0,02","0,15","0,17","0,50","0,67","0,99","1,02","1,15","1,61","1,79","2,71","3,63","4,33","5,54","8,40","14,51","32,18","16,48","95,9"
> 17; ≤ 19,"0,05","0,01","0,09","0,15","0,40","0,49","0,78","1,00","1,14","1,31","1,73","1,80","2,76","3,11","4,17","6,31","8,71","12,89","23,18","15,56","85,7"
> 15; ≤ 17,"0,00","0,15","0,34","0,48","0,60","0,72","1,00","1,07","1,32","1,45","1,75","2,92","3,51","4,02","5,35","7,59","9,81","21,17","13,92","77,2"
> 13; ≤ 15,"0,00","0,01","0,15","0,40","0,59","0,81","1,04","1,20","1,61","1,88","2,78","3,71","4,07","4,76","5,65","7,02","14,22","10,80","60,7"
> 11; ≤ 13,"0,00","0,14","0,26","0,47","0,79","1,39","2,21","2,36","2,53","3,01","3,27","3,38","4,48","8,03","5,49","40,8"
> 9; ≤ 11,"0,00","0,01","0,14","0,30","0,37","0,71","1,25","2,00","2,22","2,32","2,97","2,16","2,85","5,27","3,01","25,6"
> 7; ≤ 9,"0,00","0,02","0,07","0,03","0,01","0,07","0,03","0,14","0,59","0,66","0,88","0,95","1,44","1,45","2,50","2,37","11,2"
> 5; ≤ 7,"0,00","0,05","0,08","0,17","0,11","0,18","0,29","0,30","0,68","0,34","2,4"
> 3; ≤ 5,"0,00","0,02","0,08","0,06","0,00","0,01","0,05","0,17","0,07","0,5"
> 0; ≤ 3,"0,00","0,0"
0,"0,00","0,0"
Tổng,"0,0","0,1","0,4","1,1","2,0","3,9","6,5","9,9","13,4","18,2","27,4","35,4","50,2","63,8","64,0","76,5","105,7","155,5","270,8","94,9",1000
Ninh Bình
> 41; ≤ 43,"0,00","0,0"
> 39; ≤ 41,"0,00","0,0"
> 37; ≤ 39,"0,00","0,07","0,02","0,03","0,00","0,1"
> 35; ≤ 37,"0,00","0,02","0,22","0,59","0,34","0,10","0,00","1,3"
> 33; ≤ 35,"0,00","0,06","0,83","2,02","2,32","1,80","0,74","0,17","0,01","0,00","7,9"
> 31; ≤ 33,"0,02","0,00","0,02","0,06","0,19","0,16","0,60","2,55","5,05","7,87","5,17","2,41","0,64","0,08","0,00","24,8"
> 29; ≤ 31,"0,00","0,02","0,09","0,11","0,25","0,50","0,67","1,22","2,22","5,93","11,27","14,26","10,52","5,15","1,57","0,39","0,09","0,00","54,3"
> 27; ≤ 29,"0,00","0,03","0,09","0,24","0,30","0,29","1,00","1,57","2,39","3,20","5,28","9,52","16,50","18,04","15,68","13,66","7,98","1,33","0,07","97,2"
> 25; ≤ 27,"0,00","0,02","0,08","0,19","0,25","0,30","0,62","1,20","1,69","2,30","3,14","5,05","8,60","12,44","17,68","28,79","40,51","25,03","1,94","149,8"
> 23; ≤ 25,"0,00","0,02","0,07","0,24","0,18","0,62","0,50","1,02","1,17","2,22","3,15","3,91","6,22","7,79","11,27","18,21","36,88","58,85","12,17","164,5"
> 21; ≤ 23,"0,00","0,03","0,11","0,06","0,30","0,32","0,60","0,88","1,00","1,79","2,53","3,09","3,85","4,96","5,86","7,85","12,77","22,56","36,60","11,68","116,9"
> 19; ≤ 21,"0,00","0,03","0,14","0,23","0,44","0,65","1,11","1,67","1,56","2,09","2,75","3,93","4,69","4,68","5,78","9,80","14,50","25,34","12,56","91,9"
> 17; ≤ 19,"0,00","0,08","0,02","0,16","0,30","0,66","0,74","1,09","1,27","1,90","2,51","2,37","3,23","4,05","5,02","6,14","7,82","11,94","17,97","12,50","79,8"
> 15; ≤ 17,"0,00","0,01","0,21","0,32","0,56","0,87","0,74","0,82","1,12","2,00","2,47","3,42","3,54","5,01","4,55","4,82","6,99","10,18","16,21","12,80","76,6"
> 13; ≤ 15,"0,00","0,05","0,07","0,11","0,49","1,12","1,05","1,28","1,55","2,65","2,63","3,07","4,58","4,45","4,31","5,58","6,72","10,82","8,74","59,3"
> 11; ≤ 13,"0,00","0,01","0,05","0,01","0,09","0,42","0,95","1,39","1,85","2,98","3,11","2,93","2,39","2,73","2,81","3,57","4,06","5,54","3,62","38,5"
> 9; ≤ 11,"0,00","0,10","0,00","0,02","0,16","0,30","0,43","0,80","1,24","2,30","2,26","2,49","2,57","2,26","2,12","2,82","4,01","2,24","26,1"
> 7; ≤ 9,"0,00","0,03","0,00","0,07","0,10","0,02","0,10","0,42","0,46","0,66","0,54","0,76","0,87","1,31","1,80","1,67","8,9"
> 5; ≤ 7,"0,00","0,05","0,10","0,21","0,03","0,09","0,08","0,16","0,33","0,50","0,11","1,7"
> 3; ≤ 5,"0,00","0,01","0,08","0,07","0,00","0,01","0,13","0,09","0,4"
> 0; ≤ 3,"0,00","0,0"
0,"0,00","0,0"
Tổng,"0,0","0,1","0,5","1,3","2,4","4,4","7,8","12,0","18,2","25,8","38,9","48,4","58,7","71,4","74,0","81,0","110,7","159,9","204,1","80,2",1000
Vinh
> 41; ≤ 43,"0,00","0,0"
> 39; ≤ 41,"0,00","0,0"
> 37; ≤ 39,"0,00","0,04","0,14","0,30","0,31","0,10","0,04","0,00","0,9"
> 35; ≤ 37,"0,00","0,04","0,12","0,58","2,79","2,89","1,05","0,25","0,04","0,01","0,00","7,8"
> 33; ≤ 35,"0,00","0,02","0,01","0,20","1,63","5,42","7,29","3,70","1,39","0,41","0,11","0,00","20,2"
> 31; ≤ 33,"0,00","0,04","0,05","0,07","0,42","1,43","5,80","10,06","9,33","6,73","2,96","1,05","0,41","0,05","0,01","0,00","38,4"
> 29; ≤ 31,"0,00","0,01","0,09","0,19","0,26","1,22","5,47","11,66","15,29","14,29","10,85","5,59","2,11","0,56","0,20","0,02","0,00","67,8"
> 27; ≤ 29,"0,00","0,02","0,16","0,23","0,39","1,43","3,73","8,64","12,71","19,00","22,16","19,21","9,79","4,53","1,48","0,12","0,00","103,6"
> 25; ≤ 27,"0,00","0,07","0,09","0,21","0,53","0,75","2,04","3,68","7,50","13,24","21,45","26,07","25,32","20,42","5,71","0,22","127,3"
> 23; ≤ 25,"0,00","0,07","0,09","0,35","0,49","0,72","1,07","2,17","3,31","5,23","8,88","12,41","20,90","37,86","42,68","6,00","142,2"
> 21; ≤ 23,"0,00","0,04","0,02","0,07","0,12","0,36","0,74","0,93","1,46","2,20","3,08","4,04","5,65","7,97","11,93","23,08","40,22","14,10","116,0"
> 19; ≤ 21,"0,00","0,09","0,25","0,38","0,53","0,74","1,22","2,15","3,10","4,07","5,40","7,43","10,22","16,57","30,68","15,93","98,8"
> 17; ≤ 19,"0,00","0,06","0,15","0,25","0,37","0,86","0,95","1,10","1,52","1,83","2,84","4,07","6,59","9,74","15,51","29,00","14,76","89,6"
> 15; ≤ 17,"0,00","0,02","0,07","0,41","0,27","0,60","0,70","1,04","1,42","1,93","2,83","3,90","4,79","7,63","12,02","21,80","12,97","72,4"
> 13; ≤ 15,"0,00","0,09","0,15","0,42","0,73","1,00","1,85","1,69","2,09","3,28","4,62","6,64","9,18","15,84","8,11","55,7"
> 11; ≤ 13,"0,00","0,16","0,42","0,78","0,93","1,16","2,30","3,00","3,79","5,13","5,54","9,91","5,65","38,8"
> 9; ≤ 11,"0,00","0,02","0,06","0,15","0,16","0,20","0,54","1,01","1,59","2,10","3,10","5,81","2,05","16,8"
> 7; ≤ 9,"0,00","0,01","0,02","0,11","0,31","0,39","0,80","0,89","0,26","2,8"
> 5; ≤ 7,"0,00","0,14","0,10","0,09","0,04","0,06","0,05","0,07","0,19","0,09","0,8"
> 3; ≤ 5,"0,00","0,01","0,02","0,01","0,05","0,01","0,00","0,1"
> 0; ≤ 3,"0,00","0,0"
0,"0,00","0,0"
Tổng,"0,0","0,2","0,4","1,4","6,0","11,6","17,9","25,3","32,1","40,9","46,3","54,8","65,5","78,2","86,0","104,8","145,7","202,9","80,1",1000
Hà Tĩnh
> 41; ≤ 43,"0,00","0,0"
> 39; ≤ 41,"0,00","0,0"
> 37; ≤ 39,"0,00","0,01","0,05","0,22","0,14","0,05","0,00","0,5"
> 35; ≤ 37,"0,02","0,01","0,11","0,10","0,54","1,45","1,67","0,79","0,22","0,05","0,01","0,00","5,0"
> 33; ≤ 35,"0,04","0,00","0,04","0,11","0,30","1,24","4,20","6,04","4,25","1,74","0,52","0,11","0,04","0,00","18,6"
> 31; ≤ 33,"0,05","0,04","0,01","0,10","0,30","1,35","5,69","9,92","10,91","5,53","2,95","0,81","0,20","0,07","0,02","0,00","38,0"
> 29; ≤ 31,"0,00","0,02","0,01","0,04","0,12","0,19","0,31","1,11","4,28","12,09","13,94","14,80","8,25","3,75","1,67","0,46","0,19","0,02","0,00","61,3"
> 27; ≤ 29,"0,00","0,11","0,20","0,17","0,34","0,55","1,06","3,57","10,61","19,03","19,73","17,60","14,65","8,20","3,66","1,24","0,24","0,00","101,0"
> 25; ≤ 27,"0,00","0,01","0,00","0,06","0,12","0,34","0,55","1,10","2,85","6,62","11,53","17,16","21,70","23,18","21,87","14,84","6,06","1,52","129,5"
> 23; ≤ 25,"0,00","0,01","0,06","0,07","0,19","0,31","0,56","1,24","2,10","4,08","6,62","11,08","16,51","24,64","33,75","28,41","11,65","141,3"
> 21; ≤ 23,"0,00","0,02","0,05","0,07","0,36","1,04","1,52","2,24","2,65","3,85","6,28","9,48","17,38","28,75","31,61","17,46","122,8"
> 19; ≤ 21,"0,00","0,01","0,14","0,24","0,34","0,42","0,94","1,21","1,71","2,52","3,92","6,27","8,65","12,05","20,73","27,85","14,60","101,6"
> 17; ≤ 19,"0,00","0,02","0,00","0,01","0,16","0,17","0,39","0,71","0,91","0,81","1,22","1,66","2,34","4,30","6,58","11,78","19,08","24,34","17,00","91,5"
> 15; ≤ 17,"0,00","0,01","0,00","0,01","0,10","0,24","0,36","0,54","0,81","0,96","1,36","1,56","2,68","4,20","6,76","8,69","12,94","18,33","12,53","72,1"
> 13; ≤ 15,"0,00","0,07","0,12","0,17","0,64","0,69","1,04","1,85","2,73","3,53","5,36","7,90","11,19","15,21","8,78","59,3"
> 11; ≤ 13,"0,00","0,01","0,05","0,32","0,67","1,06","1,69","2,35","3,23","4,10","5,37","6,29","7,39","4,68","37,2"
> 9; ≤ 11,"0,00","0,02","0,25","0,44","0,82","1,21","1,65","2,60","4,45","3,31","2,06","17,1"
> 7; ≤ 9,"0,00","0,06","0,05","0,09","0,19","0,16","0,32","0,57","0,46","0,50","2,4"
> 5; ≤ 7,"0,00","0,05","0,04","0,02","0,14","0,09","0,00","0,06","0,16","0,6"
> 3; ≤ 5,"0,00","0,01","0,07","0,04","0,02","0,12","0,06","0,3"
> 0; ≤ 3,"0,00","0,0"
0,"0,00","0,0"
Tổng,"0,1","0,2","0,4","1,6","4,0","8,9","16,0","22,9","34,7","40,8","54,6","56,9","64,1","78,4","91,3","116,6","153,9","163,4","91,0",1000
Đồng Hới
> 41; ≤ 43,"0,00","0,0"
> 39; ≤ 41,"0,00","0,0"
> 37; ≤ 39,"0,00","0,08","0,16","0,07","0,19","0,13","0,04","0,00","0,04","0,06","0,01","0,00","0,02","0,00","0,8"
> 35; ≤ 37,"0,00","0,01","0,05","0,21","0,58","1,39","1,66","0,93","0,39","0,36","0,44","0,25","0,22","0,08","0,00","6,6"
> 33; ≤ 35,"0,01","0,04","0,01","0,00","0,24","1,37","3,84","4,66","3,36","1,42","1,41","0,96","0,71","0,36","0,23","0,12","0,02","0,00","0,01","0,00","18,8"
> 31; ≤ 33,"0,04","0,00","0,01","0,05","0,24","1,39","4,65","7,88","7,56","5,71","3,83","2,39","1,56","0,67","0,28","0,21","0,05","0,01","0,00","36,5"
> 29; ≤ 31,"0,00","0,01","0,02","0,10","0,33","1,45","4,48","8,70","11,98","11,27","8,88","6,19","3,49","1,49","0,53","0,35","0,07","0,05","59,4"
> 27; ≤ 29,"0,00","0,06","0,21","0,51","1,38","4,47","11,51","18,03","18,05","16,83","14,48","8,97","4,57","1,38","0,61","0,08","101,1"
> 25; ≤ 27,"0,00","0,02","0,01","0,11","0,23","0,53","1,13","4,45","10,53","16,36","19,69","22,81","22,49","21,25","13,72","4,35","0,78","138,5"
> 23; ≤ 25,"0,00","0,01","0,00","0,02","0,19","0,33","1,25","2,76","5,39","8,81","14,68","20,83","32,81","43,13","34,92","7,97","173,1"
> 21; ≤ 23,"0,00","0,16","0,29","1,04","1,74","2,77","5,74","8,30","13,11","19,26","35,04","46,89","16,36","150,7"
> 19; ≤ 21,"0,00","0,07","0,04","0,06","0,63","1,42","1,50","2,29","4,23","6,46","9,56","15,08","22,41","30,27","12,71","106,7"
> 17; ≤ 19,"0,00","0,02","0,06","0,76","1,07","1,15","1,84","3,49","5,67","8,47","11,85","15,17","17,13","8,93","75,7"
> 15; ≤ 17,"0,00","0,04","0,11","0,25","0,64","0,81","1,58","2,30","3,97","5,33","8,71","11,36","12,35","12,89","7,12","67,5"
> 13; ≤ 15,"0,00","0,06","0,32","0,55","1,56","2,39","3,21","4,63","6,87","7,78","6,86","6,88","3,77","44,9"
> 11; ≤ 13,"0,00","0,10","0,11","0,53","0,97","0,76","1,32","2,93","3,80","2,82","2,01","1,24","16,6"
> 9; ≤ 11,"0,00","0,01","0,00","0,11","0,19","0,27","0,12","0,46","0,56","0,51","0,17","0,02","2,4"
> 7; ≤ 9,"0,00","0,02","0,01","0,05","0,07","0,00","0,08","0,02","0,3"
> 5; ≤ 7,"0,00","0,07","0,13","0,05","0,10","0,06","0,00","0,4"
> 3; ≤ 5,"0,00","0,01","0,00","0,0"
> 0; ≤ 3,"0,00","0,0"
0,"0,00","0,0"
Tổng,"0,0","0,2","0,4","1,0","3,4","7,8","12,7","18,8","26,8","41,8","55,8","64,8","75,2","88,3","104,5","129,1","153,9","156,4","59,1",1000
Đông Hà
> 41; ≤ 43,"0,00","0,0"
> 39; ≤ 41,"0,00","0,04","0,01","0,00","0,1"
> 37; ≤ 39,"0,00","0,19","0,51","0,47","0,28","0,00","1,5"
> 35; ≤ 37,"0,00","0,08","0,48","1,96","3,54","2,01","0,51","0,05","0,00","8,6"
> 33; ≤ 35,"0,00","0,04","0,02","0,08","0,30","1,01","3,68","6,49","6,35","2,76","0,40","0,00","21,1"
> 31; ≤ 33,"0,00","0,01","0,04","0,10","0,22","0,95","3,23","8,48","13,24","8,30","2,37","0,57","0,05","0,00","37,6"
> 29; ≤ 31,"0,00","0,01","0,00","0,04","0,05","0,50","1,48","7,34","15,13","16,61","10,81","3,95","1,03","0,15","0,01","0,00","57,1"
> 27; ≤ 29,"0,00","0,01","0,05","0,06","0,23","0,51","1,22","4,48","15,02","24,55","25,48","14,98","7,58","2,58","0,35","0,05","0,00","97,2"
> 25; ≤ 27,"0,00","0,01","0,16","0,33","1,09","3,66","11,15","23,64","28,87","27,30","22,31","16,01","6,18","0,45","141,1"
> 23; ≤ 25,"0,00","0,02","0,04","0,16","0,47","0,70","1,48","3,17","7,08","11,52","17,97","26,99","42,54","53,60","13,18","178,9"
> 21; ≤ 23,"0,00","0,02","0,08","0,34","0,86","1,67","2,50","4,01","5,40","8,58","13,98","23,27","59,21","30,87","150,8"
> 19; ≤ 21,"0,00","0,01","0,12","0,17","0,76","0,98","1,48","2,11","3,50","6,08","10,96","18,61","38,00","20,88","103,7"
> 17; ≤ 19,"0,00","0,07","0,05","0,07","0,28","0,58","1,11","1,71","2,74","5,29","8,06","13,52","25,94","15,04","74,5"
> 15; ≤ 17,"0,00","0,01","0,05","0,24","0,28","0,53","1,39","1,84","2,87","4,52","7,50","12,38","21,38","12,71","65,7"
> 13; ≤ 15,"0,00","0,01","0,05","0,27","0,85","2,37","3,55","5,19","5,45","7,20","12,92","7,09","44,9"
> 11; ≤ 13,"0,00","0,06","0,23","0,55","1,36","1,13","1,97","2,84","4,24","2,23","14,6"
> 9; ≤ 11,"0,00","0,01","0,11","0,17","0,36","0,45","0,28","0,73","0,27","2,4"
> 7; ≤ 9,"0,00","0,04","0,07","0,01","0,13","0,00","0,3"
> 5; ≤ 7,"0,00","0,0"
> 3; ≤ 5,"0,00","0,0"
> 0; ≤ 3,"0,00","0,0"
0,"0,00","0,0"
Tổng,"0,0","0,1","0,4","1,4","3,7","8,6","12,6","17,9","26,3","32,3","43,2","57,8","72,9","76,0","84,2","100,3","137,0","222,4","102,7",1000
Huế
> 41; ≤ 43,"0,00","0,0"
> 39; ≤ 41,"0,00","0,0"
> 37; ≤ 39,"0,00","0,01","0,02","0,04","0,00","0,1"
> 35; ≤ 37,"0,00","0,47","0,70","0,65","0,35","0,17","0,01","0,00","2,4"
> 33; ≤ 35,"0,00","0,48","1,39","3,20","5,99","5,84","2,05","0,53","0,05","0,00","19,5"
> 31; ≤ 33,"0,00","0,04","0,28","1,38","4,99","11,84","14,92","9,60","2,50","0,34","0,01","0,00","45,9"
> 29; ≤ 31,"0,00","0,01","0,18","0,65","3,24","8,58","15,91","17,45","9,10","2,44","0,39","0,01","0,00","58,0"
> 27; ≤ 29,"0,00","0,01","0,08","0,12","0,59","1,61","4,53","11,96","17,82","17,29","11,34","4,87","1,32","0,23","0,01","0,00","71,8"
> 25; ≤ 27,"0,00","0,01","0,04","0,13","0,59","1,45","4,25","7,67","13,72","20,44","23,40","21,67","14,63","4,83","0,28","113,1"
> 23; ≤ 25,"0,00","0,07","0,11","0,44","0,92","2,19","3,51","5,61","9,77","16,25","29,26","48,35","67,18","17,69","201,4"
> 21; ≤ 23,"0,00","0,01","0,10","0,11","0,76","1,24","2,07","2,79","4,43","6,23","10,86","20,19","67,72","63,43","179,9"
> 19; ≤ 21,"0,00","0,01","0,02","0,01","0,28","0,50","0,59","1,37","2,46","3,85","6,56","10,32","30,84","52,04","108,9"
> 17; ≤ 19,"0,00","0,02","0,05","0,02","0,13","0,18","0,41","0,44","1,21","2,17","3,62","6,87","18,36","43,17","76,7"
> 15; ≤ 17,"0,00","0,02","0,04","0,00","0,01","0,22","0,47","0,62","1,44","3,49","6,03","15,32","40,80","68,5"
> 13; ≤ 15,"0,00","0,01","0,00","0,02","0,30","0,91","2,85","5,78","11,72","20,61","42,2"
> 11; ≤ 13,"0,00","0,01","0,17","0,75","1,71","3,64","4,40","10,7"
> 9; ≤ 11,"0,00","0,11","0,18","0,38","0,34","1,0"
> 7; ≤ 9,"0,00","0,07","0,1"
> 5; ≤ 7,"0,00","0,0"
> 3; ≤ 5,"0,00","0,0"
> 0; ≤ 3,"0,00","0,0"
0,"0,00","0,0"
Tổng,"0,0","1,0","2,4","5,5","12,3","22,1","28,3","34,1","40,3","41,7","44,2","51,0","59,3","80,5","114,3","220,0","242,8",1000
Đà Nẵng
> 41; ≤ 43,"0,00","0,0"
> 39; ≤ 41,"0,00","0,0"
> 37; ≤ 39,"0,00","0,01","0,00","0,0"
> 35; ≤ 37,"0,00","0,02","0,05","0,78","0,89","0,21","0,00","1,9"
> 33; ≤ 35,"0,00","0,06","0,72","3,92","6,10","2,43","0,50","0,02","0,00","13,8"
> 31; ≤ 33,"0,00","0,02","0,01","1,11","5,93","11,73","11,05","6,14","2,01","0,35","0,01","0,00","38,4"
> 29; ≤ 31,"0,00","0,03","0,35","3,79","10,47","21,00","21,41","10,38","3,63","1,00","0,08","0,01","0,00","72,2"
> 27; ≤ 29,"0,00","0,03","0,16","0,75","3,11","9,09","20,00","26,54","25,79","18,74","9,55","2,04","0,17","0,00","116,0"
> 25; ≤ 27,"0,00","0,01","0,05","0,30","1,23","3,62","8,98","16,77","24,92","29,79","38,50","32,11","13,15","1,20","0,02","170,6"
> 23; ≤ 25,"0,00","0,01","0,03","0,05","0,27","0,95","2,53","6,13","8,44","10,84","16,73","28,14","48,74","63,11","35,22","3,50","224,7"
> 21; ≤ 23,"0,00","0,01","0,02","0,21","0,54","1,57","3,56","5,41","7,09","10,12","15,15","24,85","40,05","45,69","11,33","165,6"
> 19; ≤ 21,"0,00","0,01","0,02","0,11","0,22","0,87","1,80","3,14","6,30","7,36","10,62","15,55","21,20","20,98","6,41","94,6"
> 17; ≤ 19,"0,00","0,01","0,07","0,16","0,54","1,51","2,92","5,48","6,56","9,39","10,56","12,02","15,52","5,34","70,1"
> 15; ≤ 17,"0,00","0,01","0,10","0,17","0,30","1,30","3,58","3,99","4,65","3,73","3,88","4,88","1,23","27,8"
> 13; ≤ 15,"0,00","0,03","0,06","0,34","0,68","0,37","0,68","0,62","0,90","0,30","4,0"
> 11; ≤ 13,"0,00","0,01","0,05","0,06","0,00","0,07","0,14","0,02","0,3"
> 9; ≤ 11,"0,00","0,0"
> 7; ≤ 9,"0,00","0,0"
> 5; ≤ 7,"0,00","0,0"
> 3; ≤ 5,"0,00","0,0"
> 0; ≤ 3,"0,00","0,0"
0,"0,00","0,0"
Tổng,"0,0","0,1","1,6","6,1","12,9","19,7","28,3","45,5","65,7","75,3","88,0","95,0","116,5","138,3","154,3","124,5","28,2",1000
Quảng Ngãi
> 41; ≤ 43,"0,00","0,0"
> 39; ≤ 41,"0,00","0,0"
> 37; ≤ 39,"0,00","0,04","0,00","0,0"
> 35; ≤ 37,"0,00","0,04","0,22","0,79","0,95","0,49","0,03","0,00","2,5"
> 33; ≤ 35,"0,00","0,33","2,17","5,74","8,35","4,03","0,49","0,01","0,00","21,1"
> 31; ≤ 33,"0,00","0,42","2,97","11,85","18,49","13,10","3,83","0,32","0,00","51,0"
> 29; ≤ 31,"0,00","0,01","0,04","0,29","2,09","9,58","22,04","22,91","8,96","2,93","0,67","0,13","0,00","69,6"
> 27; ≤ 29,"0,00","0,01","0,27","1,24","2,81","9,48","18,60","23,14","20,43","15,65","8,26","2,03","0,16","0,00","102,1"
> 25; ≤ 27,"0,00","0,05","0,13","0,42","2,04","4,87","7,44","11,75","18,07","26,26","35,84","34,71","15,43","2,48","0,00","159,5"
> 23; ≤ 25,"0,00","0,01","0,11","0,43","1,05","2,66","4,68","5,56","7,27","10,64","22,42","48,24","73,04","52,79","3,42","232,3"
> 21; ≤ 23,"0,00","0,01","0,13","0,47","1,10","2,47","3,52","4,84","6,26","8,88","18,60","37,84","70,01","16,28","170,4"
> 19; ≤ 21,"0,00","0,05","0,44","1,06","1,52","3,46","4,95","7,73","11,81","21,89","36,70","12,32","102,0"
> 17; ≤ 19,"0,00","0,01","0,09","0,41","1,23","2,36","3,55","5,68","9,44","13,03","23,82","5,91","65,5"
> 15; ≤ 17,"0,00","0,05","0,19","1,08","2,10","1,76","3,56","3,85","7,39","1,72","21,7"
> 13; ≤ 15,"0,00","0,05","0,09","0,11","0,16","0,24","0,77","0,37","2,0"
> 11; ≤ 13,"0,00","0,11","0,1"
> 9; ≤ 11,"0,00","0,0"
> 7; ≤ 9,"0,00","0,0"
> 5; ≤ 7,"0,00","0,0"
> 3; ≤ 5,"0,00","0,0"
> 0; ≤ 3,"0,00","0,0"
0,"0,00","0,0"
Tổng,"0,0","0,1","0,6","3,5","10,5","25,1","38,6","54,3","61,5","56,2","60,5","70,2","90,9","128,6","165,5","194,0","40,1",1000
Quy Nhơn
> 41; ≤ 43,"0,00","0,0"
> 39; ≤ 41,"0,00","0,0"
> 37; ≤ 39,"0,00","0,01","0,00","0,0"
> 35; ≤ 37,"0,00","0,02","0,38","0,25","0,10","0,13","0,12","0,01","0,00","1,0"
> 33; ≤ 35,"0,00","0,21","1,20","2,77","3,65","1,22","0,39","0,18","0,09","0,01","0,03","0,00","9,8"
> 31; ≤ 33,"0,00","0,01","0,07","0,94","4,12","7,06","4,58","2,58","2,14","2,85","2,15","0,89","0,28","0,01","0,00","27,7"
> 29; ≤ 31,"0,00","0,02","0,46","3,28","9,24","12,23","10,52","14,45","18,45","13,93","6,65","2,01","0,39","0,07","0,00","91,7"
> 27; ≤ 29,"0,00","0,01","0,02","0,54","3,19","11,76","19,60","24,01","26,23","29,88","27,51","20,83","10,96","3,50","0,81","0,07","178,9"
> 25; ≤ 27,"0,00","0,02","0,00","0,02","0,01","0,09","0,55","3,39","7,36","14,87","19,83","28,03","37,96","50,29","42,03","20,97","5,60","1,55","232,6"
> 23; ≤ 25,"0,00","0,01","0,05","0,25","0,71","2,10","4,64","7,17","10,34","13,94","22,22","37,95","52,13","48,44","19,01","3,22","222,2"
> 21; ≤ 23,"0,00","0,07","0,30","0,78","1,85","4,46","8,04","13,07","16,61","22,59","24,83","23,21","20,21","5,61","141,6"
> 19; ≤ 21,"0,00","0,01","0,10","0,12","0,18","0,98","2,60","4,75","8,76","13,47","13,49","11,71","7,81","6,54","3,49","74,0"
> 17; ≤ 19,"0,00","0,01","0,05","0,15","0,56","1,22","2,46","3,39","3,44","2,24","2,13","1,39","0,74","0,51","18,3"
> 15; ≤ 17,"0,00","0,03","0,13","0,24","0,37","0,22","0,05","0,18","0,35","0,31","0,22","0,08","2,2"
> 13; ≤ 15,"0,00","0,01","0,00","0,0"
> 11; ≤ 13,"0,00","0,0"
> 9; ≤ 11,"0,00","0,0"
> 7; ≤ 9,"0,00","0,0"
> 5; ≤ 7,"0,00","0,0"
> 3; ≤ 5,"0,00","0,0"
> 0; ≤ 3,"0,00","0,0"
0,"0,00","0,0"
Tổng,"0,0","0,3","1,6","4,0","8,4","12,8","19,2","33,4","47,9","71,9","92,7","112,1","128,2","149,6","144,5","105,7","53,1","14,5",1000
Tuy Hòa
> 41; ≤ 43,"0,00","0,0"
> 39; ≤ 41,"0,00","0,0"
> 37; ≤ 39,"0,00","0,01","0,00","0,0"
> 35; ≤ 37,"0,00","0,01","0,11","0,15","0,60","0,66","0,39","0,15","0,01","0,00","2,1"
> 33; ≤ 35,"0,00","0,01","0,06","0,41","1,88","3,99","5,65","4,41","1,78","0,25","0,06","0,00","18,5"
> 31; ≤ 33,"0,00","0,02","0,34","2,24","6,72","13,54","15,78","8,67","2,78","0,59","0,01","0,00","0,01","50,7"
> 29; ≤ 31,"0,00","0,09","0,24","0,96","4,63","14,59","23,87","22,64","11,44","3,05","0,47","0,02","0,00","82,0"
> 27; ≤ 29,"0,00","0,01","0,00","0,05","0,13","0,67","3,15","11,42","27,21","35,79","28,76","17,16","6,33","1,16","0,11","0,00","132,0"
> 25; ≤ 27,"0,00","0,01","0,00","0,05","0,12","0,27","1,42","4,51","11,83","25,84","38,22","43,49","40,31","27,14","10,25","1,72","0,09","205,3"
> 23; ≤ 25,"0,00","0,01","0,08","0,02","0,19","1,00","2,56","5,48","8,95","14,75","23,27","36,44","57,41","61,48","30,66","5,83","248,2"
> 21; ≤ 23,"0,00","0,08","0,19","0,34","0,85","2,20","4,83","8,17","11,54","18,26","29,41","41,65","32,36","10,17","160,1"
> 19; ≤ 21,"0,00","0,01","0,04","0,12","0,32","0,98","2,80","4,85","8,49","10,46","15,28","17,98","13,52","3,32","78,2"
> 17; ≤ 19,"0,00","0,02","0,08","0,51","0,98","2,17","1,94","2,50","3,61","4,72","2,86","0,97","20,4"
> 15; ≤ 17,"0,00","0,01","0,07","0,05","0,25","0,07","0,11","0,13","0,38","0,76","0,37","0,34","2,5"
> 13; ≤ 15,"0,00","0,02","0,01","0,06","0,00","0,07","0,2"
> 11; ≤ 13,"0,00","0,0"
> 9; ≤ 11,"0,00","0,0"
> 7; ≤ 9,"0,00","0,0"
> 5; ≤ 7,"0,00","0,0"
> 3; ≤ 5,"0,00","0,0"
> 0; ≤ 3,"0,00","0,0"
0,"0,00","0,0"
Tổng,"0,0","0,2","0,6","2,9","7,3","14,1","24,1","38,2","52,6","73,7","91,5","100,1","106,5","114,5","134,4","137,0","81,5","20,8",1000
Nha Trang
> 41; ≤ 43,"0,00","0,0"
> 39; ≤ 41,"0,00","0,0"
> 37; ≤ 39,"0,00","0,0"
> 35; ≤ 37,"0,00","0,01","0,00","0,0"
> 33; ≤ 35,"0,00","0,03","0,13","0,07","0,01","0,05","0,03","0,00","0,4"
> 31; ≤ 33,"0,00","0,02","0,23","0,58","1,30","2,43","3,23","2,50","0,58","0,10","0,02","0,00","11,0"
> 29; ≤ 31,"0,00","0,02","0,32","1,37","5,77","15,99","26,37","23,82","9,33","2,40","0,35","0,01","0,00","85,8"
> 27; ≤ 29,"0,00","0,01","0,07","0,13","0,71","2,85","10,05","25,03","41,92","42,05","26,72","12,53","2,94","0,55","0,10","0,00","165,7"
> 25; ≤ 27,"0,00","0,13","0,49","1,84","5,53","13,92","25,86","48,40","62,06","57,98","31,43","10,08","1,35","0,01","259,1"
> 23; ≤ 25,"0,00","0,01","0,15","0,60","1,93","4,69","8,11","15,71","24,83","39,57","57,11","65,03","46,66","14,51","0,58","279,5"
> 21; ≤ 23,"0,00","0,01","0,07","0,40","1,00","2,50","6,17","12,59","16,39","19,53","24,71","25,83","25,48","13,85","1,12","149,6"
> 19; ≤ 21,"0,00","0,16","0,35","1,20","2,45","3,67","4,10","5,95","7,59","6,59","6,57","2,30","0,52","41,4"
> 17; ≤ 19,"0,00","0,03","0,28","0,44","0,38","0,67","0,89","1,16","1,51","1,02","0,30","0,09","6,8"
> 15; ≤ 17,"0,00","0,10","0,13","0,08","0,05","0,13","0,17","0,08","0,02","0,00","0,8"
> 13; ≤ 15,"0,00","0,0"
> 11; ≤ 13,"0,00","0,0"
> 9; ≤ 11,"0,00","0,0"
> 7; ≤ 9,"0,00","0,0"
> 5; ≤ 7,"0,00","0,0"
> 3; ≤ 5,"0,00","0,0"
> 0; ≤ 3,"0,00","0,0"
0,"0,00","0,0"
Tổng,"0,0","0,2","0,4","1,4","5,1","16,3","43,5","85,1","124,7","145,9","157,2","161,5","133,5","90,4","32,4","2,3",1000
Cam Ranh
> 41; ≤ 43,"0,00","0,0"
> 39; ≤ 41,"0,00","0,0"
> 37; ≤ 39,"0,00","0,0"
> 35; ≤ 37,"0,00","0,03","0,08","0,18","0,05","0,02","0,01","0,00","0,4"
> 33; ≤ 35,"0,00","0,03","0,17","0,48","0,99","1,83","1,43","0,73","0,18","0,01","0,00","5,9"
> 31; ≤ 33,"0,00","0,02","0,26","1,64","5,48","12,48","14,54","9,03","3,64","0,40","0,00","47,5"
> 29; ≤ 31,"0,00","0,02","0,06","0,32","0,94","3,75","10,66","22,50","30,33","25,44","11,50","2,98","0,25","0,02","0,00","108,8"
> 27; ≤ 29,"0,00","0,05","0,07","0,25","0,88","2,42","5,95","13,44","22,65","31,62","33,36","26,95","12,84","3,25","0,31","0,03","0,01","0,00","154,1"
> 25; ≤ 27,"0,00","0,09","0,30","1,11","1,94","4,08","7,92","12,80","18,08","26,98","41,12","46,28","37,41","17,19","4,30","0,66","0,06","220,3"
> 23; ≤ 25,"0,00","0,06","0,11","0,36","0,93","1,90","5,58","10,24","15,19","18,91","25,09","34,10","49,94","53,54","39,43","14,37","2,51","272,3"
> 21; ≤ 23,"0,00","0,01","0,09","0,38","0,81","2,85","8,98","13,27","15,58","13,25","14,04","16,05","20,03","23,83","17,65","5,12","152,0"
> 19; ≤ 21,"0,00","0,07","0,77","1,80","2,60","3,63","2,62","2,44","2,34","4,11","5,12","4,43","2,39","0,64","33,0"
> 17; ≤ 19,"0,00","0,05","0,26","0,09","0,02","0,13","0,29","0,30","0,50","0,80","1,19","0,64","0,25","0,00","4,5"
> 15; ≤ 17,"0,00","0,01","0,02","0,05","0,08","0,15","0,19","0,30","0,21","0,15","0,06","1,2"
> 13; ≤ 15,"0,00","0,01","0,00","0,01","0,00","0,0"
> 11; ≤ 13,"0,00","0,0"
> 9; ≤ 11,"0,00","0,0"
> 7; ≤ 9,"0,00","0,0"
> 5; ≤ 7,"0,00","0,0"
> 3; ≤ 5,"0,00","0,0"
> 0; ≤ 3,"0,00","0,0"
0,"0,00","0,0"
Tổng,"0,0","0,1","0,2","0,7","1,8","6,1","16,8","38,3","69,5","96,9","111,0","109,7","112,2","110,5","111,8","97,7","72,9","35,5","8,4",1000
Phan Thiết
> 41; ≤ 43,"0,00","0,0"
> 39; ≤ 41,"0,00","0,0"
> 37; ≤ 39,"0,00","0,0"
> 35; ≤ 37,"0,00","0,0"
> 33; ≤ 35,"0,00","0,01","0,05","0,11","0,22","0,13","0,01","0,00","0,03","0,00","0,6"
> 31; ≤ 33,"0,00","0,02","0,33","1,22","2,46","2,50","1,24","1,72","0,74","0,10","0,03","0,01","0,00","10,4"
> 29; ≤ 31,"0,00","0,05","0,24","0,46","0,90","2,82","6,68","11,30","15,92","15,30","8,69","3,13","0,55","0,05","0,01","0,00","66,1"
> 27; ≤ 29,"0,00","0,03","0,08","0,27","0,87","1,65","4,28","9,80","22,49","35,76","38,63","35,37","22,21","4,26","0,43","0,17","0,06","176,4"
> 25; ≤ 27,"0,00","0,03","0,08","0,21","0,39","0,96","3,32","7,34","14,58","24,08","38,57","53,08","62,82","49,92","20,48","3,34","0,23","279,4"
> 23; ≤ 25,"0,00","0,01","0,11","0,21","0,47","1,69","4,06","9,57","16,03","22,23","32,05","49,18","76,30","82,11","26,26","3,26","323,6"
> 21; ≤ 23,"0,00","0,01","0,26","1,00","1,99","4,32","6,21","8,40","10,62","14,00","21,53","29,29","17,41","3,98","119,0"
> 19; ≤ 21,"0,00","0,01","0,37","0,62","1,36","1,71","2,18","2,76","3,79","3,48","2,73","0,99","0,34","20,3"
> 17; ≤ 19,"0,00","0,14","0,21","0,43","0,45","0,59","1,16","0,65","0,10","0,07","4,0"
> 15; ≤ 17,"0,00","0,01","0,02","0,05","0,06","0,05","0,03","0,00","0,2"
> 13; ≤ 15,"0,00","0,0"
> 11; ≤ 13,"0,00","0,0"
> 9; ≤ 11,"0,00","0,0"
> 7; ≤ 9,"0,00","0,0"
> 5; ≤ 7,"0,00","0,0"
> 3; ≤ 5,"0,00","0,0"
> 0; ≤ 3,"0,00","0,0"
0,"0,00","0,0"
Tổng,"0,0","0,1","0,5","1,5","3,8","8,8","19,8","36,5","70,2","100,0","119,2","137,5","153,2","156,8","135,8","48,3","7,9",1000
Kon Tum
> 41; ≤ 43,"0,00","0,0"
> 39; ≤ 41,"0,00","0,0"
> 37; ≤ 39,"0,00","0,0"
> 35; ≤ 37,"0,00","0,0"
> 33; ≤ 35,"0,00","0,0"
> 31; ≤ 33,"0,00","0,0"
> 29; ≤ 31,"0,00","0,0"
> 27; ≤ 29,"0,00","0,01","0,03","0,07","0,02","0,01","0,00","0,2"
> 25; ≤ 27,"0,01","0,06","0,09","0,16","0,17","0,24","0,30","0,22","0,16","0,08","0,02","0,00","1,5"
> 23; ≤ 25,"0,18","0,30","0,51","0,78","1,55","1,88","2,13","2,26","2,49","2,25","1,51","0,87","0,32","0,10","0,08","0,07","0,02","0,00","17,3"
> 21; ≤ 23,"0,35","0,72","1,21","2,25","3,78","4,64","6,76","7,27","8,71","10,34","10,17","8,10","5,72","3,01","1,77","0,95","0,54","0,34","0,10","0,02","76,7"
> 19; ≤ 21,"0,34","0,45","0,90","1,94","2,99","5,31","8,63","9,10","11,24","13,01","12,22","12,19","11,56","9,93","8,34","5,88","3,22","1,97","0,67","0,06","119,9"
> 17; ≤ 19,"0,09","0,18","0,30","0,84","1,84","3,17","6,35","8,68","12,31","14,08","14,53","12,84","12,69","13,39","15,67","17,07","14,51","12,39","5,38","0,26","166,6"
> 15; ≤ 17,"0,01","0,03","0,13","0,23","0,56","1,24","2,96","5,22","8,07","11,99","14,46","15,98","17,92","20,07","21,91","27,02","39,98","68,66","60,58","7,36","324,4"
> 13; ≤ 15,"0,00","0,05","0,03","0,14","0,26","0,80","1,72","3,74","5,97","11,96","20,44","23,11","19,34","15,77","18,58","29,19","29,89","4,90","185,9"
> 11; ≤ 13,"0,00","0,01","0,07","0,19","0,25","0,66","1,53","5,58","12,18","13,81","9,62","8,54","8,32","5,88","3,16","0,56","70,4"
> 9; ≤ 11,"0,00","0,01","0,08","0,11","0,49","2,26","4,58","4,94","4,26","3,97","3,49","2,07","0,98","0,23","27,5"
> 7; ≤ 9,"0,00","0,03","0,19","0,60","1,18","1,14","0,97","1,45","1,39","0,74","0,27","0,05","8,0"
> 5; ≤ 7,"0,00","0,14","0,15","0,23","0,43","0,15","0,11","0,00","1,5"
> 3; ≤ 5,"0,00","0,01","0,02","0,01","0,02","0,00","0,1"
> 0; ≤ 3,"0,00","0,0"
0,"0,00","0,0"
Tổng,"1,0","1,7","3,1","6,3","11,0","16,7","27,5","33,8","45,0","56,3","61,1","70,5","86,7","89,7","82,1","81,0","90,5","121,4","101,2","13,4",1000
Plêiku
> 41; ≤ 43,"0,00","0,0"
> 39; ≤ 41,"0,00","0,0"
> 37; ≤ 39,"0,00","0,0"
> 35; ≤ 37,"0,00","0,0"
> 33; ≤ 35,"0,00","0,02","0,01","0,00","0,02","0,00","0,1"
> 31; ≤ 33,"0,06","0,13","0,30","0,14","0,13","0,10","0,09","0,01","0,00","1,1"
> 29; ≤ 31,"0,16","0,23","0,54","1,11","1,32","1,93","2,43","1,69","0,87","0,24","0,02","0,01","0,00","10,6"
> 27; ≤ 29,"0,23","0,29","0,46","1,23","4,41","3,75","5,48","6,79","7,48","6,29","3,60","1,17","0,16","0,01","0,00","41,4"
> 25; ≤ 27,"0,05","0,16","0,24","0,72","1,38","3,26","5,18","7,72","9,31","11,50","14,83","15,51","9,91","2,93","0,47","0,07","0,00","83,2"
> 23; ≤ 25,"0,01","0,09","0,28","0,76","1,96","3,45","5,18","7,71","8,78","9,55","13,60","19,18","21,31","16,47","8,59","2,86","0,39","0,01","120,3"
> 21; ≤ 23,"0,00","0,01","0,05","0,16","0,64","1,49","2,74","4,69","5,93","7,35","7,41","8,64","11,54","16,87","25,87","28,76","24,72","11,78","1,10","159,8"
> 19; ≤ 21,"0,00","0,01","0,16","0,29","0,98","1,95","3,14","4,42","5,33","6,13","7,14","9,33","13,81","25,70","50,85","94,11","43,74","267,1"
> 17; ≤ 19,"0,00","0,02","0,07","0,20","0,56","1,16","1,93","2,75","3,67","6,30","9,33","12,68","21,81","32,13","51,04","42,00","185,7"
> 15; ≤ 17,"0,00","0,01","0,05","0,07","0,31","0,52","0,99","2,32","3,67","7,24","9,26","14,57","19,03","11,57","2,27","71,9"
> 13; ≤ 15,"0,00","0,01","0,03","0,08","0,11","0,33","0,73","1,45","2,85","5,30","8,83","10,35","6,27","1,06","37,4"
> 11; ≤ 13,"0,00","0,09","0,14","0,21","0,71","1,07","1,94","2,98","5,08","3,01","1,01","16,2"
> 9; ≤ 11,"0,00","0,01","0,03","0,14","0,17","0,33","0,46","0,80","1,39","1,19","0,34","4,9"
> 7; ≤ 9,"0,00","0,01","0,06","0,02","0,10","0,13","0,11","0,03","0,5"
> 5; ≤ 7,"0,00","0,01","0,00","0,0"
> 3; ≤ 5,"0,00","0,0"
> 0; ≤ 3,"0,00","0,0"
0,"0,00","0,0"
Tổng,"0,5","0,9","1,5","3,7","8,2","11,9","18,5","25,4","32,7","37,4","42,4","47,3","51,1","55,2","64,0","78,0","106,4","144,1","179,1","91,6",1000
Buôn Ma Thuột
41; ≤ 43,"0,00","0,0"
> 39; ≤ 41,"0,00","0,0"
> 37; ≤ 39,"0,00","0,0"
> 35; ≤ 37,"0,00","0,0"
> 33; ≤ 35,"0,00","0,01","0,07","0,30","0,40","0,30","0,22","0,03","0,00","1,3"
> 31; ≤ 33,"0,07","0,16","0,22","1,05","2,22","2,16","1,73","1,44","0,43","0,06","0,00","9,5"
> 29; ≤ 31,"0,10","0,27","0,52","1,11","1,81","3,74","4,94","5,11","5,89","4,48","2,19","0,62","0,04","0,00","30,8"
> 27; ≤ 29,"0,04","0,19","0,13","0,69","1,94","2,12","3,91","5,41","7,84","11,85","16,47","15,57","6,35","1,24","0,12","0,01","0,00","0,01","0,00","73,9"
> 25; ≤ 27,"0,01","0,06","0,16","0,46","1,12","2,26","4,03","6,00","9,05","12,71","19,31","23,65","18,94","7,76","2,01","0,35","0,03","0,00","107,9"
> 23; ≤ 25,"0,00","0,01","0,13","0,23","0,46","1,37","2,48","4,68","6,17","7,31","8,39","13,03","17,86","23,82","22,09","12,80","4,94","0,98","0,19","126,9"
> 21; ≤ 23,"0,00","0,01","0,10","0,49","1,05","2,09","3,60","4,78","6,98","7,66","8,61","13,69","20,55","38,87","51,64","37,95","9,89","208,0"
> 19; ≤ 21,"0,00","0,03","0,10","0,29","0,47","1,38","2,46","2,95","4,29","7,18","8,82","14,54","27,37","62,95","98,34","52,68","283,9"
> 17; ≤ 19,"0,00","0,01","0,03","0,00","0,30","0,59","0,62","1,64","3,32","6,07","12,61","23,88","27,72","19,78","6,72","103,3"
> 15; ≤ 17,"0,00","0,09","0,14","0,40","0,86","2,61","6,59","12,06","12,10","5,17","2,12","42,1"
> 13; ≤ 15,"0,00","0,04","0,19","0,56","1,80","3,30","2,89","1,37","0,65","10,8"
> 11; ≤ 13,"0,00","0,01","0,13","0,20","0,42","0,37","0,24","0,04","1,4"
> 9; ≤ 11,"0,00","0,01","0,03","0,01","0,03","0,1"
> 7; ≤ 9,"0,00","0,0"
> 5; ≤ 7,"0,00","0,0"
> 3; ≤ 5,"0,00","0,0"
> 0; ≤ 3,"0,00","0,0"
0,"0,00","0,0"
Tổng,"0,2","0,6","1,0","3,4","7,1","10,0","15,0","19,9","27,4","36,9","46,6","54,6","57,1","58,2","63,6","80,4","119,1","162,7","163,8","72,3",1000
Đà Lạt
> 41; ≤ 43,"0,00",
> 39; ≤ 41,"0,00","0,0"
> 37; ≤ 39,"0,00","0,0"
> 35; ≤ 37,"0,00","0,0"
> 33; ≤ 35,"0,00","0,0"
> 31; ≤ 33,"0,00","0,0"
> 29; ≤ 31,"0,00","0,0"
> 27; ≤ 29,"0,02","0,01","0,00","0,01","0,10","0,00","0,01","0,00","0,2"
> 25; ≤ 27,"0,08","0,09","0,08","0,22","0,17","0,34","0,26","0,08","0,02","0,01","0,00","1,4"
> 23; ≤ 25,"0,23","0,56","0,58","0,66","1,04","1,40","1,44","2,02","2,08","3,24","2,48","1,13","0,32","0,05","0,01","0,00","17,2"
> 21; ≤ 23,"0,21","0,34","0,58","0,97","1,44","1,96","2,83","5,09","5,91","9,92","14,40","17,12","10,66","3,94","1,13","0,26","0,03","0,00","76,8"
> 19; ≤ 21,"0,09","0,14","0,29","0,55","0,75","1,26","1,81","2,85","4,93","8,13","10,26","15,50","22,21","22,50","15,61","8,16","3,82","1,07","0,08","0,00","120,0"
> 17; ≤ 19,"0,02","0,03","0,08","0,18","0,25","0,42","0,83","1,39","1,94","2,66","4,59","7,28","10,04","13,88","20,91","24,92","27,82","28,51","18,98","1,86","166,6"
> 15; ≤ 17,"0,00","0,01","0,00","0,06","0,11","0,16","0,17","0,39","0,62","1,28","1,72","2,79","3,95","6,03","9,06","13,53","28,96","63,19","123,40","68,93","324,3"
> 13; ≤ 15,"0,00","0,03","0,01","0,07","0,08","0,18","0,33","0,64","0,74","1,07","1,73","3,08","4,77","9,30","22,54","37,48","58,70","45,11","185,9"
> 11; ≤ 13,"0,00","0,02","0,05","0,16","0,31","0,49","0,81","1,06","1,66","2,61","5,06","10,16","17,91","18,38","11,63","70,4"
> 9; ≤ 11,"0,00","0,01","0,00","0,01","0,02","0,13","0,21","0,39","0,67","0,96","1,11","2,08","4,13","5,66","7,18","4,93","27,5"
> 7; ≤ 9,"0,00","0,02","0,03","0,01","0,03","0,07","0,24","0,31","0,71","1,43","1,69","1,79","1,59","8,0"
> 5; ≤ 7,"0,00","0,02","0,00","0,02","0,03","0,10","0,19","0,34","0,39","0,34","1,5"
> 3; ≤ 5,"0,00","0,01","0,03","0,05","0,1"
> 0; ≤ 3,"0,00","0,0"
0,"0,00","0,0"
Tổng,"0,7","1,2","1,6","2,7","3,9","5,7","7,5","12,1","16,1","26,4","34,9","46,2","50,7","52,4","55,6","64,1","99,1","155,9","228,9","134,4",1000
Phước Long
> 41; ≤ 43,"0,00","0,0"
> 39; ≤ 41,"0,00","0,0"
> 37; ≤ 39,"0,00","0,0"
> 35; ≤ 37,"0,00","0,05","0,03","0,15","0,08","0,03","0,00","0,3"
> 33; ≤ 35,"0,10","0,07","0,26","0,48","0,92","1,28","0,92","0,49","0,10","0,00","4,6"
> 31; ≤ 33,"0,07","0,21","0,32","1,38","3,26","5,25","6,45","7,21","5,33","2,11","0,17","0,00","0,01","0,00","31,8"
> 29; ≤ 31,"0,00","0,02","0,39","1,32","3,54","6,55","10,48","14,51","17,60","20,38","14,79","5,66","0,86","0,11","0,00","96,2"
> 27; ≤ 29,"0,00","0,01","0,03","0,64","2,69","3,60","7,04","9,76","12,21","15,21","20,60","24,95","19,96","8,97","2,75","0,40","0,03","0,00","128,9"
> 25; ≤ 27,"0,00","0,03","0,10","0,51","1,35","2,13","4,45","6,18","8,07","10,62","12,49","18,42","23,01","22,60","16,74","7,52","1,54","0,17","0,00","135,9"
> 23; ≤ 25,"0,00","0,01","0,00","0,06","0,26","0,72","1,51","2,61","4,77","7,12","8,87","11,57","13,26","17,21","28,49","39,98","39,42","23,80","2,26","201,9"
> 21; ≤ 23,"0,00","0,02","0,13","0,36","0,92","2,28","4,66","7,50","9,01","9,78","10,69","14,73","27,49","54,68","104,95","42,64","289,9"
> 19; ≤ 21,"0,00","0,01","0,07","0,22","0,57","1,74","3,77","5,36","6,56","7,40","7,80","8,23","11,89","18,91","14,65","87,2"
> 17; ≤ 19,"0,00","0,01","0,06","0,11","0,56","1,17","1,96","2,61","3,00","2,36","2,74","2,49","1,56","0,41","19,0"
> 15; ≤ 17,"0,00","0,02","0,17","0,33","0,39","0,35","0,41","0,73","0,68","0,67","0,29","0,01","4,1"
> 13; ≤ 15,"0,00","0,07","0,02","0,03","0,00","0,02","0,05","0,00","0,2"
> 11; ≤ 13,"0,00","0,0"
> 9; ≤ 11,"0,00","0,0"
> 7; ≤ 9,"0,00","0,0"
> 5; ≤ 7,"0,00","0,0"
> 3; ≤ 5,"0,00","0,0"
> 0; ≤ 3,"0,00","0,0"
0,"0,00","0,0"
Tổng,"0,2","0,3","1,1","4,0","11,1","18,4","27,9","38,4","45,2","53,5","60,4","64,8","67,5","64,7","64,1","71,3","86,7","110,7","149,7","60,0",1000
Tây Ninh
> 41; ≤ 43,"0,00","0,0"
> 39; ≤ 41,"0,00","0,0"
> 37; ≤ 39,"0,00","0,0"
> 35; ≤ 37,"0,00","0,01","0,03","0,05","0,20","0,30","0,22","0,03","0,00","0,8"
> 33; ≤ 35,"0,00","0,06","0,26","0,57","1,07","2,16","3,52","2,79","1,22","0,13","0,01","0,00","11,8"
> 31; ≤ 33,"0,00","0,20","0,77","1,99","4,74","8,04","11,35","13,60","11,67","4,02","0,49","0,09","0,00","0,01","0,00","57,0"
> 29; ≤ 31,"0,02","0,09","0,32","0,61","1,55","3,71","7,01","12,03","17,04","24,83","27,89","23,40","9,94","2,01","0,38","0,03","0,01","0,00","130,9"
> 27; ≤ 29,"0,00","0,01","0,10","0,26","1,05","1,39","2,93","5,46","7,29","11,61","13,67","18,67","27,41","24,94","15,76","6,58","1,56","0,24","0,01","0,00","138,9"
> 25; ≤ 27,"0,00","0,05","0,08","0,11","0,49","0,98","1,67","2,92","5,48","6,92","8,33","11,31","16,35","24,73","33,21","29,82","19,66","8,70","1,29","172,2"
> 23; ≤ 25,"0,00","0,01","0,06","0,20","0,40","1,45","2,54","3,47","5,20","6,14","7,56","11,94","19,28","31,48","59,06","96,64","34,50","279,9"
> 21; ≤ 23,"0,00","0,01","0,15","0,51","1,22","1,58","1,84","2,64","4,02","5,77","7,86","12,27","23,05","68,33","38,01","167,3"
> 19; ≤ 21,"0,00","0,01","0,00","0,06","0,21","0,63","0,86","1,09","1,36","2,76","3,66","3,31","5,30","8,23","3,51","31,0"
> 17; ≤ 19,"0,00","0,02","0,07","0,09","0,21","0,52","0,66","1,12","0,92","1,23","2,22","1,28","8,5"
> 15; ≤ 17,"0,00","0,01","0,00","0,03","0,10","0,21","0,28","0,20","0,21","0,26","0,23","1,5"
> 13; ≤ 15,"0,00","0,03","0,01","0,03","0,02","0,00","0,05","0,1"
> 11; ≤ 13,"0,00","0,0"
> 9; ≤ 11,"0,00","0,0"
> 7; ≤ 9,"0,00","0,0"
> 5; ≤ 7,"0,00","0,0"
> 3; ≤ 5,"0,00","0,0"
> 0; ≤ 3,"0,00","0,0"
0,"0,00","0,0"
Tổng,"0,0","0,2","1,0","2,4","6,0","12,9","22,9","33,9","44,1","57,8","58,3","59,0","58,9","56,9","62,3","72,0","79,6","108,8","184,4","78,9",1000
Vũng Tàu
> 41; ≤ 43,"0,00","0,01","0,00","0,0"
> 39; ≤ 41,"0,00","0,0"
> 37; ≤ 39,"0,00","0,0"
> 35; ≤ 37,"0,00","0,0"
> 33; ≤ 35,"0,00","0,03","0,00","0,1"
> 31; ≤ 33,"0,00","0,01","0,03","0,28","0,85","1,97","1,89","0,81","0,27","0,00","6,1"
> 29; ≤ 31,"0,00","0,09","0,15","0,86","2,88","8,99","19,33","27,53","16,11","4,77","0,63","0,02","0,00","81,4"
> 27; ≤ 29,"0,00","0,08","0,14","0,41","1,06","2,85","8,12","18,87","36,27","48,98","48,14","35,86","14,99","2,20","0,16","0,00","218,1"
> 25; ≤ 27,"0,00","0,13","0,37","0,94","1,54","4,62","9,70","18,02","26,71","42,44","74,23","89,64","61,69","16,56","1,75","0,10","348,5"
> 23; ≤ 25,"0,00","0,06","0,17","0,26","0,65","2,12","4,90","10,87","21,75","36,74","60,00","67,74","49,62","20,47","1,90","277,3"
> 21; ≤ 23,"0,00","0,05","0,08","0,35","1,11","2,38","5,51","8,36","11,93","11,90","11,22","7,96","1,46","62,3"
> 19; ≤ 21,"0,00","0,01","0,10","0,27","0,36","0,52","1,07","1,25","1,03","0,62","0,56","0,14","5,9"
> 17; ≤ 19,"0,00","0,02","0,00","0,05","0,01","0,14","0,06","0,05","0,00","0,4"
> 15; ≤ 17,"0,00","0,0"
> 13; ≤ 15,"0,00","0,0"
> 11; ≤ 13,"0,00","0,0"
> 9; ≤ 11,"0,00","0,0"
> 7; ≤ 9,"0,00","0,0"
> 5; ≤ 7,"0,00","0,0"
> 3; ≤ 5,"0,00","0,0"
> 0; ≤ 3,"0,00","0,0"
0,"0,00","0,0"
Tổng,"0,0","0,1","0,4","1,0","3,3","8,5","24,5","52,4","88,9","105,7","123,2","156,9","177,8","144,7","78,2","30,8","3,6",1000
Mộc Hóa
> 41; ≤ 43,"0,00","0,0"
> 39; ≤ 41,"0,00","0,0"
> 37; 39,"0,00","0,0"
> 35; ≤ 37,"0,00","0,02","0,06","0,05","0,13","0,05","0,00","0,3"
> 33; ≤ 35,"0,00","0,17","0,65","1,50","2,09","1,32","0,62","0,07","0,00","6,4"
> 31; ≤ 33,"0,00","0,01","0,33","1,03","3,88","9,05","12,40","11,54","5,50","1,48","0,17","0,05","0,01","0,00","45,4"
> 29; ≤ 31,"0,00","0,02","0,16","0,73","2,04","6,29","13,39","24,23","30,65","25,00","11,65","3,79","1,02","0,23","0,01","0,00","119,2"
> 27; ≤ 29,"0,00","0,01","0,07","0,23","0,34","1,16","2,25","4,58","11,12","16,28","26,65","30,21","28,61","20,67","10,71","3,58","0,68","0,15","0,00","157,3"
> 25; ≤ 27,"0,00","0,01","0,08","0,10","0,45","0,90","1,29","3,13","5,15","8,51","12,59","19,13","30,18","46,13","48,46","38,14","19,77","2,88","236,9"
> 23; ≤ 25,"0,00","0,09","0,24","0,27","0,82","1,47","2,84","4,91","7,19","11,52","24,25","45,00","85,92","103,23","16,52","304,3"
> 21; ≤ 23,"0,00","0,02","0,07","0,26","0,38","0,79","1,42","3,05","5,34","8,49","11,95","23,51","38,03","9,61","102,9"
> 19; ≤ 21,"0,00","0,11","0,16","0,21","0,46","0,92","1,52","3,29","3,82","6,13","1,96","22,4"
> 17; ≤ 19,"0,00","0,08","0,02","0,05","0,21","0,31","0,32","1,05","0,63","0,70","0,79","0,05","4,2"
> 15; ≤ 17,"0,00","0,01","0,02","0,10","0,21","0,09","0,08","0,06","0,01","0,6"
> 13; ≤ 15,"0,00","0,02","0,01","0,00","0,0"
> 11; ≤ 13,"0,00","0,0"
> 9; ≤ 11,"0,00","0,0"
> 7; ≤ 9,"0,00","0,0"
> 5; ≤ 7,"0,00","0,0"
> 3; ≤ 5,"0,00","0,0"
> 0; ≤ 3,"0,00","0,0"
0,"0,00","0,0"
Tổng,"0,0","0,1","1,0","2,9","9,2","21,0","33,4","51,9","59,7","65,5","61,6","63,1","70,7","94,4","113,6","152,9","168,1","31,0",1000
Mỹ Tho
> 41; ≤ 43,"0,00","0,0"
> 39; ≤ 41,"0,00","0,0"
> 37; ≤ 39,"0,00","0,0"
> 35; ≤ 37,"0,00","0,0"
> 33; ≤ 35,"0,00","0,14","0,62","1,14","0,68","0,40","0,10","0,00","3,1"
> 31; ≤ 33,"0,00","0,09","0,59","2,89","6,65","8,59","6,34","2,11","0,25","0,01","0,00","27,5"
> 29; ≤ 31,"0,00","0,02","0,00","0,21","0,99","3,14","9,00","18,20","29,09","25,44","14,91","5,44","1,43","0,25","0,09","0,01","0,00","108,2"
> 27; ≤ 29,"0,00","0,01","0,18","0,75","2,10","4,03","7,92","14,27","21,87","28,70","26,29","19,90","12,95","6,51","1,53","0,23","0,05","0,00","147,3"
> 25; ≤ 27,"0,00","0,03","0,09","0,30","0,47","1,27","2,14","4,60","7,23","10,79","15,24","20,95","31,11","38,31","34,96","20,28","7,08","0,98","195,8"
> 23; ≤ 25,"0,00","0,01","0,02","0,19","0,29","0,74","1,35","3,10","5,33","9,33","17,35","34,01","63,45","87,46","71,11","21,79","315,5"
> 21; ≤ 23,"0,00","0,03","0,06","0,14","0,37","0,60","1,05","2,36","6,41","13,72","26,29","45,05","54,51","22,22","172,8"
> 19; ≤ 21,"0,00","0,02","0,09","0,15","0,39","0,52","1,20","2,33","4,87","6,72","5,81","3,06","25,2"
> 17; ≤ 19,"0,00","0,05","0,08","0,05","0,13","0,35","0,41","0,60","0,90","1,07","0,42","4,1"
> 15; ≤ 17,"0,00","0,01","0,05","0,07","0,10","0,13","0,10","0,00","0,5"
> 13; ≤ 15,"0,00","0,0"
> 11; ≤ 13,"0,00","0,0"
> 9; ≤ 11,"0,00","0,0"
> 7; ≤ 9,"0,00","0,0"
> 5; ≤ 7,"0,00","0,0"
> 3; ≤ 5,"0,00","0,0"
> 0; ≤ 3,"0,00","0,0"
0,"0,00","0,0"
Tổng,"0,0","0,7","3,3","9,8","21,9","37,6","55,3","58,5","58,6","53,8","54,6","69,7","95,5","131,8","160,8","139,7","48,5",1000
Cao Lãnh
> 41; ≤ 43,"0,00","0,0"
> 39; ≤ 41,"0,00","0,0"
> 37; ≤ 39,"0,00","0,0"
> 35; ≤ 37,"0,00","0,0"
> 33; ≤ 35,"0,00","0,01","0,08","0,30","0,37","0,28","0,06","0,00","1,1"
> 31; ≤ 33,"0,00","0,03","0,39","1,74","5,42","8,34","6,69","1,69","0,31","0,01","0,00","0,01","0,00","24,6"
> 29; ≤ 31,"0,00","0,01","0,30","1,27","5,72","15,90","28,32","29,95","14,22","4,39","0,94","0,13","0,00","101,1"
> 27; ≤ 29,"0,00","0,02","0,09","0,64","1,69","5,75","14,15","27,89","39,27","36,56","22,70","11,32","3,60","0,40","0,05","0,00","164,1"
> 25; ≤ 27,"0,00","0,01","0,07","0,31","0,78","1,64","3,97","8,66","13,87","21,50","33,01","44,32","50,00","43,18","18,02","0,78","240,1"
> 23; ≤ 25,"0,00","0,01","0,00","0,08","0,16","0,39","0,91","2,08","3,88","7,29","11,26","22,21","40,28","92,85","121,62","16,75","319,8"
> 21; ≤ 23,"0,00","0,09","0,31","0,56","1,06","2,32","3,91","7,59","11,80","24,66","52,65","11,93","116,9"
> 19; ≤ 21,"0,00","0,07","0,17","0,45","0,67","1,20","1,93","2,86","4,36","11,09","2,98","25,8"
> 17; ≤ 19,"0,00","0,01","0,06","0,09","0,29","0,44","0,69","0,68","0,76","1,84","0,60","5,5"
> 15; ≤ 17,"0,00","0,02","0,03","0,10","0,18","0,24","0,08","0,21","0,9"
> 13; ≤ 15,"0,00","0,01","0,02","0,00","0,0"
> 11; ≤ 13,"0,00","0,0"
> 9; ≤ 11,"0,00","0,0"
> 7; ≤ 9,"0,00","0,0"
> 5; ≤ 7,"0,00","0,0"
> 3; ≤ 5,"0,00","0,0"
> 0; ≤ 3,"0,00","0,0"
0,"0,00","0,0"
Tổng,"0,0","0,1","0,9","4,3","14,1","32,4","54,5","71,1","73,2","73,1","73,5","88,3","109,4","166,5","205,3","33,2",1000
Càng Long
> 41; ≤ 43,"0,00","0,0"
> 39; ≤ 41,"0,00","0,0"
> 37; ≤ 39,"0,00","0,0"
> 35; ≤ 37,"0,00","0,01","0,00","0,0"
> 33; ≤ 35,"0,00","0,02","0,25","0,67","0,76","0,33","0,13","0,00","2,2"
> 31; ≤ 33,"0,00","0,03","0,32","1,43","4,36","6,87","6,64","4,72","0,89","0,09","0,00","25,3"
> 29; ≤ 31,"0,00","0,07","0,67","2,41","5,92","11,97","21,16","24,61","22,79","12,00","2,89","0,65","0,08","0,01","0,00","105,2"
> 27; ≤ 29,"0,00","0,01","0,25","0,47","1,12","3,24","6,67","11,97","15,70","21,08","26,78","23,72","18,13","7,22","1,86","0,33","0,00","138,5"
> 25; ≤ 27,"0,00","0,05","0,08","0,06","0,18","0,54","1,57","3,09","5,62","9,06","12,78","15,29","25,37","32,91","31,90","22,83","8,42","1,25","171,0"
> 23; ≤ 25,"0,00","0,01","0,02","0,07","0,14","0,34","0,91","1,65","3,70","5,81","12,45","20,43","37,51","83,44","136,91","39,70","343,1"
> 21; ≤ 23,"0,00","0,01","0,00","0,16","0,35","0,73","1,15","3,32","7,31","15,85","35,66","83,60","30,09","178,3"
> 19; ≤ 21,"0,00","0,01","0,03","0,09","0,24","0,40","0,68","1,38","2,66","7,24","12,98","4,55","30,3"
> 17; ≤ 19,"0,00","0,02","0,07","0,13","0,17","0,32","1,07","2,65","1,14","5,7"
> 15; ≤ 17,"0,00","0,01","0,02","0,07","0,21","0,07","0,4"
> 13; ≤ 15,"0,00","0,0"
> 11; ≤ 13,"0,00","0,0"
> 9; ≤ 11,"0,00","0,0"
> 7; ≤ 9,"0,00","0,0"
> 5; ≤ 7,"0,00","0,0"
> 3; ≤ 5,"0,00","0,0"
> 0; ≤ 3,"0,00","0,0"
0,"0,00","0,0"
Tổng,"0,0","0,1","0,5","1,8","5,8","14,9","27,6","43,3","51,8","55,9","56,4","49,4","60,7","69,5","90,1","150,6","244,8","76,8",1000
Cần Thơ
> 41; ≤ 43,"0,00","0,0"
> 39; ≤ 41,"0,00","0,0"
> 37; ≤ 39,"0,00","0,0"
> 35; ≤ 37,"0,00","0,0"
> 33; ≤ 35,"0,00","0,07","0,19","0,33","0,37","0,02","0,00","1,0"
> 31; ≤ 33,"0,00","0,01","0,24","1,70","6,05","8,49","7,08","2,20","0,47","0,03","0,00","26,3"
> 29; ≤ 31,"0,00","0,03","0,27","1,85","6,96","15,25","27,29","29,55","19,45","6,91","1,22","0,15","0,01","0,00","0,01","0,00","109,0"
> 27; ≤ 29,"0,00","0,15","0,57","1,94","6,02","11,59","19,79","29,90","34,19","25,04","14,37","5,59","1,07","0,09","0,00","150,3"
> 25; ≤ 27,"0,00","0,07","0,10","0,18","0,62","1,47","3,50","6,18","10,98","16,80","22,74","34,50","45,43","45,47","28,82","7,81","0,32","225,0"
> 23; ≤ 25,"0,00","0,06","0,09","0,31","0,65","1,27","3,18","6,10","10,35","15,19","28,81","57,33","99,81","104,50","15,87","343,6"
> 21; ≤ 23,"0,00","0,01","0,03","0,19","0,49","0,73","1,52","2,89","5,45","10,43","17,91","28,02","41,81","15,29","124,8"
> 19; ≤ 21,"0,00","0,05","0,21","0,42","0,48","0,72","0,80","1,59","2,72","3,64","5,07","1,78","17,5"
> 17; ≤ 19,"0,00","0,05","0,11","0,30","0,18","0,19","0,25","0,74","0,27","2,5"
> 15; ≤ 17,"0,00","0,01","0,03","0,02","0,03","0,01","0,2"
> 13; ≤ 15,"0,00","0,0"
> 11; ≤ 13,"0,00","0,0"
> 9; ≤ 11,"0,00","0,0"
> 7; ≤ 9,"0,00","0,0"
> 5; ≤ 7,"0,00","0,0"
> 3; ≤ 5,"0,00","0,0"
> 0; ≤ 3,"0,00","0,0"
0,"0,00","0,0"
Tổng,"0,0","0,1","0,9","4,6","16,0","31,9","50,4","59,7","65,2","66,2","63,3","70,7","92,1","124,8","160,7","160,0","33,5",1000
Sóc Trăng
> 41; ≤ 43,"0,00","0,0"
> 39; ≤ 41,"0,00","0,0"
> 37; ≤ 39,"0,00","0,0"
> 35; ≤ 37,"0,00","0,0"
> 33; ≤ 35,"0,00","0,09","0,13","0,30","0,49","0,30","0,03","0,00","1,4"
> 31; ≤ 33,"0,00","0,13","0,39","1,64","3,42","5,44","5,31","1,97","0,58","0,02","0,00","18,9"
> 29; ≤ 31,"0,00","0,01","0,16","0,47","1,90","6,12","11,14","18,54","22,22","21,05","11,12","2,77","0,56","0,02","0,00","96,1"
> 27; ≤ 29,"0,00","0,01","0,18","0,51","1,00","3,57","7,26","13,17","15,80","21,96","28,35","27,13","19,62","10,55","2,73","0,36","0,02","0,00","152,2"
> 25; ≤ 27,"0,00","0,03","0,09","0,21","0,38","0,75","1,63","4,06","6,69","10,02","12,35","16,76","25,95","40,46","44,86","35,45","11,96","1,08","212,7"
> 23; ≤ 25,"0,00","0,01","0,02","0,07","0,16","0,63","1,06","2,23","4,49","8,91","13,78","26,10","50,47","106,33","116,38","22,66","353,3"
> 21; ≤ 23,"0,00","0,01","0,06","0,21","0,37","0,75","1,97","3,96","9,91","18,44","36,78","54,39","13,70","140,5"
> 19; ≤ 21,"0,00","0,07","0,08","0,31","0,52","0,58","1,55","3,28","6,03","6,64","2,48","21,5"
> 17; ≤ 19,"0,00","0,05","0,09","0,16","0,06","0,24","0,91","1,17","0,53","3,2"
> 15; ≤ 17,"0,00","0,01","0,00","0,01","0,07","0,1"
> 13; ≤ 15,"0,00","0,0"
> 11; ≤ 13,"0,00","0,0"
> 9; ≤ 11,"0,00","0,0"
> 7; ≤ 9,"0,00","0,0"
> 5; ≤ 7,"0,00","0,0"
> 3; ≤ 5,"0,00","0,0"
> 0; ≤ 3,"0,00","0,0"
0,"0,00","0,0"
Tổng,"0,0","0,1","0,7","1,7","5,2","14,4","25,9","41,8","48,1","56,3","57,4","58,2","64,6","88,7","120,0","185,9","190,6","40,5",1000
Rạch Giá
> 41; ≤ 43,"0,00","0,0"
> 39; ≤ 41,"0,00","0,0"
> 37; ≤ 39,"0,00","0,0"
> 35; ≤ 37,"0,00","0,0"
> 33; ≤ 35,"0,00","0,02","0,05","0,08","0,02","0,00","0,2"
> 31; ≤ 33,"0,00","0,01","0,15","0,45","1,61","1,52","1,66","1,55","0,92","0,36","0,02","0,00","8,2"
> 29; ≤ 31,"0,00","0,01","0,24","0,72","2,90","6,41","10,54","12,85","14,36","14,82","9,49","2,96","0,40","0,01","0,00","75,7"
> 27; ≤ 29,"0,00","0,02","0,20","0,69","3,34","8,19","15,19","24,51","30,44","43,08","54,28","34,33","9,68","0,81","0,01","0,00","224,8"
> 25; ≤ 27,"0,00","0,02","0,13","0,30","1,12","3,38","7,33","12,91","17,21","24,96","47,06","87,81","88,43","36,09","6,31","0,35","333,4"
> 23; ≤ 25,"0,00","0,05","0,14","0,28","0,89","1,94","4,50","6,54","9,76","16,88","31,35","57,31","72,04","42,08","3,09","246,8"
> 21; ≤ 23,"0,00","0,06","0,25","0,53","0,92","2,08","3,26","6,49","10,02","17,28","24,93","21,70","3,13","90,7"
> 19; ≤ 21,"0,00","0,02","0,08","0,14","0,44","0,62","1,12","1,68","2,38","2,97","4,44","2,89","0,30","17,1"
> 17; ≤ 19,"0,00","0,03","0,06","0,16","0,43","0,63","0,62","0,24","0,33","0,38","0,03","2,9"
> 15; ≤ 17,"0,00","0,08","0,07","0,03","0,01","0,03","0,00","0,2"
> 13; ≤ 15,"0,00","0,0"
> 11; ≤ 13,"0,00","0,0"
> 9; ≤ 11,"0,00","0,0"
> 7; ≤ 9,"0,00","0,0"
> 5; ≤ 7,"0,00","0,0"
> 3; ≤ 5,"0,00","0,0"
> 0; ≤ 3,"0,00","0,0"
0,"0,00","0,0"
Tổng,"0,0","0,4","1,6","5,7","12,8","25,0","39,6","58,6","72,2","92,1","130,1","167,0","176,0","138,7","73,4","6,9",1000
Cà Mau
> 41; ≤ 43,"0,00","0,0"
> 39; ≤ 41,"0,00","0,0"
> 37; ≤ 39,"0,00","0,02","0,25","0,41","0,19","0,02","0,01","0,00","0,9"
> 35; ≤ 37,"0,00","0,01","0,14","0,65","2,70","6,33","7,20","2,68","0,34","0,05","0,00","20,1"
> 33; ≤ 35,"0,00","0,06","0,47","2,36","7,86","19,80","32,75","24,30","8,56","1,71","0,39","0,06","0,00","98,3"
> 31; ≤ 33,"0,00","0,09","0,38","1,44","3,79","10,52","20,11","29,22","36,35","31,66","22,74","10,81","2,88","0,47","0,02","0,00","170,5"
> 29; ≤ 31,"0,00","0,01","0,03","0,23","0,47","1,21","2,77","6,55","11,56","15,59","24,88","41,50","65,14","67,01","51,18","12,39","0,39","301,0"
> 27; ≤ 29,"0,00","0,02","0,13","0,15","0,55","0,91","2,43","5,18","11,42","20,17","37,69","59,12","91,53","78,37","7,29","315,0"
> 25; ≤ 27,"0,00","0,01","0,06","0,13","0,29","0,62","1,07","2,01","4,53","9,54","14,69","20,74","27,72","5,60","87,0"
> 23; ≤ 25,"0,00","0,02","0,05","0,14","0,39","0,30","0,56","0,67","0,91","1,65","1,37","0,05","6,7"
> 21; ≤ 23,"0,00","0,02","0,08","0,06","0,13","0,03","0,02","0,03","0,15","0,06","0,6"
> 19; ≤ 21,"0,00","0,0"
> 17; ≤ 19,"0,00","0,0"
> 15; ≤ 17,"0,00","0,0"
> 13; ≤ 15,"0,00","0,0"
> 11; ≤ 13,"0,00","0,0"
> 9; ≤ 11,"0,00","0,0"
> 7; ≤ 9,"0,00","0,0"
> 5; ≤ 7,"0,00","0,0"
> 3; ≤ 5,"0,00","0,0"
> 0; ≤ 3,"0,00","0,0"
0,"0,00","0,0"
Tổng,"0,0","0,4","2,0","7,5","19,6","41,0","63,4","68,9","67,2","72,3","90,0","123,9","144,6","165,6","120,0","13,4",1000
