Giờ,Tháng 1,Tháng 2,Tháng 3,Tháng 4,Tháng 5,Tháng 6,Tháng 7,Tháng 8,Tháng 9,Tháng 10,Tháng 11,Tháng 12
Trạm Lai Châu,,,,,,,,,,,,
1,"15,7","17,2","20,0","22,7","24,4","25,4","25,3","25,2","24,7","22,7","19,7","16,6"
2,"15,5","16,8","19,6","22,3","24,1","25,2","25,1","25,0","24,5","22,5","19,5","16,4"
3,"15,4","16,6","19,3","22,1","23,9","25,1","25,0","24,8","24,4","22,4","19,4","16,3"
4,"15,2","16,4","19,0","21,9","23,7","25,0","24,9","24,7","24,3","22,3","19,3","16,2"
5,"15,2","16,2","18,8","21,7","23,6","24,9","24,8","24,6","24,2","22,2","19,2","16,1"
6,"15,2","16,1","18,7","21,6","23,6","24,9","24,8","24,6","24,1","22,1","19,2","16,1"
7,"15,1","16,0","18,6","21,7","23,8","25,0","24,9","24,7","24,2","22,2","19,1","16,0"
8,"15,4","16,3","19,1","22,5","24,8","25,7","25,6","25,4","25,0","22,9","19,6","16,3"
9,"16,0","17,0","20,0","23,7","25,9","26,5","26,4","26,3","26,0","23,9","20,4","17,0"
10,"17,0","18,3","21,6","25,2","27,3","27,5","27,3","27,5","27,2","25,3","21,6","18,1"
11,"18,3","20,0","23,4","27,0","28,6","28,5","28,3","28,6","28,3","26,6","22,9","19,3"
12,"19,7","21,7","25,3","28,7","30,0","29,5","29,2","29,6","29,5","27,8","24,2","20,6"
13,"21,0","23,4","27,0","30,2","31,0","30,3","29,9","30,5","28,8","25,3","21,8",
14,"21,9","24,6","28,3","31,2","31,5","30,6","30,1","31,0","29,5","26,0","22,5",
15,"22,4","25,4","29,0","31,7","31,8","30,6","30,4","31,3","29,7","26,4","22,9",
16,"22,5","25,6","29,1","31,6","31,9","30,5","31,2","29,4","26,1","22,7",,
17,"21,5","24,7","28,2","30,8","31,3","30,0","30,2","30,7","30,4","28,0","24,5","21,3"
18,"20,0","22,8","26,4","29,0","29,7","29,1","29,2","28,6","26,4","23,1","20,1",
19,"18,9","21,3","24,8","27,3","28,2","28,0","27,9","27,4","25,3","22,1","19,2",
20,"18,0","20,2","23,5","26,1","27,0","27,2","27,1","26,6","24,6","21,4","18,4",
21,"17,4","19,3","22,6","25,1","26,3","26,6","26,5","26,0","24,0","20,8","17,8",
22,"16,8","18,6","21,7","24,3","25,7","26,2","26,1","26,0","25,6","23,5","20,4","17,4"
23,"16,4","18,0","21,1","23,7","25,1","25,8","25,7","25,2","23,2","20,0","17,0",
24,"16,0","17,6","20,6","23,2","24,8","25,6","25,5","25,4","24,9","22,9","19,8","16,8"
Trạm Điện Biên,,,,,,,,,,,,
1,"14,9","16,2","18,4","21,3","23,4","24,9","24,6","24,2","23,4","21,4","18,2","14,8"
2,"14,6","15,8","18,0","21,0","23,1","24,7","24,4","24,0","23,2","21,1","17,9","14,6"
3,"14,4","15,5","17,7","20,7","23,0","24,5","24,2","23,8","23,1","21,0","17,8","14,4"
4,"14,2","15,2","17,4","20,5","22,8","24,3","24,1","23,7","23,0","20,8","17,7","14,3"
5,"14,1","15,0","17,2","20,4","22,7","24,3","24,0","23,6","22,9","20,8","17,6","14,3"
6,"14,0","14,8","17,1","20,3","22,6","24,2","24,0","23,6","22,9","20,8","17,6","14,2"
7,"14,0","14,7","17,1","20,4","23,0","24,4","24,1","23,7","23,0","20,8","17,6","14,2"
8,"14,2","15,1","17,7","21,3","24,1","25,3","24,8","24,5","23,8","21,6","18,1","14,7"
9,"14,7","15,7","18,7","22,4","25,4","26,2","25,7","25,3","24,8","22,7","18,9","15,3"
10,"15,6","17,1","20,3","24,1","27,0","27,4","26,6","26,4","26,2","24,4","20,3","16,4"
11,"17,1","19,0","22,2","25,8","28,4","27,5","27,4","27,5","26,2","22,3","18,1",
12,"18,8","21,0","24,1","27,5","29,5","29,3","28,2","28,3","28,6","27,6","24,3","20,0"
13,"20,5","23,1","26,0","28,9","30,4","29,9","28,8","29,0","29,5","28,6","25,6","21,6"
14,"21,8","24,6","27,2","29,6","30,7","30,1","29,1","29,3","29,8","29,2","26,5","22,6"
15,"22,7","25,5","27,9","29,8","30,7","30,1","29,2","29,4","30,0","29,3","26,9","23,2"
16,"23,0","25,7","28,0","29,8","30,5","29,9","29,1","29,3","29,7","29,0","26,8","23,3"
17,"22,6","25,3","27,4","29,3","30,0","29,5","28,7","29,0","29,1","28,1","25,8","22,5"
18,"20,6","23,6","25,7","28,1","29,0","28,9","28,1","27,9","26,1","23,2","20,2",
19,"19,0","21,2","23,4","25,9","27,2","28,0","27,2","26,8","26,2","24,6","21,8","18,8"
20,"17,8","19,8","22,0","24,4","25,9","27,0","26,3","25,8","25,3","23,6","20,8","17,6"
21,"17,0","18,7","20,9","23,5","25,2","26,4","25,8","25,3","24,6","22,9","19,9","16,8"
22,"16,3","17,8","20,0","22,8","24,5","25,9","25,4","24,9","24,2","22,4","19,4","16,1"
23,"15,8","17,2","19,5","22,2","24,1","25,5","25,0","24,6","23,8","21,9","18,8","15,6"
24,"15,3","16,7","19,0","21,8","23,7","25,2","24,8","24,3","23,6","21,6","18,4","15,1"
Sơn La,,,,,,,,,,,,
1,"12,7","14,9","18,0","21,2","23,0","23,8","23,6","23,3","22,7","20,3","17,0","13,5"
2,"12,4","14,4","17,5","20,7","22,7","23,6","23,4","23,1","22,4","20,0","16,7","13,1"
3,"12,2","14,0","17,2","20,4","22,5","23,4","23,2","22,9","22,2","19,8","16,5","12,9"
4,"12,0","13,8","16,9","20,1","22,4","23,3","23,1","22,8","22,1","19,6","16,3","12,7"
5,"11,8","13,5","16,7","19,9","22,3","23,3","23,1","22,7","21,9","19,4","16,2","12,6"
6,"11,8","13,4","16,6","19,8","22,2","23,3","23,0","22,7","21,9","19,4","16,1","12,4"
7,"11,7","13,3","16,6","20,0","22,7","23,7","23,4","22,9","22,1","19,5","16,1","12,4"
8,"12,2","14,0","17,4","21,2","24,3","25,1","24,6","24,2","23,5","20,9","17,4","13,2"
9,"13,2","15,3","18,6","22,5","25,8","26,2","25,7","25,4","24,9","22,5","18,9","14,5"
10,"14,8","17,4","20,4","24,1","27,1","27,3","26,8","26,6","26,3","24,1","20,8","16,3"
11,"16,3","19,2","22,1","25,6","28,1","28,0","27,5","27,4","27,2","25,2","22,2","17,8"
12,"17,6","20,8","23,6","26,8","28,7","28,5","27,9","28,1","27,8","26,0","23,1","18,9"
13,"18,6","22,1","24,9","27,8","29,3","28,7","28,3","28,5","28,3","26,5","23,8","19,7"
14,"19,1","22,8","25,6","28,3","29,5","28,6","28,4","28,6","28,5","26,7","24,0","20,1"
15,"19,5","23,2","26,1","28,6","29,6","28,7","28,5","28,6","28,5","26,6","24,0","20,2"
16,"19,4","23,2","25,9","28,5","29,4","28,6","28,3","28,2","28,1","26,1","23,5","19,9"
17,"18,7","22,6","25,4","28,0","28,9","28,3","27,8","27,4","25,4","22,6","19,1",
18,"17,5","21,4","24,2","27,0","28,0","27,7","27,0","26,4","24,2","21,3","17,8",
19,"16,1","19,8","22,8","25,8","26,8","26,7","26,1","26,0","25,3","23,1","20,1","16,5"
20,"15,1","18,3","21,3","24,5","25,8","26,0","25,4","25,2","24,6","22,4","19,2","15,6"
21,"14,3","17,2","20,2","23,4","24,9","25,3","24,8","24,6","24,0","21,8","18,5","14,9"
22,"13,8","16,5","19,5","22,7","24,3","24,8","24,4","24,2","23,6","21,3","18,0","14,4"
23,"13,4","15,9","18,9","22,1","23,9","24,4","24,1","23,9","23,2","20,9","17,6","14,0"
24,"13,1","15,4","18,5","21,7","23,5","24,0","23,8","23,6","22,9","20,5","17,3","13,7"
Trạm Hòa Bình,,,,,,,,,,,,
1,"15,0","17,1","20,1","23,6","25,9","27,3","27,0","26,6","25,9","23,3","20,5","16,3"
2,"14,8","16,8","19,9","23,3","25,7","27,1","26,8","26,4","25,6","23,1","20,3","16,1"
3,"14,6","16,6","19,7","23,1","25,5","26,9","26,6","26,2","25,5","22,9","20,1","15,9"
4,"14,4","16,5","19,5","22,9","25,3","26,8","26,5","26,1","25,3","22,8","20,0","15,7"
5,"14,4","16,3","19,4","22,7","25,2","26,7","26,4","26,0","25,2","22,7","19,9","15,6"
6,"14,3","16,3","19,3","22,6","25,2","26,7","26,4","25,9","25,2","22,6","19,9","15,6"
7,"14,3","16,2","19,4","22,8","25,7","27,4","26,9","26,4","25,5","22,9","19,9","15,6"
8,"14,7","16,7","19,9","23,6","27,0","28,8","28,2","27,7","26,6","24,0","20,9","16,3"
9,"15,4","17,5","20,5","24,5","28,3","30,0","29,2","28,8","27,8","25,3","22,1","17,3"
10,"16,4","18,6","21,4","25,6","29,5","31,2","30,4","29,9","28,9","26,6","23,3","18,6"
11,"17,4","19,6","22,4","26,7","30,6","32,2","31,3","30,8","29,8","27,5","24,4","19,7"
12,"18,3","20,5","23,3","27,7","31,5","33,0","32,0","31,5","30,4","28,3","25,1","20,5"
13,"18,9","21,3","24,0","28,5","32,3","33,6","32,5","32,0","31,0","28,8","25,7","21,2"
14,"19,2","21,7","24,4","28,9","32,6","33,8","32,7","32,1","31,2","29,0","25,9","21,5"
15,"19,3","21,7","24,5","29,0","32,6","33,7","32,5","32,0","31,1","29,0","25,9","21,6"
16,"19,1","21,5","24,1","28,5","32,0","33,0","32,1","31,6","30,8","28,6","25,5","21,2"
17,"18,6","20,9","23,5","27,7","31,1","32,2","31,4","31,0","30,1","27,8","24,6","20,4"
18,"17,7","20,0","22,7","26,8","29,9","31,2","30,3","30,0","29,0","26,5","23,3","19,2"
19,"17,0","19,3","22,1","26,1","28,7","30,0","29,3","29,0","28,0","25,5","22,5","18,3"
20,"16,5","18,7","21,5","25,4","27,9","29,0","28,5","28,3","27,3","24,8","21,9","17,7"
21,"16,1","18,4","21,2","25,0","27,4","28,5","28,0","27,8","26,8","24,4","21,5","17,3"
22,"15,8","18,0","20,9","24,6","26,9","28,1","27,6","27,4","26,5","24,0","21,1","16,9"
23,"15,5","17,7","20,6","24,3","26,6","27,8","27,4","27,1","26,2","23,7","20,8","16,6"
24,"15,2","17,5","20,4","24,0","26,3","27,6","27,1","26,9","26,0","23,5","20,6","16,4"
Trạm Hà Giang,,,,,,,,,,,,
1,"14,3","16,3","19,5","23,0","25,3","26,2","26,0","25,8","25,2","22,9","19,3","15,6"
2,"14,1","16,1","19,3","22,7","25,0","25,9","25,8","25,6","24,9","22,7","19,1","15,4"
3,"14,0","15,9","19,1","22,5","24,8","25,7","25,6","25,4","24,8","22,5","18,9","15,3"
4,"13,8","15,7","18,9","22,3","24,5","25,6","25,5","25,3","24,6","22,4","18,8","15,1"
5,"13,8","15,7","18,8","22,2","24,4","25,5","25,4","25,2","24,5","22,4","18,7","15,1"
6,"13,8","15,6","18,7","22,1","24,3","25,5","25,4","25,2","24,5","22,3","18,7","15,0"
7,"13,8","15,6","18,7","22,2","24,6","25,8","25,7","25,4","24,6","22,4","18,7","15,0"
8,"14,0","15,9","19,1","22,9","25,6","26,7","26,6","26,4","25,6","23,3","19,3","15,4"
9,"14,5","16,4","19,7","23,7","26,5","27,6","27,5","26,7","24,2","20,2","16,1",
10,"15,3","17,4","20,6","24,8","27,8","28,8","28,7","28,9","28,2","25,6","21,5","17,2"
11,"16,3","18,5","21,6","25,7","28,8","29,9","29,8","30,1","29,3","26,8","22,7","18,4"
12,"17,2","19,4","22,5","26,6","29,7","30,7","31,1","30,4","27,8","23,7","19,4",
13,"17,9","20,2","23,2","27,4","30,4","31,4","31,5","32,0","31,1","28,4","24,4","20,1"
14,"18,2","20,6","23,6","27,8","30,8","31,7","31,8","32,2","31,3","28,6","24,6","20,4"
15,"18,4","20,8","23,7","28,0","31,0","31,8","31,9","32,2","31,4","28,5","24,6","20,5"
16,"18,2","20,7","23,6","27,9","31,0","31,7","31,8","31,1","28,1","24,2","20,1",
17,"17,6","20,2","23,2","27,4","30,5","31,2","31,1","30,3","27,1","23,1","19,1",
18,"16,7","19,3","22,4","26,5","29,6","30,3","30,2","29,8","28,8","25,7","21,9","18,0"
19,"16,1","18,5","21,7","25,7","28,5","29,2","29,0","28,5","27,6","24,9","21,1","17,2"
20,"15,7","18,0","21,2","25,1","27,8","28,5","28,2","27,7","26,9","24,3","20,5","16,7"
21,"15,2","17,6","20,8","24,6","27,3","27,9","27,6","27,2","26,4","23,8","20,1","16,3"
22,"14,9","17,2","20,4","24,2","26,7","27,4","27,2","26,7","26,0","23,4","19,8","16,0"
23,"14,7","16,9","20,1","23,8","26,2","26,9","26,7","26,3","25,6","23,2","19,5","15,8"
24,"14,5","16,7","19,9","23,5","25,8","26,6","26,3","26,0","25,3","23,0","19,3","15,6"
Trạm Lào Cai,,,,,,,,,,,,
1,"14,8","17,5","20,3","23,6","26,4","27,7","27,2","26,8","26,1","23,8","20,4","16,3"
2,"14,7","17,3","20,1","23,3","26,0","27,3","26,9","26,5","25,8","23,6","20,2","16,1"
3,"14,5","17,1","19,9","23,1","25,7","27,1","26,7","26,2","25,5","23,4","20,1","15,9"
4,"14,3","16,9","19,7","22,9","25,4","26,8","26,5","26,0","25,3","23,2","19,9","15,8"
5,"14,3","16,8","19,6","22,7","25,2","26,6","26,3","25,9","25,2","23,1","19,8","15,7"
6,"14,2","16,7","19,5","22,6","25,1","26,5","26,2","25,8","25,1","23,0","19,7","15,6"
7,"14,2","16,7","19,4","22,7","25,3","26,8","26,4","26,0","25,2","23,1","19,7","15,6"
8,"14,3","16,9","19,7","23,3","26,2","27,5","27,2","26,7","25,9","23,7","20,2","15,8"
9,"14,7","17,4","20,3","24,1","27,2","28,4","28,1","27,8","26,8","24,5","20,9","16,3"
10,"15,5","18,3","21,2","25,2","28,4","29,6","29,3","29,0","28,0","25,7","22,1","17,3"
11,"16,4","19,4","22,3","26,3","29,4","30,6","30,2","30,1","29,0","26,9","23,4","18,4"
12,"17,4","20,5","23,4","27,4","30,4","31,5","31,1","30,0","27,8","24,4","19,4",
13,"18,2","21,3","24,2","28,3","31,1","32,2","31,7","31,9","30,7","28,4","25,1","20,1"
14,"18,6","21,9","24,6","28,9","31,6","32,6","32,2","31,1","28,7","25,4","20,6",
15,"18,8","22,1","24,8","29,1","31,9","33,0","32,4","32,3","31,2","28,7","25,4","20,6"
16,"18,7","22,0","24,7","28,9","31,9","33,1","32,3","32,2","31,0","28,3","25,0","20,3"
17,"18,2","21,5","24,2","28,4","31,5","32,6","31,9","31,7","30,4","27,6","24,1","19,6"
18,"17,3","20,6","23,4","27,5","30,8","31,9","31,1","30,8","29,4","26,6","23,1","18,6"
19,"16,6","19,8","22,6","26,4","29,7","30,9","30,2","29,8","28,5","25,9","22,4","18,0"
20,"16,1","19,2","21,9","25,7","28,7","30,0","29,3","28,9","27,9","25,3","21,8","17,4"
21,"15,7","18,8","21,4","25,2","28,1","29,4","28,7","28,3","27,4","24,8","21,4","17,0"
22,"15,5","18,4","21,1","24,7","27,6","28,9","28,3","27,8","26,9","24,5","21,0","16,7"
23,"15,2","18,1","20,8","24,3","27,2","28,4","27,9","27,4","26,6","24,2","20,7","16,5"
24,"15,0","17,8","20,6","24,0","26,8","28,0","27,5","27,1","26,3","23,9","20,5","16,3"
Trạm Sa Pa,,,,,,,,,,,,
1,"7,5","9,9","13,0","16,0","18,1","19,2","18,7","18,5","17,4","15,1","11,8","8,3"
2,"7,3","9,7","12,8","15,7","17,8","18,9","18,5","18,3","17,2","15,0","11,6","8,2"
3,"7,2","9,5","12,5","15,5","17,6","18,7","18,3","18,0","17,1","14,8","11,4","8,0"
4,"7,1","9,3","12,3","15,4","17,4","18,5","18,2","17,9","17,0","14,7","11,3","7,9"
5,"7,0","9,2","12,2","15,3","17,3","18,4","18,1","17,8","16,9","14,6","11,2","7,9"
6,"6,9","9,1","12,2","15,2","17,2","18,4","18,0","17,8","16,8","14,6","11,2","7,8"
7,"7,0","9,1","12,3","15,5","17,7","18,8","18,5","18,2","17,1","14,8","11,3","7,8"
8,"7,5","9,8","13,0","16,3","18,6","19,5","19,4","19,2","18,1","15,7","12,5","8,5"
9,"8,1","10,5","13,8","17,0","19,2","20,0","18,9","16,5","13,5","9,2",,
10,"8,8","11,3","14,7","17,9","19,9","20,5","20,6","20,7","19,6","17,3","14,3","9,8"
11,"9,4","12,0","15,5","18,7","20,4","20,9","21,0","21,1","20,0","17,7","14,8","10,4"
12,"10,0","12,6","16,3","19,3","20,9","21,4","21,5","20,3","18,0","15,2","10,9",
13,"10,3","13,1","16,9","19,9","21,4","21,9","21,7","21,9","20,7","18,2","15,5","11,3"
14,"10,5","13,4","17,2","20,1","21,7","22,0","21,8","21,9","20,8","18,3","15,6","11,3"
15,"10,5","13,5","17,2","20,4","21,9","22,1","21,8","22,0","20,8","18,2","15,4","11,2"
16,"10,2","13,3","17,0","20,2","21,8","22,1","21,7","21,9","20,7","17,9","14,9","10,8"
17,"9,5","12,7","16,3","19,5","21,4","21,8","21,4","21,5","20,3","17,4","14,1","10,1"
18,"8,9","11,9","15,5","18,7","20,5","21,1","20,9","19,6","16,6","13,3","9,5",
19,"8,7","11,6","14,9","17,9","19,8","20,4","20,2","20,0","18,8","16,1","13,0","9,2"
20,"8,4","11,2","14,5","17,5","19,3","20,0","19,7","19,5","18,3","15,8","12,7","9,0"
21,"8,2","10,9","14,1","17,2","19,1","19,8","19,4","19,2","18,1","15,6","12,4","8,8"
22,"8,1","10,7","13,8","16,9","18,8","19,6","19,2","19,0","17,8","15,5","12,3","8,7"
23,"7,9","10,4","13,5","16,7","18,6","19,5","19,0","18,8","17,7","15,3","12,1","8,5"
24,"7,7","10,2","13,3","16,4","18,4","19,3","18,9","18,6","17,5","15,2","11,9","8,3"
Trạm Yên Bái,,,,,,,,,,,,
1,"14,4","16,3","19,3","23,0","25,5","26,9","26,6","26,3","25,7","23,3","20,2","15,8"
2,"14,2","16,1","19,1","22,8","25,2","26,6","26,4","26,1","25,4","23,1","20,0","15,6"
3,"14,1","16,0","19,0","22,6","25,0","26,4","26,2","25,9","25,3","23,0","19,8","15,4"
4,"13,9","15,9","18,8","22,5","24,9","26,3","26,1","25,8","25,1","22,8","19,7","15,3"
5,"13,8","15,8","18,8","22,4","24,7","26,1","26,0","25,7","25,0","22,7","19,6","15,2"
6,"13,7","15,7","18,7","22,3","24,7","26,1","25,9","25,6","24,9","22,7","19,5","15,1"
7,"13,7","15,7","18,7","22,4","24,9","26,4","26,2","25,8","25,1","22,8","19,6","15,0"
8,"13,8","15,9","19,0","22,8","25,6","27,1","26,9","26,5","25,7","23,4","20,0","15,3"
9,"14,2","16,3","19,4","23,2","26,4","27,9","27,7","27,3","26,6","24,2","20,7","15,9"
10,"14,9","17,0","20,0","24,0","27,3","28,9","28,8","28,4","27,7","25,4","21,8","17,0"
11,"15,8","17,9","20,8","24,8","28,4","29,9","29,7","29,4","28,7","26,5","22,9","18,1"
12,"16,7","18,6","21,5","25,6","29,3","30,7","30,5","30,3","29,5","27,4","23,8","19,1"
13,"17,4","19,3","22,1","26,4","30,1","31,6","31,2","31,1","30,2","28,2","24,5","19,8"
14,"17,7","19,6","22,4","26,7","30,5","32,0","31,4","31,6","30,6","28,5","24,8","20,2"
15,"17,8","19,7","22,5","26,9","30,7","32,2","31,7","31,8","30,7","28,6","24,8","20,2"
16,"17,7","19,6","22,3","26,8","30,6","32,1","31,5","31,6","30,6","28,3","24,4","20,0"
17,"17,3","19,3","22,0","26,4","30,2","31,7","31,0","31,2","30,0","27,6","23,7","19,4"
18,"16,7","18,7","21,5","25,9","29,5","31,0","30,3","29,0","26,5","22,7","18,4",
19,"16,0","18,1","20,9","25,2","28,5","29,9","29,3","29,1","27,9","25,4","21,8","17,5"
20,"15,6","17,7","20,5","24,7","27,7","29,1","28,6","28,4","27,2","24,8","21,4","17,0"
21,"15,2","17,3","20,2","24,3","27,1","28,4","28,0","27,8","26,7","24,4","21,0","16,6"
22,"15,0","17,1","20,0","24,1","26,7","27,9","27,6","27,3","26,4","24,0","20,7","16,3"
23,"14,8","16,8","19,8","23,7","26,3","27,5","27,2","27,0","26,1","23,7","20,5","16,0"
24,"14,6","16,6","19,6","23,4","25,9","27,1","26,9","26,6","25,8","23,5","20,3","15,8"
Trạm Tuyên Quang,,,,,,,,,,,,
1,"15,0","17,1","20,0","23,6","26,3","27,7","27,4","26,9","26,2","23,8","20,4","16,3"
2,"14,7","16,9","19,8","23,3","26,0","27,4","27,2","26,7","25,9","23,6","20,2","16,1"
3,"14,6","16,7","19,6","23,1","25,7","27,1","26,9","26,4","25,7","23,4","19,9","15,9"
4,"14,4","16,6","19,5","22,9","25,5","26,8","26,7","26,2","25,6","23,2","19,8","15,8"
5,"14,3","16,4","19,3","22,8","25,4","26,6","26,5","26,1","25,4","23,1","19,7","15,6"
6,"14,2","16,4","19,3","22,7","25,3","26,6","26,5","26,0","25,3","23,0","19,6","15,6"
7,"14,2","16,4","19,3","22,8","25,7","27,0","26,8","26,3","25,6","23,2","19,6","15,6"
8,"14,5","16,7","19,6","23,4","26,5","27,9","27,7","27,2","26,5","24,0","20,3","16,0"
9,"14,9","17,2","20,1","24,0","27,3","28,7","28,6","28,1","27,4","25,0","21,1","16,7"
10,"15,8","18,0","20,9","24,8","28,3","29,8","29,7","29,2","28,5","26,3","22,3","17,8"
11,"16,7","18,8","21,6","25,5","29,2","30,6","30,5","30,1","29,4","27,3","23,3","18,8"
12,"17,4","19,5","22,3","26,3","30,0","31,3","31,2","30,9","30,1","28,0","24,1","19,8"
13,"18,0","20,2","22,8","27,0","30,7","32,1","31,7","31,5","30,7","28,6","24,7","20,4"
14,"18,4","20,6","23,2","27,4","31,2","32,5","32,1","31,8","31,0","28,9","25,1","20,7"
15,"18,6","20,8","23,3","27,7","31,4","32,8","32,3","32,0","31,1","28,9","25,1","20,8"
16,"18,5","20,7","23,3","27,7","31,4","32,8","32,2","31,8","30,9","28,7","24,9","20,6"
17,"18,0","20,3","22,8","27,2","31,0","32,4","31,7","31,3","30,3","28,0","24,2","20,0"
18,"17,3","19,6","22,2","26,5","30,2","31,7","30,9","30,5","29,4","26,8","23,0","18,9"
19,"16,6","19,0","21,6","25,8","29,3","30,6","30,0","29,4","28,3","25,9","22,2","18,1"
20,"16,2","18,5","21,3","25,3","28,5","29,7","29,2","28,7","27,7","25,2","21,7","17,6"
21,"15,9","18,2","21,0","24,9","27,9","29,2","28,7","28,2","27,3","24,8","21,3","17,2"
22,"15,7","17,9","20,7","24,6","27,5","28,7","28,3","27,8","27,0","24,4","21,0","16,9"
23,"15,4","17,6","20,5","24,3","27,1","28,4","27,9","27,4","26,7","24,1","20,7","16,6"
24,"15,2","17,4","20,3","24,0","26,7","28,0","27,7","27,1","26,4","23,9","20,5","16,4"
Trạm Bắc Kạn,,,,,,,,,,,,
1,"13,4","15,7","18,8","22,3","24,9","26,2","25,9","25,6","24,8","22,1","18,6","14,4"
2,"13,2","15,5","18,5","22,1","24,6","25,9","25,7","25,4","24,6","21,8","18,4","14,2"
3,"13,0","15,3","18,4","21,8","24,3","25,7","25,5","25,2","24,4","21,7","18,2","14,1"
4,"12,9","15,1","18,2","21,6","24,1","25,5","25,4","25,0","24,3","21,5","18,1","13,9"
5,"12,8","15,0","18,1","21,5","23,9","25,3","24,9","24,2","21,4","18,0","13,8",
6,"12,7","14,9","18,0","21,4","23,8","25,3","25,2","24,9","24,0","21,3","17,9","13,7"
7,"12,7","14,8","17,9","21,5","24,1","25,6","25,5","25,1","24,2","21,4","17,9","13,7"
8,"13,0","15,2","18,4","22,3","25,3","26,7","26,6","26,2","25,3","22,3","18,6","14,2"
9,"13,6","15,9","19,1","23,1","26,4","27,9","27,8","27,5","26,7","23,8","19,9","15,2"
10,"14,9","17,1","20,2","24,2","27,7","29,1","29,0","28,3","25,7","21,6","16,8",
11,"16,2","18,3","21,1","25,1","28,7","30,2","30,1","30,2","29,5","27,2","23,1","18,4"
12,"17,2","19,3","21,9","25,9","29,6","31,0","30,8","31,0","30,3","28,0","24,0","19,5"
13,"17,9","20,0","22,6","26,6","30,3","31,7","31,3","31,5","30,8","28,6","24,7","20,3"
14,"18,2","20,4","22,8","26,9","30,7","32,0","31,6","31,7","31,0","28,9","25,0","20,6"
15,"18,3","20,5","22,9","27,1","30,8","32,0","31,5","31,6","30,9","28,8","24,9","20,7"
16,"18,0","20,3","22,8","27,0","30,8","31,7","31,2","31,1","30,6","28,3","24,3","20,2"
17,"17,3","19,7","22,2","26,4","30,2","31,2","30,6","30,5","29,7","27,3","23,2","19,2"
18,"16,4","18,8","21,5","25,7","29,4","30,5","29,9","29,5","28,5","25,9","21,8","17,8"
19,"15,5","17,9","20,8","24,8","28,2","29,4","28,8","28,4","27,4","24,7","20,9","16,8"
20,"14,9","17,3","20,3","24,2","27,3","28,4","27,9","27,5","26,6","23,9","20,2","16,1"
21,"14,5","16,9","19,9","23,7","26,7","27,7","27,3","26,9","26,0","23,3","19,7","15,6"
22,"14,2","16,5","19,6","23,3","26,1","27,2","26,8","26,5","25,6","22,8","19,3","15,1"
23,"13,9","16,3","19,3","23,0","25,7","26,8","26,5","26,1","25,2","22,4","19,0","14,8"
24,"13,7","16,1","19,1","22,7","25,3","26,5","26,2","25,8","25,0","22,1","18,8","14,5"
Trạm Thái Nguyên,,,,,,,,,,,,
1,"14,7","16,9","19,6","23,1","26,0","27,5","27,3","26,9","26,3","24,0","20,5","16,4"
2,"14,5","16,7","19,4","22,9","25,8","27,2","27,0","26,7","26,0","23,8","20,2","16,1"
3,"14,3","16,5","19,3","22,7","25,6","27,0","26,9","26,5","25,8","23,5","20,1","15,9"
4,"14,1","16,4","19,1","22,6","25,5","26,9","26,7","26,3","25,6","23,3","19,9","15,6"
5,"14,0","16,2","19,0","22,5","25,3","26,7","26,6","26,2","25,5","23,2","19,7","15,5"
6,"14,0","16,2","19,0","22,4","25,3","26,8","26,6","26,2","25,4","23,1","19,7","15,4"
7,"13,9","16,2","19,0","22,6","25,7","27,2","27,0","26,6","25,7","23,3","19,8","15,4"
8,"14,2","16,4","19,3","23,1","26,5","28,1","27,9","27,6","26,7","24,2","20,5","16,0"
9,"14,8","16,9","19,7","23,6","27,1","28,8","28,7","28,5","27,7","25,4","21,5","16,8"
10,"15,6","17,6","20,2","24,4","28,0","29,8","29,6","29,5","28,8","26,6","22,6","17,9"
11,"16,5","18,3","20,8","25,1","28,8","30,7","30,4","30,3","29,7","27,6","23,6","18,9"
12,"17,2","19,0","21,4","25,7","29,6","31,4","31,0","30,3","28,3","24,3","19,8",
13,"17,7","19,6","21,9","26,2","30,2","32,0","31,5","31,3","30,6","28,7","24,8","20,4"
14,"18,0","20,0","22,2","26,6","30,6","32,3","31,6","31,5","30,7","28,9","25,1","20,7"
15,"18,2","20,2","22,4","26,8","30,9","32,5","31,8","31,5","30,6","29,0","25,2","20,9"
16,"18,1","20,2","22,3","26,7","30,8","32,3","31,7","31,3","30,4","28,7","24,9","20,7"
17,"17,7","19,8","22,0","26,4","30,5","32,0","31,4","30,9","30,0","28,1","24,2","20,1"
18,"17,1","19,3","21,6","25,9","29,8","31,3","30,7","30,2","29,2","27,2","23,4","19,3"
19,"16,6","18,8","21,2","25,3","28,9","30,3","29,8","29,3","28,5","26,5","22,7","18,6"
20,"16,2","18,4","20,8","24,9","28,1","29,6","29,1","28,7","27,9","25,8","22,1","18,0"
21,"15,8","18,0","20,6","24,5","27,5","29,0","28,5","28,2","27,4","25,3","21,7","17,5"
22,"15,5","17,7","20,3","24,1","27,0","28,5","28,1","27,8","27,1","24,9","21,3","17,2"
23,"15,2","17,4","20,1","23,8","26,6","28,1","27,8","27,5","26,8","24,5","21,0","16,8"
24,"15,0","17,2","19,9","23,5","26,3","27,8","27,5","27,2","26,5","24,2","20,7","16,5"
Trạm Việt Trì,,,,,,,,,,,,
1,"15,2","17,1","19,9","23,3","26,0","27,9","27,5","27,2","26,7","24,5","21,1","17,0"
2,"15,0","16,8","19,7","23,1","25,8","27,6","27,3","27,0","26,4","24,2","20,9","16,7"
3,"14,9","16,7","19,6","22,9","25,7","27,5","27,2","26,9","26,3","24,1","20,7","16,6"
4,"14,7","16,6","19,4","22,8","25,6","27,3","27,1","26,7","26,1","23,9","20,6","16,4"
5,"14,6","16,5","19,4","22,7","25,6","27,2","27,0","26,6","26,0","23,8","20,5","16,2"
6,"14,5","16,4","19,3","22,6","25,6","27,2","27,0","26,5","25,9","23,7","20,4","16,1"
7,"14,4","16,4","19,3","22,8","25,9","27,7","27,4","26,9","26,1","23,8","20,4","16,0"
8,"14,8","16,7","19,6","23,4","26,8","28,6","28,3","27,7","27,0","24,7","21,1","16,5"
9,"15,2","17,1","20,0","24,0","27,5","29,4","29,0","28,6","27,8","25,7","21,9","17,2"
10,"15,9","17,8","20,6","24,7","28,4","30,3","29,9","29,5","28,7","26,7","22,9","18,2"
11,"16,6","18,5","21,3","25,5","29,3","31,0","30,6","30,2","29,6","27,7","23,8","19,1"
12,"17,3","19,2","22,0","26,3","30,1","31,8","31,2","30,9","30,3","28,4","24,5","19,9"
13,"17,9","19,9","22,6","27,0","30,9","32,5","31,8","31,5","30,8","29,0","25,1","20,5"
14,"18,3","20,2","22,9","27,3","31,3","32,9","32,2","31,8","31,0","29,2","25,3","20,8"
15,"18,5","20,5","23,0","27,5","31,5","33,2","32,3","32,0","31,1","29,3","25,4","20,9"
16,"18,3","20,3","22,9","27,3","31,4","33,1","32,2","31,8","30,9","28,9","25,1","20,7"
17,"17,9","20,0","22,5","26,8","30,9","32,6","31,8","31,3","30,3","28,2","24,4","20,1"
18,"17,3","19,4","22,0","26,2","30,0","31,6","31,0","30,5","29,4","27,2","23,5","19,2"
19,"16,8","18,9","21,5","25,6","29,0","30,6","30,0","29,6","28,6","26,5","22,8","18,6"
20,"16,4","18,5","21,1","25,1","28,3","29,8","29,3","28,9","28,1","26,0","22,4","18,2"
21,"16,1","18,1","20,8","24,7","27,7","29,3","28,7","28,5","27,7","25,6","22,0","17,8"
22,"15,8","17,8","20,5","24,3","27,1","28,8","28,2","28,1","27,4","25,2","21,7","17,5"
23,"15,6","17,6","20,3","24,0","26,7","28,5","27,9","27,8","27,1","24,9","21,4","17,2"
24,"15,4","17,3","20,1","23,7","26,3","28,2","27,7","27,5","26,8","24,6","21,2","17,0"
Trạm Tam Đảo,,,,,,,,,,,,
1,"10,8","12,4","15,4","18,8","21,4","22,9","22,5","22,3","21,6","19,1","16,0","12,1"
2,"10,6","12,3","15,3","18,7","21,4","22,8","22,4","22,2","21,5","19,0","16,0","11,9"
3,"10,5","12,2","15,2","18,5","21,3","22,7","22,3","22,1","21,4","18,9","15,9","11,8"
4,"10,4","12,0","15,1","18,5","21,2","22,6","22,2","22,0","21,3","18,8","15,8","11,7"
5,"10,3","11,9","15,1","18,4","21,1","22,5","22,2","22,0","21,2","18,8","15,7","11,6"
6,"10,3","11,9","15,0","18,4","21,1","22,5","22,2","21,9","21,2","18,7","15,6","11,6"
7,"10,2","11,8","15,0","18,5","21,4","22,9","22,6","22,3","21,5","18,9","15,7","11,6"
8,"10,4","12,1","15,3","18,9","21,9","23,5","23,1","23,0","22,0","19,5","16,2","12,0"
9,"10,7","12,4","15,5","19,2","22,1","23,9","23,4","23,3","22,4","20,0","16,7","12,5"
10,"11,0","12,8","15,8","19,6","22,4","24,2","23,7","22,7","20,4","17,1","12,9",
11,"11,4","13,1","16,1","19,9","22,8","24,5","24,0","23,0","20,8","17,4","13,3",
12,"11,6","13,4","16,4","20,3","23,3","24,9","24,3","23,4","21,1","17,7","13,6",
13,"11,9","13,8","16,7","20,6","23,8","25,2","24,7","23,7","21,5","18,1","13,9",
14,"12,1","14,0","16,9","20,9","24,2","25,5","24,9","24,8","23,9","21,7","18,2","14,1"
15,"12,2","14,2","17,0","21,1","24,4","25,8","25,1","24,9","24,1","21,8","18,4","14,2"
16,"12,2","14,2","17,0","21,0","24,4","25,9","25,2","24,9","24,0","21,6","18,3","14,1"
17,"11,9","13,8","16,7","20,6","24,0","25,5","24,9","24,6","23,6","21,2","17,7","13,6"
18,"11,4","13,3","16,3","20,1","23,2","24,8","24,3","24,0","23,0","20,3","16,9","12,9"
19,"11,2","13,0","16,1","19,7","22,5","24,1","23,6","23,3","22,3","19,9","16,7","12,7"
20,"11,1","12,9","16,0","19,6","22,3","23,7","23,3","23,0","22,2","19,7","16,6","12,7"
21,"11,1","12,9","15,9","19,5","22,1","23,5","23,0","22,8","22,1","19,6","16,5","12,5"
22,"11,0","12,8","15,8","19,4","21,9","23,3","22,9","22,7","22,0","19,5","16,4","12,4"
23,"11,0","12,7","15,7","19,2","21,8","23,2","22,7","22,6","21,8","19,3","16,2","12,3"
24,"10,9","12,6","15,5","19,1","21,7","23,1","22,6","22,4","21,7","19,2","16,1","12,1"
Trạm Vĩnh Yên,,,,,,,,,,,,
1,"15,4","17,3","20,1","23,5","26,3","28,1","27,7","27,4","26,9","24,8","21,3","17,2"
2,"15,2","17,1","19,9","23,2","26,1","27,8","27,5","27,2","26,7","24,5","21,1","17,0"
3,"15,1","17,0","19,8","23,1","26,0","27,6","27,4","27,0","26,5","24,4","20,9","16,8"
4,"14,9","16,8","19,6","22,9","25,9","27,5","27,3","26,9","26,3","24,2","20,8","16,6"
5,"14,8","16,8","19,6","22,9","25,9","27,4","27,2","26,8","26,2","24,1","20,7","16,5"
6,"14,8","16,7","19,5","22,9","25,9","27,4","27,2","26,7","26,2","24,0","20,6","16,4"
7,"14,7","16,7","19,6","23,1","26,3","28,0","27,7","27,1","26,4","24,2","20,7","16,3"
8,"15,1","17,1","19,9","23,7","27,2","29,0","28,6","28,1","27,4","25,1","21,4","16,9"
9,"15,6","17,6","20,4","24,4","28,1","29,9","29,5","29,0","28,4","26,2","22,3","17,7"
10,"16,4","18,3","21,0","25,2","29,0","30,8","30,3","29,9","29,3","27,4","23,4","18,7"
11,"17,2","19,1","21,7","26,0","29,9","31,6","31,1","30,7","30,1","28,3","24,3","19,6"
12,"17,8","19,8","22,3","26,7","30,7","32,3","31,7","31,3","30,7","29,0","25,0","20,4"
13,"18,4","20,3","22,9","27,3","31,3","32,9","32,1","31,8","31,1","29,5","25,5","21,0"
14,"18,8","20,7","23,2","27,8","31,9","33,4","32,4","32,1","31,3","29,8","25,9","21,3"
15,"18,9","20,9","23,4","27,9","32,1","33,7","32,6","32,1","31,3","29,7","25,9","21,4"
16,"18,7","20,8","23,2","27,7","31,9","33,5","32,6","32,0","31,1","29,3","25,6","21,2"
17,"18,3","20,3","22,7","27,1","31,3","32,8","32,1","31,6","30,5","28,6","24,8","20,5"
18,"17,6","19,6","22,1","26,3","30,2","31,8","31,2","30,7","29,6","27,6","23,8","19,5"
19,"16,9","19,0","21,6","25,6","29,1","30,6","30,2","29,7","28,8","26,7","23,0","18,7"
20,"16,5","18,6","21,2","25,1","28,4","29,8","29,3","29,0","28,2","26,2","22,5","18,3"
21,"16,2","18,3","20,9","24,7","27,8","29,2","28,8","28,6","27,8","25,8","22,1","17,9"
22,"15,9","18,0","20,7","24,4","27,3","28,8","28,4","28,2","27,5","25,4","21,9","17,7"
23,"15,7","17,8","20,5","24,1","26,9","28,5","28,1","27,9","27,2","25,1","21,6","17,4"
24,"15,5","17,6","20,3","23,8","26,6","28,3","27,9","27,7","27,0","24,9","21,4","17,3"
Trạm Cao Bằng,,,,,,,,,,,,
1,"11,9","14,5","17,7","21,5","23,9","25,4","25,3","24,8","23,8","21,0","17,3","13,2"
2,"11,7","14,2","17,4","21,2","23,7","25,2","25,1","24,6","23,6","20,8","17,1","12,9"
3,"11,5","14,0","17,2","21,0","23,5","25,0","24,5","23,4","20,7","17,0","12,7",
4,"11,4","13,8","17,0","20,9","23,3","24,9","24,4","23,3","20,6","16,9","12,6",
5,"11,3","13,7","16,9","20,8","23,2","24,8","24,9","24,3","23,3","20,5","16,9","12,5"
6,"11,2","13,6","16,8","20,7","23,2","24,9","24,4","23,3","20,5","16,8","12,4",
7,"11,2","13,5","16,8","20,9","23,7","25,3","24,7","23,5","20,6","16,8","12,4",
8,"11,5","14,0","17,4","21,9","25,0","26,5","25,8","24,5","21,5","17,5","12,8",
9,"12,2","14,9","18,4","23,1","26,2","27,7","27,1","25,8","22,8","18,5","13,7",
10,"13,2","16,3","19,6","24,4","27,5","28,9","29,0","28,6","27,4","24,5","20,0","15,1"
11,"14,5","17,6","20,7","25,5","28,5","29,8","30,0","29,9","28,7","26,0","21,6","16,6"
12,"15,6","18,8","21,6","26,4","29,5","30,7","30,8","30,9","29,7","27,2","22,9","18,0"
13,"16,7","19,7","22,4","27,2","30,2","31,4","31,5","30,4","28,0","23,8","19,1",
14,"17,0","20,2","22,8","27,5","30,5","31,7","31,5","31,4","30,7","28,2","24,1","19,5"
15,"17,1","20,2","22,8","27,5","30,5","31,7","31,4","31,2","30,6","28,1","24,1","19,6"
16,"16,8","19,9","22,4","27,1","30,3","31,2","31,0","30,8","30,1","27,5","23,5","19,0"
17,"16,0","19,1","21,7","26,4","29,6","30,5","30,3","30,1","29,3","26,4","22,2","17,9"
18,"14,9","18,0","20,8","25,3","28,4","29,5","29,3","28,9","27,8","24,7","20,6","16,4"
19,"14,1","16,9","19,9","24,1","27,1","28,3","28,1","27,5","26,3","23,4","19,5","15,4"
20,"13,5","16,2","19,3","23,4","26,1","27,4","27,1","26,5","25,4","22,6","18,8","14,7"
21,"13,0","15,7","18,8","22,9","25,5","26,7","26,5","25,9","24,9","22,1","18,3","14,1"
22,"12,7","15,3","18,5","22,5","25,0","26,3","26,0","25,5","24,4","21,6","17,9","13,8"
23,"12,4","15,1","18,2","22,1","24,6","25,9","25,7","25,2","24,1","21,3","17,6","13,5"
24,"12,2","14,8","17,9","21,9","24,3","25,6","25,5","25,0","23,9","21,1","17,4","13,2"
Trạm Lạng Sơn,,,,,,,,,,,,
1,"11,2","14,0","17,1","21,1","23,8","25,1","25,2","24,8","23,8","20,8","17,0","12,8"
2,"11,0","13,7","16,9","20,8","23,5","24,9","24,6","23,6","20,5","16,8","12,6",
3,"10,8","13,5","16,7","20,6","23,3","24,8","24,4","23,5","20,3","16,7","12,4",
4,"10,7","13,3","16,6","20,5","23,2","24,6","24,7","24,4","23,3","20,2","16,6","12,2"
5,"10,6","13,2","16,5","20,4","23,1","24,6","24,3","23,3","20,1","16,5","12,1",
6,"10,5","13,1","16,4","20,4","23,2","24,7","24,3","23,3","20,1","16,5","12,0",
7,"10,5","13,2","16,5","20,7","23,9","25,6","25,4","24,9","23,7","20,5","16,7","12,1"
8,"11,0","13,8","17,1","21,7","25,1","26,8","26,7","26,1","25,0","21,9","17,8","13,0"
9,"11,9","14,6","17,8","22,6","26,0","27,8","27,3","26,2","23,3","19,1","14,1",
10,"12,9","15,8","18,6","23,6","27,1","28,9","28,5","27,5","24,8","20,5","15,5",
11,"13,9","16,7","19,4","24,4","27,9","29,6","29,7","29,3","28,3","25,7","21,5","16,5"
12,"14,7","17,5","20,0","25,1","28,6","30,2","29,9","28,9","26,4","22,2","17,4",
13,"15,3","18,2","20,6","25,6","29,2","30,7","30,2","29,4","26,9","22,8","18,0",
14,"15,5","18,5","20,9","25,8","29,4","30,8","30,7","30,2","29,4","27,0","23,0","18,2"
15,"15,7","18,6","20,9","25,9","29,5","30,7","30,5","30,1","29,2","26,8","22,9","18,2"
16,"15,5","18,5","20,8","25,8","29,3","30,3","30,1","29,7","28,7","26,4","22,5","17,9"
17,"15,0","18,0","20,4","25,3","28,8","29,6","29,4","29,1","28,0","25,5","21,5","17,0"
18,"14,1","17,0","19,7","24,5","27,9","28,7","28,6","28,1","26,9","24,2","20,1","15,8"
19,"13,2","16,1","18,9","23,5","26,6","27,7","27,5","27,1","25,8","23,0","19,2","14,8"
20,"12,7","15,5","18,5","22,8","25,8","26,8","26,7","26,4","25,2","22,4","18,6","14,2"
21,"12,3","15,1","18,1","22,4","25,2","26,3","25,9","24,8","21,9","18,2","13,7",
22,"12,0","14,7","17,8","22,0","24,7","26,0","25,9","25,5","24,4","21,5","17,8","13,4"
23,"11,7","14,5","17,6","21,7","24,4","25,7","25,6","25,2","24,2","21,1","17,5","13,1"
24,"11,5","14,3","17,4","21,4","24,1","25,4","25,0","23,9","20,9","17,2","12,8",
Trạm Bắc Giang,,,,,,,,,,,,
1,"14,5","16,8","19,5","23,1","25,9","27,4","27,5","27,1","26,3","24,0","20,4","16,2"
2,"14,3","16,6","19,4","22,8","25,7","27,2","27,3","26,9","26,0","23,7","20,2","15,9"
3,"14,1","16,4","19,2","22,7","25,6","27,0","27,1","26,7","25,8","23,4","19,9","15,7"
4,"13,9","16,3","19,1","22,6","25,5","26,9","26,5","25,7","23,3","19,8","15,5",
5,"13,8","16,2","19,1","22,5","25,4","26,8","26,9","26,4","25,6","23,1","19,7","15,4"
6,"13,7","16,1","19,0","22,5","25,4","26,9","26,4","25,5","23,0","19,6","15,3",
7,"13,7","16,1","19,1","22,7","25,9","27,6","27,5","26,9","25,8","23,3","19,7","15,2"
8,"14,1","16,5","19,4","23,4","26,9","28,7","28,5","27,9","27,0","24,4","20,6","16,0"
9,"14,8","17,1","19,9","24,1","27,8","29,6","29,4","28,8","28,0","25,7","21,8","17,0"
10,"15,8","17,9","20,5","24,8","28,7","30,5","30,2","29,7","29,0","26,9","22,9","18,1"
11,"16,6","18,6","21,1","25,5","29,4","31,2","30,9","30,4","29,7","27,9","23,8","19,0"
12,"17,4","19,3","21,7","26,1","30,1","31,8","31,4","31,0","30,3","28,5","24,6","19,8"
13,"18,0","19,9","22,1","26,6","30,6","32,3","31,8","31,3","30,7","29,0","25,2","20,4"
14,"18,3","20,3","22,4","26,8","31,0","32,6","32,0","31,5","30,8","29,3","25,3","20,8"
15,"18,4","20,4","22,4","26,9","31,2","32,7","32,1","31,5","30,8","29,2","25,4","20,9"
16,"18,3","20,3","22,3","26,7","31,0","32,4","31,9","31,2","30,5","28,9","25,1","20,7"
17,"17,8","19,9","21,9","26,3","30,3","31,8","31,5","30,7","29,9","28,1","24,3","20,0"
18,"17,0","19,1","21,4","25,5","29,3","30,8","30,6","29,9","28,9","27,0","23,2","18,9"
19,"16,3","18,5","20,9","24,8","28,1","29,7","29,0","28,1","26,1","22,5","18,1",
20,"15,9","18,1","20,6","24,3","27,4","28,9","29,0","28,4","27,6","25,5","21,9","17,6"
21,"15,6","17,8","20,3","24,0","26,9","28,4","28,5","28,0","27,2","25,1","21,5","17,2"
22,"15,3","17,6","20,1","23,7","26,6","28,1","28,2","27,7","26,9","24,8","21,2","16,9"
23,"15,0","17,3","19,9","23,5","26,3","27,8","27,9","27,5","26,7","24,4","20,9","16,6"
24,"14,7","17,1","19,8","23,3","26,2","27,6","27,7","27,3","26,4","24,2","20,6","16,3"
Trạm Uông Bí,,,,,,,,,,,,
1,"15,1","17,0","19,8","23,1","26,0","27,6","27,7","27,0","26,3","23,9","20,6","16,6"
2,"14,9","16,9","19,7","23,0","25,9","27,5","27,6","26,9","26,1","23,7","20,5","16,4"
3,"14,8","16,8","19,7","22,9","25,8","27,4","27,5","26,8","26,0","23,6","20,4","16,3"
4,"14,7","16,7","19,6","22,8","25,7","27,3","26,7","25,9","23,5","20,3","16,2",
5,"14,6","16,7","19,6","22,8","25,7","27,3","27,2","26,6","25,8","23,4","20,2","16,0"
6,"14,6","16,6","19,5","22,7","25,8","27,4","27,2","26,6","25,8","23,3","20,2","16,0"
7,"14,6","16,7","19,7","23,2","26,5","28,2","27,9","27,2","26,4","24,0","20,5","16,0"
8,"15,3","17,2","20,1","24,0","27,5","29,2","28,8","28,3","27,8","25,6","22,0","17,2"
9,"16,3","17,8","20,7","24,6","28,2","29,9","29,5","29,1","28,8","27,0","23,4","18,5"
10,"17,2","18,6","21,3","25,2","28,9","30,4","30,1","29,8","29,6","28,1","24,4","19,6"
11,"18,0","19,2","21,8","25,7","29,3","30,9","30,6","30,3","30,0","28,7","25,2","20,4"
12,"18,5","19,7","22,1","26,0","29,7","31,3","31,0","30,6","30,3","29,1","25,6","20,9"
13,"18,8","20,1","22,4","26,2","29,9","31,5","31,2","30,9","30,4","29,3","25,9","21,3"
14,"18,9","20,3","22,4","26,3","30,0","31,5","31,2","30,9","30,3","29,2","25,8","21,4"
15,"18,8","20,3","22,3","26,1","29,9","31,4","31,1","30,8","30,1","28,9","25,5","21,2"
16,"18,5","20,0","22,0","25,9","29,6","31,2","31,0","30,4","29,8","28,3","24,9","20,7"
17,"17,9","19,5","21,7","25,4","29,1","30,7","30,6","29,9","29,2","27,4","24,0","19,8"
18,"17,2","18,9","21,2","24,9","28,3","30,1","29,3","28,5","26,5","23,1","18,9",
19,"16,7","18,5","20,9","24,4","27,5","29,4","29,5","28,8","27,8","25,8","22,5","18,3"
20,"16,3","18,1","20,6","24,1","27,1","28,9","29,1","28,3","27,4","25,2","22,0","17,7"
21,"15,9","17,8","20,4","23,8","26,8","28,4","28,7","28,0","27,0","24,8","21,6","17,3"
22,"15,7","17,6","20,3","23,6","26,6","28,2","28,3","27,7","26,8","24,5","21,2","17,0"
23,"15,4","17,4","20,1","23,5","26,4","27,9","28,1","27,4","26,5","24,2","21,0","16,8"
24,"15,2","17,2","20,0","23,3","26,2","27,8","27,9","27,2","26,3","24,0","20,8","16,5"
Trạm Cửa Ông,,,,,,,,,,,,
1,"14,3","15,9","18,7","22,4","25,8","27,5","27,4","26,9","26,2","23,7","20,4","16,1"
2,"14,1","15,7","18,6","22,2","25,7","27,3","27,2","26,7","26,0","23,5","20,2","15,9"
3,"14,0","15,6","18,5","22,1","25,6","27,2","27,0","26,5","25,8","23,3","20,1","15,8"
4,"13,9","15,5","18,4","22,1","25,5","27,1","26,9","26,3","25,6","23,2","20,0","15,6"
5,"13,8","15,5","18,4","22,0","25,4","27,1","26,8","26,2","25,5","23,1","19,9","15,5"
6,"13,8","15,4","18,4","22,0","25,5","27,1","26,8","26,2","25,4","23,0","19,9","15,5"
7,"13,8","15,5","18,5","22,3","26,0","27,6","27,2","26,5","25,7","23,3","20,1","15,5"
8,"14,2","15,9","18,8","23,0","26,9","28,6","28,1","27,5","26,7","24,4","21,0","16,1"
9,"14,8","16,4","19,2","23,7","27,6","29,3","28,7","28,4","27,6","25,4","21,8","16,9"
10,"15,5","17,1","19,8","24,4","28,4","30,0","29,4","29,3","28,6","26,5","22,8","17,8"
11,"16,4","17,8","20,4","25,0","28,9","30,5","29,9","29,4","27,4","23,8","18,8",
12,"17,0","18,4","20,8","25,4","29,4","30,8","30,3","30,4","29,8","28,2","24,4","19,6"
13,"17,6","18,9","21,2","25,7","29,7","31,1","30,7","30,8","30,2","28,6","24,8","20,1"
14,"17,6","19,0","21,2","25,7","29,7","31,1","30,8","30,9","30,3","28,6","24,8","20,2"
15,"17,6","19,0","21,0","25,5","29,6","30,9","30,8","30,7","30,2","28,3","24,5","20,0"
16,"17,2","18,6","20,7","25,2","29,2","30,5","30,4","29,8","27,8","23,9","19,5",
17,"16,6","18,1","20,3","24,7","28,6","30,0","29,8","29,1","26,8","22,9","18,6",
18,"15,9","17,3","19,8","23,9","27,6","29,2","28,8","28,2","25,9","22,2","17,9",
19,"15,5","16,9","19,4","23,4","26,9","28,5","28,2","27,6","25,4","21,8","17,4",
20,"15,2","16,7","19,2","23,2","26,6","28,2","27,9","27,2","25,0","21,3","17,1",
21,"15,0","16,5","19,1","23,0","26,4","28,0","27,6","27,0","24,6","21,0","16,8",
22,"14,8","16,3","19,0","22,9","26,2","27,9","27,8","27,4","26,8","24,3","20,8","16,5"
23,"14,6","16,2","18,9","22,7","26,1","27,8","27,7","27,3","26,6","24,1","20,6","16,3"
24,"14,5","16,1","18,8","22,6","26,0","27,6","27,5","27,1","26,4","23,9","20,5","16,1"
Trạm Phù Liễn,,,,,,,,,,,,
1,"15,0","16,4","19,0","22,4","25,6","27,4","27,3","26,9","26,2","24,0","20,7","16,7"
2,"14,8","16,2","18,9","22,3","25,5","27,3","27,2","26,7","26,0","23,7","20,5","16,5"
3,"14,6","16,1","18,8","22,2","25,4","27,2","27,0","26,5","25,8","23,5","20,4","16,4"
4,"14,5","16,0","18,8","22,1","25,3","27,1","26,9","26,4","25,6","23,3","20,3","16,2"
5,"14,5","16,0","18,7","22,1","25,3","27,1","26,8","26,3","25,5","23,2","20,2","16,1"
6,"14,4","16,0","18,7","22,1","25,4","27,1","26,8","26,3","25,4","23,1","20,1","16,0"
7,"14,4","16,0","18,8","22,3","25,7","27,5","27,0","26,5","25,6","23,2","20,1","16,0"
8,"14,9","16,4","19,2","23,1","26,6","28,4","27,9","27,5","26,7","24,5","21,2","16,7"
9,"15,5","17,0","19,7","23,8","27,4","29,2","28,6","28,3","27,7","25,8","22,3","17,6"
10,"16,4","17,8","20,3","24,5","28,2","30,0","29,4","29,0","28,6","26,9","23,4","18,6"
11,"17,2","18,5","20,8","25,0","28,8","30,5","30,0","29,6","29,1","27,7","24,1","19,6"
12,"17,8","19,1","21,3","25,4","29,3","31,0","30,4","30,0","29,5","28,2","24,7","20,2"
13,"18,2","19,6","21,6","25,8","29,6","31,4","30,8","30,3","29,7","28,6","25,1","20,7"
14,"18,4","19,7","21,7","25,8","29,7","31,4","30,9","30,4","29,8","28,6","25,1","20,9"
15,"18,3","19,7","21,5","25,7","29,6","31,2","30,9","30,4","29,6","28,3","24,9","20,8"
16,"17,9","19,3","21,2","25,3","29,2","30,9","30,5","30,1","29,3","27,7","24,2","20,2"
17,"17,2","18,7","20,7","24,6","28,5","30,3","30,0","29,5","28,7","26,7","23,2","19,3"
18,"16,4","17,7","20,0","23,8","27,4","29,4","29,2","28,7","27,8","25,7","22,3","18,3"
19,"15,9","17,2","19,6","23,2","26,6","28,6","28,5","28,0","27,2","25,2","21,9","17,9"
20,"15,7","17,0","19,4","23,0","26,2","28,2","28,1","27,7","26,9","24,9","21,6","17,6"
21,"15,5","16,8","19,4","22,8","26,1","27,9","27,6","26,7","24,7","21,5","17,4",
22,"15,4","16,7","19,3","22,8","26,0","27,8","27,7","27,4","26,6","24,5","21,3","17,2"
23,"15,2","16,6","19,2","22,7","25,9","27,7","27,6","27,2","26,4","24,3","21,0","16,9"
24,"15,1","16,6","19,2","22,6","25,8","27,6","27,5","27,1","26,3","24,1","20,8","16,7"
Trạm Ba Vì,,,,,,,,,,,,
1,"14,5","16,5","19,5","22,9","25,6","27,4","27,0","26,5","25,9","23,3","20,0","15,9"
2,"14,3","16,3","19,2","22,6","25,4","27,2","26,7","26,3","25,7","23,1","19,9","15,7"
3,"14,1","16,2","19,1","22,4","25,2","27,0","26,6","26,1","25,5","23,0","19,7","15,5"
4,"14,0","16,0","19,0","22,3","25,1","26,9","26,5","26,0","25,4","22,9","19,7","15,3"
5,"14,0","16,0","18,9","22,3","25,1","26,8","26,4","26,0","25,4","22,9","19,6","15,3"
6,"14,0","16,0","18,9","22,2","25,1","26,8","26,4","26,0","25,4","22,9","19,6","15,2"
7,"13,9","16,0","18,9","22,4","25,6","27,4","27,0","26,5","25,7","23,1","19,8","15,2"
8,"14,4","16,4","19,4","23,2","26,6","28,4","28,1","27,5","26,8","24,3","20,8","16,1"
9,"15,1","17,0","19,9","23,9","27,6","29,4","28,9","28,4","27,7","25,4","21,8","17,2"
10,"15,9","17,8","20,6","24,7","28,6","30,4","29,8","29,4","28,6","26,4","22,8","18,2"
11,"16,7","18,6","21,3","25,6","29,5","31,2","30,6","30,2","29,4","27,3","23,7","19,1"
12,"17,3","19,3","22,0","26,4","30,2","31,9","31,2","30,8","30,1","28,0","24,4","19,8"
13,"17,9","20,0","22,6","27,0","30,9","32,5","31,7","31,3","30,6","28,5","25,0","20,4"
14,"18,2","20,3","22,8","27,3","31,3","32,9","31,9","31,5","30,8","28,7","25,2","20,7"
15,"18,3","20,4","22,8","27,3","31,4","32,9","31,9","31,6","30,8","28,7","25,2","20,8"
16,"18,1","20,2","22,6","27,1","31,1","32,5","31,7","31,4","30,5","28,3","24,8","20,5"
17,"17,6","19,8","22,2","26,6","30,5","31,8","31,1","30,8","29,8","27,4","23,8","19,7"
18,"16,8","19,1","21,6","25,9","29,4","30,8","30,3","29,9","28,6","25,9","22,5","18,3"
19,"16,0","18,3","21,0","25,1","28,3","29,6","29,1","28,7","27,5","24,9","21,5","17,3"
20,"15,6","17,8","20,5","24,5","27,5","28,7","28,2","27,9","26,9","24,3","21,0","16,8"
21,"15,2","17,5","20,2","24,1","26,9","28,2","27,7","27,4","26,5","23,9","20,6","16,4"
22,"15,0","17,2","20,0","23,8","26,5","27,9","27,4","27,1","26,3","23,6","20,4","16,2"
23,"14,8","17,0","19,8","23,5","26,1","27,7","27,2","26,9","26,0","23,4","20,2","16,0"
24,"14,6","16,8","19,6","23,2","25,9","27,5","27,1","26,7","25,9","23,3","20,1","15,9"
Trạm Sơn Tây,,,,,,,,,,,,
1,"15,1","17,1","19,8","23,1","25,8","27,7","27,5","27,1","26,4","24,1","20,8","16,7"
2,"14,9","16,9","19,6","22,9","25,6","27,5","27,3","26,9","26,2","23,9","20,6","16,5"
3,"14,7","16,7","19,5","22,7","25,5","27,3","27,1","26,7","26,1","23,8","20,5","16,3"
4,"14,6","16,6","19,4","22,6","25,4","27,2","27,0","26,6","25,9","23,6","20,3","16,1"
5,"14,5","16,5","19,3","22,5","25,4","27,1","26,9","26,5","25,8","23,5","20,2","16,0"
6,"14,4","16,4","19,2","22,5","25,4","27,1","26,9","26,4","25,7","23,4","20,2","15,9"
7,"14,4","16,4","19,2","22,7","25,8","27,6","27,4","26,8","26,0","23,6","20,3","15,9"
8,"14,8","16,7","19,6","23,3","26,8","28,6","28,3","27,7","26,8","24,5","21,0","16,4"
9,"15,3","17,2","20,0","24,0","27,7","29,5","29,1","28,6","27,7","25,4","21,9","17,3"
10,"16,0","18,0","20,7","24,8","28,7","30,6","30,0","29,5","28,7","26,6","22,9","18,2"
11,"16,8","18,8","21,4","25,7","29,6","31,4","30,8","30,3","29,6","27,5","23,8","19,2"
12,"17,5","19,5","22,0","26,4","30,4","32,0","31,3","30,9","30,2","28,2","24,5","19,9"
13,"18,1","20,1","22,7","27,1","31,1","32,8","31,9","31,5","30,7","28,8","25,1","20,6"
14,"18,4","20,4","22,9","27,4","31,4","33,1","32,1","31,7","30,9","29,0","25,3","20,9"
15,"18,5","20,5","23,0","27,4","31,6","33,3","32,3","31,8","30,9","28,9","25,4","20,9"
16,"18,4","20,4","22,8","27,2","31,3","33,0","32,0","31,6","30,6","28,6","25,1","20,7"
17,"18,0","20,1","22,4","26,7","30,6","32,2","31,6","31,1","30,1","27,9","24,3","20,0"
18,"17,3","19,4","21,8","26,0","29,5","31,4","30,9","30,3","29,1","26,9","23,3","19,1"
19,"16,7","18,8","21,3","25,3","28,5","30,2","29,8","29,3","28,2","26,0","22,6","18,4"
20,"16,3","18,4","20,9","24,8","27,7","29,4","29,0","28,6","27,6","25,5","22,0","17,9"
21,"16,0","18,1","20,7","24,3","27,1","28,8","28,4","28,1","27,2","25,0","21,6","17,5"
22,"15,7","17,8","20,4","24,0","26,7","28,4","28,1","27,8","26,9","24,7","21,3","17,2"
23,"15,5","17,6","20,2","23,7","26,3","28,1","27,8","27,5","26,6","24,4","21,1","17,0"
24,"15,3","17,4","20,0","23,5","26,1","27,9","27,6","27,3","26,5","24,2","20,9","16,8"
Trạm Láng,,,,,,,,,,,,
1,"15,6","17,4","20,1","23,6","26,7","28,6","28,4","27,9","27,4","25,2","21,8","17,7"
2,"15,4","17,3","19,9","23,4","26,5","28,4","28,2","27,7","27,1","25,0","21,5","17,4"
3,"15,2","17,1","19,7","23,2","26,4","28,2","28,0","27,5","26,9","24,8","21,4","17,2"
4,"15,1","16,9","19,6","23,1","26,3","28,1","27,8","27,3","26,7","24,6","21,2","17,0"
5,"15,0","16,9","19,5","23,0","26,2","28,0","27,6","27,2","26,6","24,4","21,1","16,8"
6,"14,9","16,8","19,5","23,0","26,2","28,0","27,6","27,1","26,5","24,3","21,0","16,7"
7,"14,9","16,8","19,6","23,2","26,6","28,4","28,0","27,3","26,6","24,4","21,1","16,7"
8,"15,2","17,1","19,9","23,7","27,4","29,2","28,8","28,1","27,4","25,1","21,7","17,1"
9,"15,6","17,5","20,3","24,3","28,2","30,0","29,6","29,0","28,3","26,1","22,4","17,8"
10,"16,3","18,2","20,8","25,1","29,2","31,1","30,4","29,9","29,2","27,1","23,4","18,6"
11,"17,0","18,9","21,4","25,9","30,0","31,9","31,2","30,7","29,9","27,9","24,2","19,4"
12,"17,6","19,6","22,0","26,5","30,7","32,6","31,8","31,2","30,5","28,6","24,8","20,1"
13,"18,1","20,2","22,6","27,2","31,4","33,2","32,3","31,6","30,9","29,1","25,4","20,7"
14,"18,5","20,5","22,9","27,6","31,9","33,6","32,6","31,8","31,1","29,2","25,6","21,1"
15,"18,7","20,7","23,0","27,7","32,1","33,8","32,7","31,9","31,2","29,3","25,7","21,2"
16,"18,6","20,7","22,8","27,5","31,9","33,5","32,6","31,9","31,0","29,0","25,4","21,0"
17,"18,2","20,2","22,5","27,0","31,2","32,9","32,2","31,4","30,4","28,4","24,8","20,4"
18,"17,6","19,6","21,9","26,3","30,2","31,9","31,4","30,6","29,7","27,6","24,0","19,7"
19,"17,1","19,1","21,4","25,6","29,2","30,9","30,5","29,9","29,0","26,9","23,3","19,1"
20,"16,7","18,7","21,1","25,1","28,6","30,2","29,8","29,3","28,6","26,5","23,0","18,7"
21,"16,4","18,4","20,9","24,7","28,0","29,7","29,4","28,9","28,2","26,1","22,6","18,4"
22,"16,2","18,2","20,7","24,4","27,6","29,3","29,1","28,6","28,0","25,8","22,4","18,2"
23,"16,0","18,0","20,5","24,1","27,3","29,1","28,8","28,4","27,7","25,5","22,1","18,0"
24,"15,8","17,7","20,3","23,9","27,1","28,8","28,6","28,2","27,5","25,3","21,9","17,7"
Trạm Hải Dương,,,,,,,,,,,,
1,"15,0","17,1","19,7","23,2","26,2","27,9","28,1","27,6","26,7","24,3","20,9","16,8"
2,"14,8","16,9","19,6","23,0","26,0","27,8","27,9","27,4","26,5","24,0","20,7","16,5"
3,"14,6","16,8","19,5","22,9","25,9","27,7","27,2","26,4","23,8","20,5","16,3",
4,"14,5","16,7","19,4","22,8","25,8","27,6","27,1","26,3","23,7","20,4","16,1",
5,"14,4","16,6","19,4","22,8","25,8","27,5","27,0","26,2","23,6","20,3","16,0",
6,"14,4","16,6","19,4","22,8","25,9","27,6","27,5","27,0","26,1","23,5","20,2","15,8"
7,"14,3","16,6","19,4","23,0","26,4","28,2","28,0","27,4","26,5","23,8","20,4","15,8"
8,"14,8","16,9","19,8","23,7","27,3","29,0","28,7","28,3","27,5","25,1","21,3","16,6"
9,"15,4","17,3","20,1","24,2","28,0","29,7","29,4","29,0","28,3","26,2","22,3","17,5"
10,"16,2","17,9","20,6","24,8","28,7","30,6","30,2","29,8","29,1","27,2","23,3","18,5"
11,"16,9","18,6","21,2","25,4","29,4","31,3","30,8","30,4","29,7","28,0","24,1","19,4"
12,"17,5","19,2","21,6","25,9","29,9","31,8","31,4","30,8","30,1","28,6","24,8","20,0"
13,"18,0","19,7","22,0","26,4","30,4","32,4","31,7","31,1","30,4","29,0","25,2","20,6"
14,"18,3","20,0","22,1","26,5","30,6","32,5","31,9","31,2","30,4","29,1","25,4","20,8"
15,"18,4","20,1","22,2","26,6","30,7","32,5","32,0","31,3","30,3","29,0","25,4","20,9"
16,"18,3","20,0","22,0","26,4","30,4","32,3","31,9","31,2","30,2","28,6","25,0","20,7"
17,"17,9","19,7","21,7","25,9","29,8","31,8","31,5","30,7","29,7","27,9","24,3","20,1"
18,"17,3","19,1","21,3","25,3","28,8","31,0","30,8","30,1","29,0","26,8","23,4","19,2"
19,"16,7","18,6","20,9","24,6","27,8","29,8","30,0","29,2","28,2","26,0","22,7","18,6"
20,"16,3","18,2","20,6","24,2","27,3","29,2","29,3","28,8","27,8","25,5","22,3","18,1"
21,"16,0","18,0","20,4","23,9","26,9","28,8","28,9","28,5","27,5","25,2","22,0","17,8"
22,"15,7","17,7","20,3","23,7","26,7","28,5","28,7","28,2","27,3","24,9","21,6","17,5"
23,"15,5","17,5","20,1","23,6","26,5","28,3","28,5","28,0","27,0","24,7","21,4","17,2"
24,"15,3","17,4","20,0","23,4","26,4","28,2","28,3","27,8","26,9","24,4","21,1","16,9"
Trạm Hưng Yên,,,,,,,,,,,,
1,"15,1","17,1","19,5","23,1","26,3","28,1","28,0","27,6","26,8","24,4","21,1","17,0"
2,"14,9","16,9","19,4","22,9","26,1","27,9","27,8","27,3","26,6","24,2","20,9","16,8"
3,"14,7","16,8","19,2","22,8","25,9","27,8","27,6","27,1","26,5","24,0","20,7","16,6"
4,"14,6","16,6","19,2","22,7","25,8","27,6","27,5","27,0","26,3","23,9","20,6","16,4"
5,"14,5","16,6","19,2","22,6","25,8","27,6","27,5","26,9","26,2","23,7","20,5","16,3"
6,"14,5","16,5","19,1","22,6","25,8","27,6","27,4","26,9","26,1","23,7","20,4","16,1"
7,"14,4","16,5","19,2","22,8","26,3","28,1","27,9","27,2","26,3","23,8","20,4","16,1"
8,"14,8","16,8","19,6","23,4","27,2","29,1","28,7","28,1","27,2","24,8","21,2","16,6"
9,"15,3","17,3","20,0","24,1","28,1","30,1","29,4","28,9","28,0","25,8","22,2","17,5"
10,"16,1","17,9","20,6","24,8","29,0","30,9","30,2","29,7","28,9","26,8","23,2","18,4"
11,"16,7","18,5","21,1","25,4","29,7","31,6","30,8","30,3","29,5","27,6","24,0","19,2"
12,"17,4","19,2","21,6","26,1","30,3","32,2","31,4","30,8","30,0","28,1","24,6","19,9"
13,"17,9","19,7","22,1","26,6","30,9","32,8","31,8","31,2","30,3","28,5","25,1","20,4"
14,"18,2","20,0","22,3","26,8","31,2","33,0","32,1","31,4","30,5","28,7","25,3","20,7"
15,"18,3","20,1","22,3","26,8","31,2","33,1","32,2","31,4","30,4","28,7","25,3","20,8"
16,"18,1","20,0","22,1","26,6","30,9","32,9","32,0","31,2","30,3","28,4","24,9","20,6"
17,"17,8","19,6","21,7","26,1","30,1","32,2","31,6","30,9","29,9","27,7","24,3","20,1"
18,"17,2","19,1","21,2","25,4","29,2","31,2","30,8","30,2","29,1","26,8","23,4","19,3"
19,"16,6","18,5","20,8","24,7","28,3","30,2","30,0","29,4","28,4","26,1","22,8","18,7"
20,"16,3","18,1","20,4","24,2","27,6","29,5","29,3","28,9","27,9","25,7","22,3","18,2"
21,"16,0","17,9","20,2","23,9","27,2","29,0","28,8","28,5","27,6","25,3","22,0","17,9"
22,"15,7","17,7","20,0","23,6","26,9","28,7","28,6","28,2","27,3","25,0","21,8","17,6"
23,"15,5","17,5","19,9","23,5","26,7","28,5","28,4","28,0","27,1","24,7","21,5","17,3"
24,"15,3","17,3","19,7","23,3","26,5","28,3","28,2","27,8","26,9","24,5","21,2","17,1"
Trạm Nam Định,,,,,,,,,,,,
1,"15,3","17,1","19,5","23,1","26,5","28,3","28,2","27,7","26,8","24,4","21,3","17,2"
2,"15,0","16,9","19,4","22,9","26,3","28,1","28,0","27,4","26,6","24,1","21,1","16,9"
3,"14,9","16,8","19,3","22,8","26,2","27,9","27,8","27,3","26,4","24,0","20,9","16,7"
4,"14,8","16,7","19,2","22,7","26,1","27,8","27,7","27,1","26,3","23,8","20,8","16,6"
5,"14,7","16,6","19,2","22,7","26,0","27,7","27,6","27,0","26,2","23,7","20,7","16,4"
6,"14,6","16,6","19,2","22,7","26,0","27,7","27,6","26,9","26,1","23,7","20,6","16,3"
7,"14,6","16,6","19,3","23,0","26,6","28,4","28,1","27,4","26,4","23,9","20,7","16,3"
8,"15,0","16,9","19,7","23,6","27,5","29,3","28,9","28,3","27,3","25,0","21,5","16,9"
9,"15,6","17,4","20,1","24,2","28,4","30,2","29,6","29,0","28,2","26,0","22,4","17,8"
10,"16,3","18,0","20,7","24,9","29,2","31,1","30,3","29,8","28,9","27,0","23,4","18,7"
11,"17,0","18,7","21,2","25,5","29,9","31,7","30,9","30,4","29,5","27,7","24,1","19,5"
12,"17,5","19,2","21,6","26,1","30,5","32,3","31,5","30,8","29,9","28,2","24,7","20,1"
13,"18,0","19,8","22,1","26,6","30,9","32,8","31,9","31,2","30,2","28,5","25,1","20,6"
14,"18,2","19,9","22,2","26,7","31,0","32,9","32,0","31,3","30,3","28,5","25,3","20,8"
15,"18,3","20,0","22,2","26,7","30,9","32,9","32,1","31,4","30,2","28,4","25,2","20,8"
16,"18,1","19,8","21,9","26,4","30,5","32,6","32,0","31,2","30,1","28,1","24,8","20,6"
17,"17,7","19,4","21,5","25,8","29,8","31,9","31,4","30,6","29,6","27,4","24,1","20,0"
18,"17,1","18,7","20,9","25,1","28,9","31,0","30,6","30,0","28,9","26,5","23,3","19,2"
19,"16,6","18,3","20,5","24,5","28,0","30,1","29,9","29,3","28,3","26,0","22,8","18,7"
20,"16,3","18,0","20,3","24,1","27,5","29,6","29,4","28,8","27,9","25,6","22,5","18,3"
21,"16,1","17,8","20,1","23,8","27,3","29,2","29,0","28,5","27,7","25,3","22,2","18,0"
22,"15,9","17,6","19,9","23,7","27,1","29,0","28,8","28,3","27,4","25,1","21,9","17,8"
23,"15,7","17,4","19,8","23,5","26,9","28,8","28,6","28,1","27,2","24,8","21,7","17,5"
24,"15,4","17,3","19,7","23,4","26,7","28,6","28,4","27,9","26,9","24,6","21,4","17,3"
Trạm Thái Bình,,,,,,,,,,,,
1,"15,0","16,9","19,4","22,8","26,0","27,9","28,2","27,4","26,3","23,8","20,9","16,8"
2,"14,9","16,8","19,2","22,6","25,8","27,7","28,0","27,2","26,0","23,6","20,7","16,6"
3,"14,7","16,7","19,1","22,5","25,7","27,5","27,8","27,0","25,9","23,4","20,5","16,4"
4,"14,6","16,6","19,1","22,4","25,6","27,4","27,6","26,8","25,7","23,3","20,4","16,2"
5,"14,5","16,5","19,0","22,4","25,5","27,3","27,5","26,7","25,6","23,1","20,3","16,1"
6,"14,5","16,5","19,0","22,4","25,6","27,4","27,5","26,7","25,5","23,1","20,3","16,0"
7,"14,5","16,6","19,2","22,7","26,3","28,2","28,1","27,2","26,1","23,6","20,5","16,1"
8,"15,0","16,9","19,5","23,4","27,2","29,2","28,8","28,1","27,1","24,8","21,5","16,9"
9,"15,6","17,3","19,9","24,0","28,0","30,0","29,4","28,9","28,0","26,0","22,5","18,0"
10,"16,4","17,9","20,4","24,6","28,7","30,7","30,1","29,6","28,7","27,1","23,5","19,0"
11,"17,1","18,4","20,9","25,1","29,2","31,4","30,7","30,0","29,2","27,7","24,2","19,7"
12,"17,5","18,9","21,2","25,5","29,5","31,8","31,2","30,4","29,6","28,1","24,7","20,3"
13,"17,9","19,3","21,5","25,8","29,8","32,1","31,5","30,7","29,8","28,3","25,0","20,6"
14,"18,0","19,4","21,6","25,9","29,8","32,1","31,5","30,8","29,8","28,4","25,0","20,8"
15,"18,0","19,5","21,5","25,8","29,7","32,0","31,5","30,8","29,8","28,2","24,9","20,7"
16,"17,8","19,3","21,2","25,4","29,3","31,6","31,3","30,5","29,5","27,6","24,5","20,3"
17,"17,4","18,9","20,9","24,9","28,7","31,1","30,9","30,1","29,0","26,8","23,6","19,6"
18,"16,7","18,3","20,4","24,2","27,9","30,2","30,3","29,4","28,1","25,7","22,7","18,6"
19,"16,3","17,9","20,1","23,7","27,1","29,3","29,7","28,7","27,4","25,1","22,2","18,1"
20,"16,0","17,8","20,0","23,5","26,7","28,9","29,3","28,4","27,1","24,8","21,9","17,7"
21,"15,8","17,6","19,8","23,3","26,6","28,6","29,0","28,1","26,9","24,6","21,7","17,4"
22,"15,6","17,5","19,8","23,2","26,5","28,4","28,8","28,0","26,7","24,3","21,5","17,2"
23,"15,4","17,3","19,6","23,1","26,4","28,3","28,6","27,8","26,6","24,1","21,2","17,0"
24,"15,2","17,2","19,5","23,0","26,2","28,1","28,4","27,6","26,4","23,9","21,0","16,8"
Trạm Ninh Bình,,,,,,,,,,,,
1,"15,4","17,0","19,4","22,9","26,0","27,9","27,8","27,3","26,6","24,4","21,4","17,3"
2,"15,2","16,8","19,2","22,7","25,8","27,7","27,5","27,1","26,3","24,2","21,3","17,1"
3,"15,1","16,7","19,1","22,6","25,7","27,5","27,3","26,9","26,2","24,1","21,2","17,0"
4,"15,0","16,6","19,0","22,5","25,6","27,3","27,2","26,7","26,1","24,0","21,1","16,9"
5,"14,9","16,6","19,0","22,5","25,6","27,2","27,1","26,6","26,0","23,9","21,0","16,8"
6,"14,9","16,6","19,0","22,5","25,6","27,3","27,1","26,6","25,9","23,8","20,9","16,7"
7,"14,9","16,6","19,1","22,8","26,3","28,0","27,8","27,2","26,3","24,1","21,0","16,7"
8,"15,2","17,0","19,5","23,4","27,3","29,0","28,6","28,1","27,2","25,0","21,7","17,3"
9,"15,7","17,4","19,9","24,0","28,1","30,0","29,4","29,0","28,0","25,9","22,4","18,0"
10,"16,4","18,0","20,4","24,7","29,0","30,9","30,2","29,7","28,8","26,8","23,3","18,7"
11,"16,9","18,6","21,0","25,4","29,7","31,6","30,9","30,4","29,3","27,5","24,0","19,4"
12,"17,4","19,2","21,5","25,9","30,3","32,2","31,4","30,8","29,8","27,9","24,6","20,0"
13,"17,9","19,6","22,0","26,4","30,6","32,6","31,8","31,1","30,0","28,2","24,9","20,4"
14,"18,1","19,9","22,2","26,6","30,8","32,8","32,0","31,3","30,0","28,2","25,1","20,7"
15,"18,2","19,9","22,2","26,6","30,7","32,7","32,0","31,4","30,0","28,2","25,1","20,7"
16,"18,1","19,8","21,9","26,2","30,3","32,3","31,7","31,1","29,8","27,8","24,7","20,5"
17,"17,7","19,3","21,5","25,6","29,5","31,5","31,1","30,6","29,3","27,2","24,0","20,0"
18,"17,1","18,7","20,9","24,8","28,5","30,7","30,3","29,7","28,5","26,3","23,3","19,2"
19,"16,6","18,2","20,4","24,2","27,6","29,7","29,5","28,9","27,9","25,7","22,7","18,6"
20,"16,3","17,9","20,1","23,8","27,1","29,1","29,0","28,5","27,5","25,3","22,3","18,2"
21,"16,0","17,6","19,9","23,5","26,8","28,7","28,6","28,1","27,2","25,0","22,0","17,9"
22,"15,9","17,5","19,8","23,4","26,6","28,4","28,3","27,9","27,0","24,8","21,8","17,7"
23,"15,7","17,3","19,7","23,2","26,4","28,2","28,1","27,7","26,8","24,6","21,6","17,4"
24,"15,5","17,2","19,6","23,1","26,3","28,1","27,9","27,6","26,6","24,5","21,5","17,3"
Trạm Vinh,,,,,,,,,,,,
1,"16,6","17,7","20,0","23,6","27,2","29,2","28,5","27,7","26,8","24,4","22,1","18,2"
2,"16,4","17,6","19,9","23,5","27,0","28,9","28,3","27,5","26,5","24,1","21,8","18,0"
3,"16,3","17,5","19,8","23,3","26,7","28,7","28,1","27,3","26,3","24,0","21,7","17,9"
4,"16,2","17,4","19,7","23,2","26,5","28,6","27,9","27,1","26,1","23,8","21,5","17,8"
5,"16,1","17,3","19,7","23,1","26,4","28,4","27,7","27,0","26,0","23,7","21,5","17,7"
6,"16,1","17,3","19,6","23,1","26,4","28,4","27,7","27,0","25,9","23,6","21,5","17,6"
7,"16,1","17,4","19,8","23,4","27,1","29,1","28,3","27,4","26,3","23,9","21,6","17,7"
8,"16,5","17,8","20,3","24,3","28,5","30,4","29,5","28,5","27,2","24,7","22,3","18,1"
9,"17,0","18,3","20,9","25,1","29,6","31,5","30,5","29,6","28,2","25,6","23,0","18,7"
10,"17,6","19,0","21,7","26,1","30,7","32,5","31,6","30,7","29,1","26,5","23,9","19,5"
11,"18,3","19,7","22,4","27,0","31,5","33,3","32,3","31,5","29,8","27,1","24,5","20,1"
12,"18,8","20,3","22,9","27,5","32,1","33,9","32,9","32,1","30,4","27,5","24,9","20,6"
13,"19,1","20,8","23,3","27,7","32,4","34,3","33,3","32,4","30,7","27,8","25,1","21,0"
14,"19,1","20,8","23,3","27,7","32,3","34,3","33,4","32,4","30,7","27,6","25,2","21,0"
15,"19,0","20,7","23,1","27,4","32,0","34,1","33,2","32,3","30,6","27,5","25,0","20,9"
16,"18,7","20,3","22,6","27,0","31,6","33,6","32,8","31,9","30,3","27,2","24,7","20,6"
17,"18,3","19,8","22,1","26,3","30,8","33,0","32,1","31,2","29,7","26,7","24,1","20,2"
18,"17,8","19,1","21,4","25,6","29,9","32,1","31,3","30,4","29,0","26,1","23,6","19,7"
19,"17,5","18,7","21,0","24,9","29,1","31,2","30,4","29,6","28,4","25,7","23,2","19,3"
20,"17,3","18,5","20,7","24,6","28,6","30,6","29,9","29,2","28,0","25,4","23,0","19,0"
21,"17,1","18,3","20,6","24,4","28,3","30,3","29,6","28,8","27,7","25,2","22,7","18,7"
22,"17,0","18,2","20,4","24,2","28,0","30,0","29,3","28,5","27,5","24,9","22,5","18,5"
23,"16,8","18,1","20,3","24,1","27,8","29,7","29,0","28,2","27,2","24,7","22,3","18,3"
24,"16,7","17,9","20,2","23,9","27,5","29,4","28,7","28,0","26,9","24,5","22,1","18,2"
Trạm Hà Tĩnh,,,,,,,,,,,,
1,"16,7","18,0","20,3","23,9","27,3","29,0","28,4","27,6","26,5","24,3","22,1","18,3"
2,"16,6","17,8","20,1","23,6","27,0","28,7","28,2","27,3","26,2","24,0","21,9","18,1"
3,"16,5","17,6","20,0","23,5","26,8","28,5","28,0","27,1","26,1","23,9","21,8","18,0"
4,"16,4","17,5","19,9","23,3","26,6","28,4","27,8","26,9","25,9","23,7","21,6","17,9"
5,"16,3","17,5","19,8","23,2","26,4","28,2","27,7","26,8","25,8","23,6","21,6","17,9"
6,"16,3","17,5","19,8","23,2","26,4","28,2","27,7","26,8","25,7","23,6","21,5","17,8"
7,"16,3","17,5","19,9","23,5","27,3","29,1","28,4","27,4","26,1","23,8","21,7","17,9"
8,"16,6","17,8","20,4","24,4","28,5","30,3","29,6","28,6","27,1","24,6","22,2","18,2"
9,"17,1","18,4","21,0","25,3","29,7","31,4","30,7","29,7","28,1","25,5","22,9","18,8"
10,"17,7","19,1","21,7","26,3","30,8","32,3","31,6","30,8","29,0","26,3","23,6","19,4"
11,"18,2","19,7","22,5","27,0","31,7","33,1","32,4","31,5","29,7","26,8","24,1","19,9"
12,"18,7","20,3","23,0","27,5","32,2","33,7","33,0","32,1","30,0","27,2","24,5","20,2"
13,"18,9","20,7","23,3","27,8","32,4","34,0","33,3","32,4","30,4","27,5","24,7","20,4"
14,"19,0","20,8","23,3","27,7","32,3","34,1","33,4","32,5","30,4","27,4","24,7","20,5"
15,"18,9","20,7","23,2","27,5","32,0","33,7","33,1","32,0","30,2","27,3","24,6","20,4"
16,"18,7","20,4","22,8","27,1","31,6","33,3","32,6","31,5","29,9","27,0","24,3","20,2"
17,"18,3","19,9","22,3","26,5","31,0","32,8","32,0","30,8","29,3","26,5","23,9","19,9"
18,"17,9","19,4","21,7","25,8","30,1","32,0","31,1","30,0","28,6","26,0","23,4","19,5"
19,"17,6","18,9","21,2","25,2","29,2","31,0","30,3","29,3","28,1","25,6","23,2","19,2"
20,"17,4","18,7","21,0","24,9","28,7","30,4","29,8","28,9","27,7","25,3","22,9","19,0"
21,"17,3","18,6","20,8","24,7","28,4","30,0","29,4","28,5","27,4","25,1","22,7","18,8"
22,"17,2","18,4","20,7","24,6","28,1","29,7","29,1","28,3","27,2","24,8","22,5","18,6"
23,"17,0","18,3","20,6","24,4","27,8","29,5","28,8","28,0","26,9","24,6","22,3","18,4"
24,"16,9","18,2","20,5","24,2","27,6","29,2","28,6","27,8","26,6","24,4","22,1","18,3"
Trạm Đông Hà,,,,,,,,,,,,
1,"18,3","19,1","21,3","24,1","26,4","27,8","27,2","27,0","25,9","24,2","22,8","19,6"
2,"18,2","18,9","21,2","23,9","26,2","27,7","27,1","26,8","25,7","24,0","22,7","19,5"
3,"18,2","18,9","21,1","23,8","26,1","27,6","27,0","26,7","25,6","23,9","22,6","19,5"
4,"18,1","18,8","21,0","23,8","26,1","27,6","27,0","26,7","25,6","23,8","22,6","19,4"
5,"18,1","18,8","21,0","23,8","26,2","27,6","27,0","26,7","25,5","23,8","22,6","19,4"
6,"18,1","18,7","21,0","23,9","26,3","27,8","27,1","26,7","25,5","23,8","22,6","19,4"
7,"18,1","18,8","21,2","24,4","27,4","28,7","27,9","27,4","26,1","24,1","22,8","19,4"
8,"18,7","19,4","22,0","25,8","29,2","30,2","29,4","28,9","27,6","25,3","23,7","20,1"
9,"19,4","20,2","23,0","27,1","30,7","31,4","30,6","30,2","28,8","26,3","24,5","20,7"
10,"20,1","21,2","24,0","28,3","31,9","32,4","31,6","31,2","29,9","27,1","25,1","21,3"
11,"20,8","22,1","25,0","29,2","32,8","33,2","32,3","32,0","30,6","27,5","25,6","21,7"
12,"21,2","22,7","25,6","29,9","33,4","33,8","32,9","32,6","31,2","27,9","25,9","22,0"
13,"21,5","23,1","26,0","30,0","33,6","34,1","33,2","32,7","31,4","28,1","25,9","22,2"
14,"21,4","23,0","25,8","29,7","33,2","34,0","33,1","32,6","31,2","27,9","25,7","22,1"
15,"21,2","22,6","25,3","29,2","32,4","33,6","32,8","32,1","30,7","27,6","25,5","21,9"
16,"20,9","22,1","24,6","28,5","31,6","32,9","32,1","31,5","30,2","27,2","25,0","21,6"
17,"20,4","21,5","23,9","27,6","30,8","32,2","31,3","30,7","29,3","26,6","24,5","21,1"
18,"19,8","20,9","23,3","26,7","29,7","31,1","30,2","29,7","28,4","26,0","24,0","20,6"
19,"19,4","20,3","22,6","25,9","28,6","29,9","29,2","28,8","27,7","25,5","23,7","20,3"
20,"19,1","20,0","22,2","25,4","28,0","29,3","28,5","28,3","27,2","25,2","23,5","20,1"
21,"18,8","19,7","22,0","25,1","27,6","28,9","28,1","27,9","26,9","24,9","23,3","19,9"
22,"18,7","19,5","21,8","24,8","27,2","28,5","27,8","27,6","26,6","24,7","23,1","19,8"
23,"18,5","19,4","21,6","24,5","26,9","28,2","27,6","27,3","26,2","24,5","22,9","19,7"
24,"18,4","19,2","21,5","24,4","26,6","28,0","27,4","27,1","26,0","24,3","22,8","19,6"
Trạm Huế,,,,,,,,,,,,
1,"18,4","19,0","21,3","23,8","25,5","26,3","26,0","25,2","23,8","22,6","19,6",
2,"18,3","18,9","21,2","23,6","25,3","26,1","25,7","25,8","25,0","23,6","22,4","19,4"
3,"18,2","18,7","21,0","23,5","25,2","26,0","25,6","24,9","23,5","22,3","19,4",
4,"18,1","18,6","20,9","23,4","25,1","25,9","25,5","24,8","23,4","22,2","19,3",
5,"18,1","18,6","20,9","23,4","25,1","25,8","25,4","24,8","23,4","22,2","19,3",
6,"18,1","18,5","20,8","23,4","25,2","25,9","25,5","25,4","24,8","23,4","22,3","19,3"
7,"18,2","18,6","21,1","24,2","26,6","27,6","26,9","26,6","25,6","23,8","22,6","19,4"
8,"18,9","19,7","22,3","26,0","28,7","29,7","29,0","28,8","27,4","25,1","23,6","20,1"
9,"19,7","20,9","23,5","27,5","30,4","31,4","30,6","30,5","28,8","26,2","24,5","20,8"
10,"20,7","22,2","24,8","28,8","31,8","32,7","32,0","31,8","30,1","27,2","25,3","21,5"
11,"21,4","23,0","25,8","29,7","32,7","33,6","32,9","32,7","30,8","27,8","25,8","22,0"
12,"21,8","23,5","26,3","30,0","33,0","34,0","33,3","33,2","31,3","28,2","26,1","22,2"
13,"22,0","23,7","26,5","29,9","32,9","34,0","33,3","31,4","28,3","26,1","22,4",
14,"21,9","23,5","26,3","29,6","32,5","33,7","32,9","31,1","28,1","25,9","22,3",
15,"21,6","23,2","25,9","29,1","31,6","33,1","32,1","32,2","30,5","27,7","25,7","22,1"
16,"21,3","22,8","25,3","28,5","30,6","32,3","31,4","29,8","27,3","25,3","21,8",
17,"20,8","22,2","24,7","27,7","29,6","31,4","30,6","30,4","29,0","26,6","24,7","21,3"
18,"20,2","21,4","23,8","26,7","28,6","30,2","29,6","29,3","28,0","25,8","24,1","20,8"
19,"19,7","20,7","23,1","25,9","27,7","29,0","28,4","28,3","27,1","25,2","23,7","20,4"
20,"19,4","20,3","22,6","25,3","27,0","28,2","27,6","27,5","26,5","24,8","23,4","20,2"
21,"19,1","20,0","22,3","25,0","26,6","27,6","27,1","27,0","26,0","24,5","23,1","20,0"
22,"18,9","19,7","22,1","24,7","26,2","27,1","26,7","26,6","25,8","24,2","22,9","19,8"
23,"18,7","19,5","21,8","24,4","26,0","26,8","26,4","25,5","24,0","22,7","19,7",
24,"18,6","19,3","21,6","24,1","25,8","26,5","26,2","26,1","25,4","23,8","22,6","19,6"
Trạm Đà Nẵng,,,,,,,,,,,,
1,"20,6","21,3","23,1","25,2","26,7","27,8","27,1","26,1","25,0","24,2","21,6",
2,"20,4","21,0","22,9","25,0","26,5","27,5","26,8","26,9","25,9","24,8","24,0","21,4"
3,"20,3","20,9","22,7","24,8","26,3","27,3","26,7","25,7","24,6","23,8","21,3",
4,"20,1","20,7","22,6","24,7","26,2","27,2","26,5","26,6","25,5","24,5","23,8","21,2"
5,"20,1","20,7","22,5","24,6","26,1","27,1","26,4","26,5","25,4","24,4","23,7","21,2"
6,"20,1","20,6","22,5","24,6","26,2","27,3","26,5","25,4","24,4","23,7","21,1",
7,"20,1","20,7","22,7","25,3","27,4","28,6","27,7","27,4","26,1","24,9","24,0","21,3"
8,"21,0","21,8","23,9","26,8","29,4","30,6","29,5","29,3","27,7","26,1","25,0","22,0"
9,"21,9","22,9","25,1","28,2","31,0","32,0","31,1","30,8","29,2","27,3","25,9","22,8"
10,"22,9","24,1","26,3","29,3","32,2","33,2","32,3","32,1","30,4","28,2","26,6","23,5"
11,"23,6","24,7","26,8","29,7","32,6","33,8","33,0","32,8","31,0","28,6","26,9","24,0"
12,"23,9","25,0","27,0","29,9","32,7","34,1","33,3","33,2","31,3","28,8","27,1","24,2"
13,"24,0","25,1","27,1","29,8","32,5","34,0","33,3","33,2","31,3","28,9","27,2","24,3"
14,"23,9","25,1","27,0","29,4","32,1","33,7","33,0","31,1","28,8","27,0","24,2",
15,"23,6","24,7","26,6","28,9","31,3","33,1","32,4","32,5","30,8","28,6","26,8","24,0"
16,"23,2","24,2","25,9","28,2","30,5","32,4","31,7","31,8","30,2","28,2","26,4","23,7"
17,"22,6","23,6","25,2","27,5","29,7","31,4","30,8","29,4","27,6","25,9","23,2",
18,"22,0","22,8","24,5","26,8","29,0","30,4","29,9","28,7","27,1","25,5","22,8",
19,"21,7","22,4","24,1","26,4","28,5","29,6","29,1","29,2","28,2","26,7","25,3","22,5"
20,"21,6","22,2","23,9","26,2","28,2","29,2","28,7","27,8","26,5","25,2","22,3",
21,"21,4","22,1","23,8","26,0","27,9","28,9","28,3","27,4","26,1","25,0","22,2",
22,"21,2","21,9","23,7","25,9","27,6","28,6","28,0","27,0","25,8","24,8","22,0",
23,"21,0","21,7","23,5","25,7","27,4","28,3","27,7","26,7","25,4","24,5","21,8",
24,"20,8","21,5","23,3","25,5","27,1","28,0","27,4","26,4","25,2","24,3","21,6",
Trạm Quảng Ngãi,,,,,,,,,,,,
1,"20,7","21,4","23,1","25,1","26,7","27,3","26,8","26,7","25,9","24,8","24,0","21,8"
2,"20,5","21,1","22,8","24,8","26,4","27,0","26,6","26,4","25,6","24,6","23,8","21,7"
3,"20,3","20,9","22,5","24,6","26,2","26,8","26,3","26,2","25,4","24,4","23,6","21,6"
4,"20,2","20,7","22,3","24,4","26,0","26,5","26,1","26,0","25,3","24,3","23,5","21,4"
5,"20,1","20,7","22,2","24,3","25,8","26,4","26,0","25,9","25,2","24,2","23,5","21,4"
6,"20,1","20,6","22,1","24,2","25,8","26,4","25,9","25,8","25,1","24,2","23,5","21,4"
7,"20,2","20,7","22,4","24,9","26,8","27,5","26,8","26,5","25,7","24,6","23,8","21,5"
8,"21,0","21,7","23,8","26,8","29,0","29,5","28,8","28,5","27,3","25,8","24,9","22,3"
9,"22,1","23,2","25,5","28,5","30,9","31,3","30,6","30,3","28,8","27,2","26,0","23,3"
10,"23,2","24,6","27,0","30,1","32,6","32,9","32,2","32,0","30,2","28,2","26,9","24,2"
11,"23,9","25,6","27,9","31,0","33,6","34,0","33,3","33,1","31,1","28,8","27,3","24,7"
12,"24,4","26,1","28,4","31,5","34,1","34,6","34,0","33,7","31,7","29,2","27,6","25,0"
13,"24,6","26,4","28,7","31,6","34,1","34,8","34,2","33,9","31,8","29,4","27,7","25,2"
14,"24,6","26,4","28,5","31,4","33,8","34,5","33,8","33,6","31,7","29,3","27,7","25,1"
15,"24,4","26,0","28,0","30,7","32,9","33,6","33,1","33,0","31,1","28,9","27,4","24,8"
16,"23,9","25,4","27,3","29,7","31,9","32,6","32,0","32,1","30,2","28,3","26,9","24,4"
17,"23,1","24,5","26,3","28,6","30,9","31,6","31,1","31,0","29,3","27,5","26,1","23,8"
18,"22,4","23,5","25,3","27,6","29,7","30,5","29,9","28,4","26,9","25,6","23,3",
19,"22,0","22,9","24,6","26,9","28,8","29,6","29,0","27,7","26,4","25,2","22,9",
20,"21,7","22,6","24,3","26,6","28,3","29,1","28,5","28,4","27,3","26,0","24,9","22,6"
21,"21,4","22,3","24,1","26,3","28,0","28,6","28,1","27,9","27,0","25,7","24,7","22,4"
22,"21,2","22,1","23,8","26,0","27,6","28,2","27,7","27,6","26,6","25,5","24,5","22,2"
23,"21,0","21,8","23,6","25,7","27,3","27,9","27,4","27,3","26,4","25,2","24,3","22,0"
24,"20,9","21,6","23,3","25,4","27,0","27,6","27,1","27,0","26,1","25,0","24,1","21,9"
Trạm Quy Nhơn,,,,,,,,,,,,
1,"22,6","23,0","24,6","26,3","27,7","28,8","28,4","27,5","26,2","25,4","23,7",
2,"22,4","22,8","24,4","26,1","27,6","28,8","28,3","28,2","27,3","26,0","25,3","23,5"
3,"22,2","22,7","24,2","26,0","27,5","28,7","28,2","28,1","27,2","25,9","25,2","23,4"
4,"22,1","22,5","24,0","25,9","27,4","28,6","28,1","27,1","25,8","25,1","23,3",
5,"22,1","22,5","23,9","25,9","27,4","28,5","28,1","28,0","27,0","25,7","25,1","23,3"
6,"22,1","22,4","23,9","26,0","27,5","28,7","28,2","28,1","27,0","25,8","25,1","23,4"
7,"22,2","22,6","24,2","26,6","28,5","29,6","29,0","28,8","27,6","26,3","25,4","23,5"
8,"23,0","23,6","25,5","27,9","29,9","30,8","30,4","30,1","28,9","27,3","26,2","24,2"
9,"23,8","24,7","26,6","28,9","30,7","31,6","31,3","31,1","30,0","28,1","26,9","24,8"
10,"24,6","25,6","27,4","29,5","31,2","32,3","32,0","31,9","30,8","28,8","27,5","25,4"
11,"25,2","26,2","27,9","29,8","31,4","32,7","32,5","32,4","31,4","29,3","27,8","25,8"
12,"25,5","26,5","28,2","30,0","31,5","33,0","32,8","32,7","31,6","29,4","28,0","26,0"
13,"25,6","26,6","28,3","30,1","31,6","33,2","33,0","32,8","31,8","29,5","28,0","26,1"
14,"25,6","26,6","28,2","30,0","31,4","33,1","33,0","32,8","31,7","29,4","27,9","26,0"
15,"25,4","26,3","27,9","29,6","31,0","32,7","32,6","32,5","31,3","29,2","27,7","25,7"
16,"25,0","25,8","27,4","29,0","30,4","32,1","31,9","30,7","28,7","27,3","25,3",
17,"24,4","25,1","26,6","28,3","29,7","31,3","31,1","30,0","28,1","26,7","24,9",
18,"23,8","24,4","25,9","27,6","29,1","30,5","30,2","30,3","29,3","27,6","26,4","24,5"
19,"23,5","24,1","25,6","27,3","28,7","29,9","29,7","29,8","28,9","27,4","26,2","24,3"
20,"23,3","23,8","25,4","27,1","28,5","29,6","29,4","29,5","28,6","27,2","26,0","24,2"
21,"23,1","23,7","25,2","27,0","28,3","29,5","29,1","29,2","28,4","27,0","25,9","24,1"
22,"23,0","23,6","25,1","26,9","28,1","29,3","29,0","28,1","26,7","25,8","24,0",
23,"22,8","23,4","25,0","26,7","28,0","29,2","28,8","27,9","26,5","25,6","23,8",
24,"22,7","23,2","24,8","26,5","27,9","29,0","28,6","27,7","26,3","25,5","23,7",
Trạm Tuy Hòa,,,,,,,,,,,,
1,"22,4","22,7","24,1","25,9","27,2","27,8","27,2","27,1","26,4","25,6","25,0","23,6"
2,"22,2","22,5","23,8","25,6","26,9","27,6","27,0","26,8","26,2","25,4","24,9","23,4"
3,"22,0","22,3","23,6","25,4","26,7","27,4","26,9","26,7","26,0","25,2","24,8","23,3"
4,"21,9","22,1","23,3","25,1","26,6","27,3","26,8","26,6","26,0","25,1","24,8","23,2"
5,"21,9","22,0","23,2","25,0","26,4","27,2","26,7","26,5","25,9","25,0","24,7","23,2"
6,"21,9","23,1","24,9","26,5","27,2","26,8","26,5","25,9","25,0","24,8","23,2",
7,"22,0","22,1","23,4","25,6","27,5","28,0","27,5","27,2","26,6","25,5","25,1","23,4"
8,"22,9","23,3","24,9","27,5","29,4","29,5","28,9","28,8","28,2","26,8","26,0","24,2"
9,"23,9","24,7","26,4","29,2","31,0","30,8","30,2","29,5","27,8","26,7","24,9",
10,"24,9","26,0","27,9","30,6","32,4","32,1","31,4","31,6","30,7","28,7","27,4","25,6"
11,"25,6","26,8","28,8","31,4","33,2","33,0","32,4","32,6","31,7","29,3","27,8","26,1"
12,"25,9","27,2","29,2","31,7","33,5","33,7","33,1","33,3","32,2","29,6","27,9","26,3"
13,"26,1","27,5","29,4","31,8","33,4","34,0","33,5","33,6","32,5","29,8","28,1","26,5"
14,"25,9","27,2","29,1","31,5","33,1","33,9","33,6","33,5","32,4","29,5","27,9","26,2"
15,"25,6","26,9","28,7","31,0","32,5","33,7","33,2","32,0","29,2","27,5","25,9",
16,"25,1","26,3","28,0","30,3","31,8","33,0","32,6","32,5","31,4","28,7","27,0","25,5"
17,"24,4","25,5","27,2","29,3","30,8","32,1","31,6","31,5","30,4","28,0","26,5","25,0"
18,"23,8","24,6","26,2","28,3","29,8","30,9","30,4","30,3","29,3","27,4","26,1","24,6"
19,"23,5","24,1","25,7","27,7","29,1","30,0","29,4","29,3","28,6","27,1","25,9","24,3"
20,"23,2","23,9","25,4","27,3","28,7","29,5","28,9","28,7","28,1","26,8","25,7","24,1"
21,"23,0","23,6","25,2","27,1","28,3","29,0","28,4","28,3","27,6","26,5","25,5","24,0"
22,"22,8","23,4","25,0","26,9","28,1","28,7","28,1","27,9","27,3","26,3","25,4","23,8"
23,"22,6","23,2","24,7","26,6","27,7","28,4","27,7","27,6","26,9","26,0","25,2","23,7"
24,"22,5","23,0","24,4","26,3","27,4","28,1","27,5","27,3","26,6","25,8","25,1","23,6"
Trạm Nha Trang,,,,,,,,,,,,
1,"23,3","23,8","24,9","26,4","27,3","27,7","27,4","26,8","25,9","25,4","24,3",
2,"23,0","23,5","24,6","26,1","27,1","27,5","27,1","27,2","26,6","25,7","25,2","24,1"
3,"22,8","23,3","24,4","26,0","26,9","27,3","27,0","26,9","26,5","25,5","25,1","23,9"
4,"22,7","23,2","24,2","25,8","26,8","27,1","26,8","26,3","25,4","25,0","23,8",
5,"22,6","23,1","24,1","25,7","26,7","27,0","26,7","26,2","25,3","24,9","23,8",
6,"22,6","23,0","24,1","25,6","26,7","27,0","26,7","26,6","26,2","25,3","24,9","23,8"
7,"22,8","23,1","24,4","26,3","27,6","28,0","27,5","27,4","26,8","25,9","25,3","24,0"
8,"23,8","24,4","25,9","27,9","29,4","29,6","29,0","28,3","27,1","26,3","24,9",
9,"24,9","25,7","27,2","29,1","30,5","30,6","30,1","30,3","29,6","28,2","27,0","25,6"
10,"25,8","26,7","28,1","29,8","31,2","30,9","31,1","30,4","29,0","27,7","26,3",
11,"26,1","27,1","28,4","30,2","31,5","31,6","31,3","31,6","30,9","29,3","27,9","26,7"
12,"26,4","27,4","28,6","30,4","31,8","31,9","31,7","31,9","31,3","29,6","28,2","26,9"
13,"26,5","27,5","28,8","30,5","31,8","32,1","31,8","32,0","31,4","29,7","28,3","26,9"
14,"26,3","27,3","28,6","30,2","31,4","31,8","31,6","31,8","31,2","29,4","28,1","26,7"
15,"26,0","26,9","28,2","29,7","30,9","31,3","31,0","31,3","30,8","29,1","27,8","26,5"
16,"25,6","26,5","27,7","29,2","30,3","30,8","30,4","30,6","30,1","28,6","27,5","26,2"
17,"25,2","26,0","27,1","28,6","29,7","30,1","29,8","30,0","29,4","28,2","27,1","25,8"
18,"24,8","25,4","26,6","28,0","29,1","29,5","29,2","29,3","28,9","27,8","26,9","25,5"
19,"24,6","25,2","26,3","27,7","28,7","29,1","28,7","28,8","28,5","27,5","26,7","25,3"
20,"24,4","25,0","26,1","27,5","28,5","28,8","28,5","28,6","28,2","27,2","26,5","25,2"
21,"24,3","24,8","25,9","27,4","28,3","28,6","28,2","28,4","27,9","27,0","26,4","25,0"
22,"24,1","24,6","25,8","27,2","28,1","28,4","28,0","28,1","27,6","26,7","26,1","24,8"
23,"23,8","24,4","25,6","27,0","27,8","28,2","27,8","27,9","27,3","26,4","25,9","24,6"
24,"23,5","24,1","25,3","26,7","27,5","27,9","27,6","27,1","26,1","25,6","24,4",
Trạm Cam Ranh,,,,,,,,,,,,
1,"23,5","23,7","24,8","26,3","27,5","27,6","27,2","26,6","25,7","25,6","24,6",
2,"23,3","23,5","24,6","26,1","27,2","27,4","27,0","26,4","25,5","25,4","24,5",
3,"23,2","23,3","24,5","25,9","27,1","27,2","26,8","26,2","25,4","25,3","24,5",
4,"23,1","23,2","24,3","25,7","26,9","27,0","26,6","26,1","25,3","24,4",,
5,"23,0","23,1","24,2","25,6","26,8","26,9","26,4","26,5","25,9","25,1","25,2","24,3"
6,"23,0","23,1","24,1","25,6","26,9","26,4","25,9","25,1","25,2","24,3",,
7,"23,3","23,5","24,9","26,9","28,4","27,7","27,1","26,1","25,8","24,6",,
8,"24,8","25,4","27,0","29,0","30,4","30,3","29,6","29,8","28,9","27,8","27,1","25,7"
9,"25,9","26,8","28,5","30,3","31,7","31,5","30,9","31,2","30,3","29,0","27,9","26,5"
10,"26,8","27,9","29,5","31,3","32,6","32,5","32,0","32,4","31,4","29,9","28,6","27,2"
11,"27,4","28,7","30,2","31,8","33,0","32,6","33,0","32,1","30,4","29,1","27,7",
12,"27,8","29,1","30,5","31,9","33,1","33,2","32,8","33,2","32,3","30,7","29,3","28,0"
13,"28,0","29,2","30,5","31,9","33,1","33,2","32,9","33,3","32,2","30,7","29,4","28,0"
14,"27,7","28,9","30,3","31,7","32,6","33,0","32,6","33,1","32,0","30,3","29,0","27,6"
15,"27,2","28,4","29,8","31,1","32,0","32,5","32,1","32,6","31,5","29,7","28,6","27,2"
16,"26,5","27,6","29,0","30,4","31,2","31,7","31,4","31,7","30,6","28,9","27,9","26,6"
17,"25,6","26,6","28,0","29,4","30,4","30,9","30,6","30,8","29,7","28,1","27,2","26,0"
18,"24,9","25,6","27,0","28,6","29,6","30,0","29,6","29,8","28,9","27,4","26,7","25,5"
19,"24,6","25,1","26,5","28,1","29,2","29,3","28,9","29,1","28,3","27,1","26,5","25,3"
20,"24,3","24,8","26,1","27,8","28,8","28,9","28,5","28,7","27,9","26,9","26,3","25,1"
21,"24,2","24,5","25,8","27,5","28,5","28,6","28,1","28,3","27,6","26,6","26,1","25,0"
22,"24,0","24,3","25,5","27,2","28,2","27,9","28,0","27,3","26,4","26,0","24,9",
23,"23,8","24,0","25,3","26,9","28,0","27,6","27,7","27,0","26,1","25,8","24,8",
24,"23,6","23,8","25,1","26,6","27,7","27,8","27,4","26,8","25,9","25,7","24,7",
Trạm Trường Sa,,,,,,,,,,,,
1,"26,1","26,2","26,8","27,8","28,3","28,2","27,7","27,9","27,7","27,4","26,9",
2,"26,0","26,1","26,8","27,7","28,2","28,1","27,7","27,8","27,6","27,3","26,8",
3,"26,0","26,1","26,7","27,6","28,1","27,6","27,7","27,6","27,3","27,2","26,8",
4,"26,0","26,6","27,5","28,1","27,6","27,7","27,6","27,3","27,2","26,7",,
5,"25,9","26,0","26,6","27,5","28,0","27,5","27,6","27,5","27,2","26,7",,
6,"26,0","26,6","27,5","28,2","28,1","27,6","27,5","27,2","26,7",,,
7,"26,2","26,3","27,1","28,5","29,0","28,7","28,1","27,9","27,7","27,0",,
8,"26,7","27,1","28,3","29,8","30,1","29,4","28,7","28,8","28,7","28,5","27,4",
9,"27,2","27,7","29,2","30,7","29,9","29,1","29,4","29,2","29,3","29,2","27,8",
10,"27,6","28,3","29,8","31,3","31,1","30,3","29,5","29,8","29,6","29,7","29,6","28,2"
11,"27,9","28,6","30,2","31,6","31,4","30,5","29,8","30,0","29,8","30,0","29,8","28,4"
12,"28,0","28,8","30,4","31,7","31,5","30,6","30,0","30,2","29,9","30,0","29,8","28,5"
13,"28,1","28,8","30,5","31,9","31,7","30,7","30,0","30,4","29,9","30,0","29,8","28,4"
14,"27,9","28,7","30,4","31,8","31,5","30,5","29,9","30,2","29,8","29,6","28,2",
15,"27,7","28,4","30,0","31,4","31,3","30,3","29,6","30,1","29,6","29,5","29,2","28,0"
16,"27,3","28,0","29,5","30,9","29,9","29,3","29,7","29,2","29,1","28,8","27,6",
17,"26,9","27,5","28,7","30,1","30,3","29,5","28,8","29,2","28,7","28,5","28,2","27,3"
18,"26,5","26,9","27,9","29,1","29,4","28,8","28,2","28,5","28,1","28,0","27,9","27,1"
19,"26,3","26,6","27,5","28,6","29,0","28,6","28,0","28,2","27,9","27,8","27,7","27,1"
20,"26,3","26,6","27,4","28,4","28,8","28,5","27,9","28,1","27,9","27,7","27,0",
21,"26,3","26,5","27,3","28,3","28,7","28,4","27,9","28,0","27,9","27,7","27,6","27,0"
22,"26,3","26,5","27,2","28,2","28,6","28,3","27,9","28,0","27,9","27,6","27,0",
23,"26,2","26,4","27,1","28,1","28,5","28,3","27,8","27,9","27,8","27,6","27,5","26,9"
24,"26,1","26,3","27,0","27,9","28,4","28,2","27,8","27,9","27,7","27,5","26,9",
Trạm Phan Thiết,,,,,,,,,,,,
1,"24,3","24,7","26,0","27,2","27,5","26,7","26,0","26,2","26,0","25,8","25,9","25,1"
2,"23,9","24,3","25,7","26,9","27,3","26,6","25,9","26,0","25,8","25,6","24,7",
3,"23,5","23,9","25,4","26,7","27,1","26,5","25,8","25,9","25,7","25,4","25,3","24,4"
4,"23,2","23,6","25,1","26,5","27,0","26,4","25,7","25,8","25,6","25,2","25,1","24,1"
5,"23,0","23,3","24,8","26,3","26,8","26,3","25,7","25,8","25,6","25,1","24,9","23,9"
6,"22,8","23,1","24,6","26,2","26,9","26,3","25,7","25,8","25,6","25,1","24,9","23,7"
7,"22,8","23,2","25,0","26,8","27,6","26,9","26,3","26,1","25,6","25,3","24,0",
8,"24,4","25,1","27,0","28,8","29,2","28,3","27,5","27,7","27,5","27,2","27,0","25,5"
9,"26,3","27,1","28,9","30,3","30,4","29,4","28,6","28,8","28,6","28,5","28,6","27,2"
10,"27,8","28,4","29,7","30,9","31,3","30,3","29,5","29,7","29,5","29,7","28,5",
11,"28,3","28,7","29,9","31,2","31,6","30,8","30,1","30,4","30,1","29,0",,
12,"28,5","28,8","30,1","31,3","31,8","31,0","30,4","30,7","30,4","30,3","29,2",
13,"28,5","28,7","30,1","31,3","31,7","30,8","30,4","30,6","30,4","30,3","30,2","29,2"
14,"28,2","28,4","29,9","31,1","31,3","30,4","30,1","30,2","30,1","30,0","29,9","28,9"
15,"27,8","28,1","29,5","30,7","30,9","30,0","29,6","29,8","29,5","29,6","29,5","28,5"
16,"27,2","27,6","29,0","30,1","30,4","29,5","28,9","29,1","28,9","29,0","28,1",
17,"26,7","27,0","28,3","29,3","29,8","28,8","28,1","28,4","28,1","28,3","28,5","27,5"
18,"26,2","26,5","27,7","28,7","29,1","28,1","27,4","27,6","27,5","27,8","28,0","27,2"
19,"26,0","26,2","27,4","28,4","28,8","27,7","27,0","27,2","27,1","27,5","27,8","27,0"
20,"25,9","26,0","27,2","28,3","28,5","27,5","26,8","27,0","26,9","27,2","27,6","26,7"
21,"25,6","25,8","27,1","28,1","28,4","27,3","26,6","26,8","26,7","26,9","27,3","26,4"
22,"25,3","25,6","26,9","28,0","28,2","27,2","26,4","26,7","26,5","26,6","26,9","26,1"
23,"25,0","25,4","26,7","27,8","28,0","27,0","26,3","26,5","26,3","26,6","25,8",
24,"24,7","25,1","26,4","27,5","27,8","26,9","26,1","26,3","26,1","26,0","26,2","25,5"
Trạm Kon Tum,,,,,,,,,,,,
1,"13,9","14,1","15,4","16,7","17,9","17,8","17,5","17,3","16,8","16,3","15,1",
2,"13,6","13,8","15,0","16,4","17,6","17,3","17,4","17,1","16,6","16,2","14,8",
3,"13,4","14,6","16,1","17,4","17,5","17,2","16,9","16,5","16,1","14,7",,
4,"13,2","14,4","15,9","17,3","17,4","17,2","17,1","16,8","16,3","16,1","14,6",
5,"13,1","13,0","14,2","15,8","17,2","17,3","17,1","16,7","16,2","16,0","14,6",
6,"13,1","12,9","14,2","15,7","17,2","17,4","17,1","17,0","16,7","16,2","16,1","14,6"
7,"13,3","13,4","14,9","16,9","18,4","18,3","17,9","17,7","17,4","17,0","16,8","15,1"
8,"15,5","16,1","18,2","19,7","20,5","19,9","19,2","19,1","18,9","18,5","16,8",
9,"17,4","18,5","20,6","21,6","21,7","20,8","20,2","20,3","20,2","19,6","18,2",
10,"19,0","20,4","22,3","23,0","22,8","21,7","21,0","21,3","21,1","21,3","20,5","19,3"
11,"20,1","21,6","23,4","23,9","23,6","22,4","21,6","22,0","21,8","21,9","21,2","20,1"
12,"20,8","22,4","24,1","24,3","23,9","22,8","22,0","22,3","22,1","21,5","20,6",
13,"21,1","22,8","24,1","24,2","23,9","23,0","22,1","22,4","22,1","22,0","21,6","20,8"
14,"21,0","22,6","23,6","23,2","23,0","22,7","21,8","22,1","21,6","21,5","21,3","20,5"
15,"20,5","22,1","22,8","22,1","22,2","22,1","21,5","21,6","21,0","20,8","20,1",
16,"19,7","21,2","22,0","21,4","21,5","21,4","20,9","21,0","20,4","20,3","20,1","19,4"
17,"18,5","20,0","21,0","20,6","20,8","20,2","20,4","19,8","19,6","19,2","18,3",
18,"17,2","18,5","19,7","19,9","20,2","20,0","19,6","19,1","18,8","18,3","17,3",
19,"16,2","17,2","18,7","19,1","19,6","19,4","18,9","19,0","18,6","18,3","17,7","16,6"
20,"15,6","16,4","17,9","18,6","19,2","18,9","18,5","18,6","18,3","17,9","17,4","16,1"
21,"15,1","15,8","17,3","18,2","18,9","18,6","18,2","18,3","18,0","17,6","17,1","15,8"
22,"14,7","15,3","16,8","17,8","18,6","18,4","18,0","18,1","17,8","17,4","16,9","15,6"
23,"14,4","14,9","16,3","17,4","18,3","18,1","17,8","17,9","17,6","17,2","16,7","15,3"
24,"14,1","14,5","15,8","17,1","18,1","17,9","17,7","17,5","17,0","16,5","15,2",
Trạm Pleiku,,,,,,,,,,,,
1,"16,7","17,7","19,8","21,7","22,3","22,0","21,5","21,3","20,5","19,8","17,8",
2,"16,4","17,3","19,5","21,4","22,1","21,8","21,3","21,1","20,4","19,5","17,5",
3,"16,2","17,1","19,2","21,1","21,9","21,7","21,1","21,2","21,0","20,2","19,4","17,3"
4,"16,0","16,8","18,9","20,9","21,7","21,5","21,0","21,1","20,9","20,1","19,3","17,2"
5,"15,9","16,6","18,8","20,8","21,6","21,5","21,0","20,9","20,0","19,2","17,1",
6,"15,8","16,6","18,7","20,8","21,7","21,6","21,0","21,1","20,9","20,0","19,2","17,1"
7,"15,9","16,8","19,2","21,6","22,4","22,0","21,4","21,2","20,5","19,7","17,3",
8,"18,4","19,4","21,8","23,8","22,9","22,2","22,4","22,2","22,1","19,7",,
9,"20,8","22,0","24,1","25,5","25,0","23,7","22,9","23,1","23,4","23,7","21,8",
10,"22,9","24,2","26,1","27,0","26,0","24,4","23,6","23,8","24,2","24,8","24,9","23,4"
11,"24,3","25,8","27,5","28,1","26,9","25,2","24,3","24,5","25,0","25,7","25,8","24,4"
12,"25,2","26,8","28,6","29,0","27,7","25,9","24,9","25,2","25,6","26,3","25,1",
13,"25,8","27,5","29,3","29,7","28,3","26,5","25,5","25,7","26,1","26,5","26,6","25,5"
14,"25,9","27,8","29,7","29,9","28,7","26,9","25,8","26,0","26,2","26,4","25,4",
15,"25,6","27,7","29,6","29,8","28,7","27,0","25,8","26,0","25,9","26,1","25,0",
16,"24,8","27,0","28,9","29,3","28,2","26,6","25,5","25,2","25,4","24,1",,
17,"23,4","25,7","27,5","28,2","27,2","25,8","24,8","24,7","24,4","24,3","22,8",
18,"21,4","23,5","25,6","26,5","25,9","24,7","23,9","23,8","23,4","23,2","22,9","21,2"
19,"19,9","21,7","23,8","25,1","24,8","23,9","23,1","22,8","22,4","21,9","20,1",
20,"19,0","20,5","22,7","24,1","23,3","22,6","22,3","21,9","21,3","19,4",,
21,"18,3","19,7","21,9","23,4","23,6","23,0","22,3","22,1","21,5","20,9","18,9",
22,"17,8","19,1","21,3","22,9","23,2","22,7","22,1","21,8","21,2","20,5","18,5",
23,"17,4","18,6","20,8","22,4","22,9","22,4","21,8","21,6","20,9","20,2","18,2",
24,"17,1","18,1","20,3","22,1","22,6","22,2","21,6","21,7","21,4","20,7","19,9","18,0"
Trạm Buôn Ma Thuột,,,,,,,,,,,,
1,"18,7","19,9","21,5","23,0","23,4","23,0","22,6","22,5","22,3","22,0","21,5","19,9"
2,"18,5","19,6","21,3","22,8","23,3","22,9","22,4","22,2","21,8","21,3","19,8",
3,"18,4","19,4","21,1","22,6","23,2","22,8","22,4","22,3","22,1","21,7","21,2","19,7"
4,"18,3","19,2","20,9","22,5","23,1","22,7","22,3","22,2","22,0","21,6","21,1","19,6"
5,"18,2","19,1","20,7","22,3","22,9","22,6","22,2","22,1","22,0","21,5","21,1","19,5"
6,"18,2","19,0","20,7","22,3","23,0","22,7","22,3","22,1","22,0","21,5","21,2","19,5"
7,"18,4","19,3","21,2","23,4","24,3","23,9","23,1","23,0","22,7","22,4","21,8","19,8"
8,"20,2","21,3","23,4","25,6","26,0","25,4","24,5","24,6","24,1","24,0","23,4","21,4"
9,"21,8","23,3","25,2","27,1","27,2","26,5","25,5","25,7","25,2","25,3","24,5","22,7"
10,"23,2","25,1","26,9","28,6","28,4","27,5","26,5","26,8","26,2","26,3","25,5","23,8"
11,"24,3","26,5","28,3","29,8","29,3","28,2","27,2","27,5","26,9","27,1","26,2","24,7"
12,"25,2","27,6","29,4","30,8","30,1","28,7","27,7","28,1","27,4","27,7","26,7","25,4"
13,"25,7","28,4","30,2","31,6","30,5","28,9","27,9","28,4","27,7","28,1","27,0","25,7"
14,"25,9","28,9","30,7","31,9","30,6","29,1","28,0","28,6","27,9","28,1","26,9","25,7"
15,"25,8","29,0","30,7","31,8","30,3","28,9","27,9","28,5","27,6","27,5","26,6","25,4"
16,"25,2","28,5","30,2","31,1","29,6","28,4","27,5","27,9","26,8","25,9","24,7",
17,"23,9","27,2","29,0","29,7","28,3","27,3","26,7","27,0","25,8","25,7","24,8","23,5"
18,"22,2","25,1","27,1","27,9","27,0","26,1","25,7","25,8","24,6","24,5","23,7","22,2"
19,"21,0","23,4","25,4","26,3","25,7","25,0","24,6","24,7","23,9","23,6","23,0","21,4"
20,"20,3","22,4","24,2","25,2","24,9","24,3","23,9","24,0","23,3","23,1","22,6","20,9"
21,"19,8","21,6","23,4","24,5","24,4","23,9","23,4","23,0","22,8","22,2","20,6",
22,"19,4","21,1","22,8","24,0","24,1","23,5","23,1","22,8","22,5","22,0","20,3",
23,"19,1","20,6","22,4","23,6","23,8","23,3","22,8","22,6","22,3","21,7","20,1",
24,"18,9","20,2","22,0","23,3","23,6","23,1","22,7","22,4","22,1","21,6","20,0",
Trạm Đà Lạt,,,,,,,,,,,,
1,"13,9","14,1","15,4","16,7","17,9","17,8","17,5","17,3","16,8","16,3","15,1",
2,"13,6","13,8","15,0","16,4","17,6","17,3","17,4","17,1","16,6","16,2","14,8",
3,"13,4","14,6","16,1","17,4","17,5","17,2","16,9","16,5","16,1","14,7",,
4,"13,2","14,4","15,9","17,3","17,4","17,2","17,1","16,8","16,3","16,1","14,6",
5,"13,1","13,0","14,2","15,8","17,2","17,3","17,1","16,7","16,2","16,0","14,6",
6,"13,1","12,9","14,2","15,7","17,2","17,4","17,1","17,0","16,7","16,2","16,1","14,6"
7,"13,3","13,4","14,9","16,9","18,4","18,3","17,9","17,7","17,4","17,0","16,8","15,1"
8,"15,5","16,1","18,2","19,7","20,5","19,9","19,2","19,1","18,9","18,5","16,8",
9,"17,4","18,5","20,6","21,6","21,7","20,8","20,2","20,3","20,2","19,6","18,2",
10,"19,0","20,4","22,3","23,0","22,8","21,7","21,0","21,3","21,1","21,3","20,5","19,3"
11,"20,1","21,6","23,4","23,9","23,6","22,4","21,6","22,0","21,8","21,9","21,2","20,1"
12,"20,8","22,4","24,1","24,3","23,9","22,8","22,0","22,3","22,1","21,5","20,6",
13,"21,1","22,8","24,1","24,2","23,9","23,0","22,1","22,4","22,1","22,0","21,6","20,8"
14,"21,0","22,6","23,6","23,2","23,0","22,7","21,8","22,1","21,6","21,5","21,3","20,5"
15,"20,5","22,1","22,8","22,1","22,2","22,1","21,5","21,6","21,0","20,8","20,1",
16,"19,7","21,2","22,0","21,4","21,5","21,4","20,9","21,0","20,4","20,3","20,1","19,4"
17,"18,5","20,0","21,0","20,6","20,8","20,2","20,4","19,8","19,6","19,2","18,3",
18,"17,2","18,5","19,7","19,9","20,2","20,0","19,6","19,1","18,8","18,3","17,3",
19,"16,2","17,2","18,7","19,1","19,6","19,4","18,9","19,0","18,6","18,3","17,7","16,6"
20,"15,6","16,4","17,9","18,6","19,2","18,9","18,5","18,6","18,3","17,9","17,4","16,1"
21,"15,1","15,8","17,3","18,2","18,9","18,6","18,2","18,3","18,0","17,6","17,1","15,8"
22,"14,7","15,3","16,8","17,8","18,6","18,4","18,0","18,1","17,8","17,4","16,9","15,6"
23,"14,4","14,9","16,3","17,4","18,3","18,1","17,8","17,9","17,6","17,2","16,7","15,3"
24,"14,1","14,5","15,8","17,1","18,1","17,9","17,7","17,5","17,0","16,5","15,2",
Trạm Phước Long,,,,,,,,,,,,
1,"22,7","23,2","24,5","25,2","25,5","24,7","24,2","24,4","24,1","24,0","23,2",
2,"22,2","22,6","24,0","24,9","25,3","24,6","24,0","24,2","24,0","23,8","23,7","22,8"
3,"21,8","22,2","23,6","24,7","25,1","24,5","24,0","24,1","23,9","23,7","23,4","22,5"
4,"21,5","21,8","23,2","24,4","25,0","24,5","23,9","24,1","23,9","23,6","23,3","22,2"
5,"21,2","21,5","23,0","24,3","25,0","24,4","23,9","24,1","23,8","23,5","23,1","22,0"
6,"21,0","21,3","22,8","24,3","25,0","24,5","24,0","24,1","23,9","23,5","23,0","21,9"
7,"21,1","21,5","23,2","24,9","25,8","25,2","24,5","24,7","24,4","24,2","23,7","22,2"
8,"23,0","23,2","24,9","26,5","27,1","26,5","25,7","25,9","25,6","25,8","25,5","24,1"
9,"24,9","25,1","26,7","28,1","28,4","27,6","26,9","27,1","26,8","27,2","25,9",
10,"26,8","27,1","28,5","29,5","29,7","28,7","28,0","28,2","27,8","28,5","28,7","27,5"
11,"28,3","28,8","30,0","30,8","30,7","29,6","29,0","29,1","28,7","29,4","29,8","28,8"
12,"29,5","30,1","31,3","31,8","31,6","30,3","29,6","29,8","29,2","30,0","30,5","29,8"
13,"30,4","31,2","32,5","32,8","32,2","30,8","30,0","30,1","29,6","30,5","30,9","30,4"
14,"30,8","31,9","33,1","33,2","32,5","30,8","29,9","30,2","29,6","30,4","31,0","30,6"
15,"30,9","32,2","33,5","33,4","32,3","30,6","29,6","30,0","29,2","29,9","30,6","30,4"
16,"30,5","32,0","33,1","32,8","31,7","29,9","29,0","29,4","28,3","29,0","29,7","29,8"
17,"29,5","31,1","32,1","31,6","30,6","28,9","28,2","28,5","27,3","27,8","28,5","28,6"
18,"27,9","29,5","30,5","30,0","29,2","27,8","27,2","27,4","26,3","26,7","27,3","27,1"
19,"26,4","27,8","28,9","28,6","27,7","26,6","26,1","26,4","25,6","25,8","26,3","26,0"
20,"25,4","26,6","27,6","26,9","26,0","25,4","25,6","25,0","25,3","25,7","25,2",
21,"24,7","25,7","26,8","26,9","26,4","25,5","24,9","25,1","24,7","24,9","25,3","24,6"
22,"24,2","25,1","26,2","26,4","26,1","25,2","24,6","24,8","24,5","24,6","24,9","24,1"
23,"23,6","24,4","25,5","26,0","25,8","25,0","24,4","24,6","24,3","24,4","24,6","23,8"
24,"23,1","23,8","25,0","25,6","25,7","24,8","24,2","24,5","24,2","23,4",,
Trạm Tây Ninh,,,,,,,,,,,,
1,"24,0","24,2","25,6","26,6","26,7","26,0","25,5","25,7","25,5","25,2","25,3","24,3"
2,"23,5","23,8","25,2","26,3","26,5","25,8","25,4","25,6","25,3","25,0","23,9",
3,"23,1","23,4","25,0","26,1","26,4","25,7","25,3","25,5","25,2","24,9","24,7","23,6"
4,"22,8","23,1","24,7","26,0","26,2","25,7","25,2","25,4","25,2","24,8","24,6","23,3"
5,"22,5","22,9","24,5","25,8","26,1","25,6","25,2","25,4","25,2","24,8","24,4","23,0"
6,"22,4","22,8","24,4","25,8","26,2","25,7","25,2","25,4","25,2","24,8","24,4","22,9"
7,"22,3","22,9","24,7","26,4","26,9","26,4","25,8","25,9","25,7","25,3","24,8","23,0"
8,"23,8","24,4","26,4","28,1","28,5","27,8","27,2","27,4","27,0","26,8","26,4","24,7"
9,"25,5","26,2","28,2","29,6","29,9","29,1","28,4","28,6","28,1","28,0","26,5",
10,"27,3","28,0","29,7","31,0","31,1","30,3","29,6","29,8","29,2","29,3","28,1",
11,"28,8","29,5","31,1","32,2","32,0","31,2","30,5","30,7","29,9","30,1","30,3","29,4"
12,"30,0","30,8","32,2","33,1","32,8","31,7","31,1","31,2","30,5","30,6","31,0","30,4"
13,"30,8","31,8","33,0","33,8","33,2","32,0","31,3","31,5","30,7","30,9","31,6","31,1"
14,"31,4","32,4","33,6","34,2","33,3","31,9","31,2","31,6","30,7","30,9","31,7","31,4"
15,"31,6","32,8","34,0","34,3","33,0","31,7","31,0","31,3","30,5","30,7","31,6","31,5"
16,"31,3","32,7","33,9","33,8","32,3","31,1","30,4","30,6","29,8","30,1","31,0","31,1"
17,"30,6","32,0","33,1","32,9","31,2","30,0","29,4","29,8","28,9","29,2","30,0","30,2"
18,"29,2","30,5","31,5","29,9","28,7","28,3","28,6","27,9","28,6",,,
19,"27,7","28,8","29,8","30,0","28,9","27,6","27,2","27,5","27,0","27,5","27,3",
20,"26,7","27,5","28,7","28,9","28,2","27,1","26,6","26,9","26,5","26,4","26,8","26,5"
21,"26,0","26,6","27,8","28,2","27,8","26,7","26,2","26,5","26,1","26,0","26,4","26,0"
22,"25,5","25,9","27,0","27,7","27,5","26,4","26,0","26,2","25,9","25,7","26,1","25,5"
23,"24,9","25,3","26,5","27,3","27,2","26,2","25,8","26,0","25,7","25,5","25,8","25,1"
24,"24,5","24,7","26,1","26,9","26,1","25,7","25,9","25,6","25,3","25,5","24,7",
Trạm Vũng Tàu,,,,,,,,,,,,
1,"25,1","25,4","26,7","28,0","28,3","27,6","26,9","27,1","26,8","26,7","25,8",
2,"24,8","25,2","26,6","27,9","28,1","27,5","26,8","27,0","26,7","26,5","25,6",
3,"24,6","25,1","26,5","27,8","28,0","27,4","26,8","26,9","26,6","26,4","25,4",
4,"24,5","24,9","26,4","27,8","27,9","27,3","26,8","26,9","26,6","26,3","26,2","25,2"
5,"24,3","24,8","26,4","27,7","27,8","27,3","26,8","26,9","26,6","26,2","26,1","25,1"
6,"24,2","24,7","26,4","27,8","27,9","27,4","26,8","26,9","26,6","26,2","26,1","25,0"
7,"24,3","24,8","26,7","28,3","28,5","27,9","27,3","27,1","26,6","26,4","25,1",
8,"25,5","26,2","28,0","29,5","29,4","28,7","28,1","28,2","27,9","27,8","26,5",
9,"26,8","27,4","29,0","30,2","30,1","29,3","28,7","28,9","28,6","28,7","28,8","27,6"
10,"27,8","28,4","29,7","30,8","30,0","29,4","29,6","29,3","29,5","29,7","28,6",
11,"28,3","28,9","30,0","31,1","31,2","30,5","30,0","30,2","29,9","30,0","30,2","29,1"
12,"28,7","29,1","30,2","31,4","31,6","30,9","30,4","30,7","30,4","30,3","30,4","29,4"
13,"28,8","29,2","30,2","31,5","31,7","31,1","30,6","30,9","30,6","30,3","30,5","29,5"
14,"28,7","29,0","30,1","31,4","31,6","31,0","30,5","30,8","30,4","30,1","30,3","29,4"
15,"28,4","28,7","29,8","31,1","31,2","30,6","30,2","30,4","30,0","29,8","30,0","29,1"
16,"27,9","28,3","29,4","30,7","30,6","30,0","29,6","29,8","29,5","29,3","29,5","28,6"
17,"27,2","27,5","28,7","30,0","29,4","28,9","29,2","28,8","28,7","28,8","28,0",
18,"26,5","26,8","27,9","29,1","29,4","28,8","28,4","28,5","28,2","28,1","28,2","27,4"
19,"26,1","26,3","27,4","28,7","29,1","28,4","27,9","28,1","27,9","27,8","27,9","27,1"
20,"25,9","26,0","27,2","28,5","28,9","28,2","27,6","27,9","27,6","27,7","26,8",
21,"25,8","25,9","27,1","28,4","28,8","28,1","27,4","27,7","27,5","27,4","27,6","26,7"
22,"25,6","25,8","27,1","28,3","28,7","27,9","27,3","27,5","27,3","27,4","26,5",
23,"25,4","25,6","26,9","28,2","28,5","27,8","27,2","27,4","27,1","27,2","26,3",
24,"25,3","25,5","26,8","28,1","28,4","27,7","27,0","27,2","26,9","26,0",,
Trạm Mộc Hóa,,,,,,,,,,,,
1,"24,2","24,1","25,4","26,6","27,1","26,3","25,9","26,4","26,7","26,6","25,2",
2,"23,8","23,9","25,2","26,4","27,0","26,2","25,7","26,3","26,6","26,4","24,9",
3,"23,6","25,0","26,3","26,9","26,1","25,7","26,2","26,5","26,2","24,6",,
4,"23,3","23,5","24,8","26,2","26,8","26,0","25,6","26,1","26,4","26,5","26,1","24,4"
5,"23,1","23,3","24,7","26,1","26,8","26,0","25,6","26,0","26,4","26,0","24,1",
6,"22,9","23,2","24,6","26,1","26,8","26,0","25,6","26,0","26,3","26,4","25,9","24,0"
7,"22,9","23,2","24,8","26,6","27,4","26,7","26,0","26,5","26,7","26,8","26,1","24,0"
8,"24,0","24,6","26,5","28,4","28,9","28,0","27,4","27,8","27,7","27,8","27,2","25,2"
9,"25,4","26,2","28,2","29,9","30,1","29,2","28,6","29,0","28,6","28,2","26,4",
10,"26,8","27,8","29,7","31,2","30,3","29,7","30,0","29,5","29,3","29,2","27,6",
11,"27,9","29,0","31,0","32,4","32,1","31,1","30,5","30,9","30,1","29,9","28,6",
12,"28,9","30,0","32,0","33,2","32,7","31,5","31,0","31,4","30,6","30,3","30,4","29,4"
13,"29,6","30,8","32,8","33,7","33,0","31,6","31,2","31,6","30,8","30,6","30,9","30,0"
14,"30,0","31,4","33,2","33,8","33,0","31,4","31,0","31,5","30,8","31,2","30,3",
15,"30,3","31,7","33,3","33,6","32,7","31,1","30,7","31,2","30,7","31,3","30,6",
16,"30,2","31,5","32,9","33,1","31,9","30,6","30,0","30,5","30,2","31,0","30,4",
17,"29,6","30,7","32,0","32,1","30,9","29,7","29,1","29,8","29,4","29,5","30,1","29,7"
18,"28,3","29,2","30,4","30,8","29,8","28,7","28,0","28,8","28,5","28,7","29,1","28,6"
19,"27,2","27,7","28,9","29,5","28,9","27,8","27,2","27,9","28,1","28,3","27,8",
20,"26,4","26,7","27,9","28,8","28,4","27,3","26,8","27,4","27,5","27,7","27,2",
21,"25,8","27,0","28,1","28,0","26,9","26,5","27,1","27,2","27,4","26,7",,
22,"25,2","26,4","27,6","27,7","26,7","26,3","26,9","27,0","27,1","26,3",,
23,"24,8","24,7","26,0","27,2","27,5","26,5","26,1","26,7","26,9","27,0","26,9","25,9"
24,"24,5","24,4","25,7","26,9","27,3","26,4","25,9","26,6","26,8","26,7","25,5",
Trạm Mỹ Tho,,,,,,,,,,,,
1,"24,0","24,3","25,6","26,5","26,9","26,1","25,7","25,5","25,3","25,5","24,8",
2,"23,7","24,1","25,3","26,3","26,7","25,9","25,5","25,6","25,4","25,2","25,3","24,5"
3,"23,5","23,8","25,2","26,2","26,6","25,9","25,4","25,5","25,3","25,1","24,2",
4,"23,3","23,6","25,0","26,0","26,5","25,8","25,4","25,2","25,0","24,0",,
5,"23,1","23,5","24,9","25,9","26,4","25,8","25,4","25,2","24,9","24,8","23,8",
6,"22,9","23,3","24,7","25,9","26,4","25,8","25,4","25,3","24,9","24,8","23,6",
7,"22,9","23,3","25,0","26,5","27,2","26,6","26,0","25,8","25,4","25,2","23,7",
8,"24,1","24,8","26,7","28,3","28,7","28,0","27,4","27,1","26,9","26,7","25,0",
9,"25,6","26,5","28,4","29,8","30,1","29,3","28,6","28,8","28,4","28,2","28,1","26,5"
10,"27,0","28,0","29,7","31,0","31,1","30,3","29,7","29,9","29,4","29,3","27,8",
11,"28,1","29,0","30,7","31,9","30,9","30,3","30,6","30,1","30,0","30,1","28,8",
12,"28,9","29,9","31,5","32,6","32,4","31,1","30,7","31,0","30,3","30,7","29,6",
13,"29,5","30,5","31,9","33,0","32,7","31,3","30,8","31,0","30,4","31,1","30,1",
14,"29,7","30,7","32,1","32,9","32,5","30,9","30,5","30,7","30,4","30,2","31,1","30,2"
15,"29,7","30,6","31,9","32,7","31,9","30,4","30,1","30,3","29,9","29,8","30,7","30,0"
16,"29,3","30,1","31,2","32,0","31,0","29,7","29,5","29,8","29,2","30,0","29,4",
17,"28,4","29,0","30,2","31,0","30,1","29,1","28,7","28,9","28,3","28,4","29,1","28,6"
18,"27,0","27,5","28,7","29,7","29,2","28,4","27,9","28,0","27,5","28,0","27,5",
19,"26,1","26,4","27,6","28,7","28,5","27,6","27,2","27,3","27,0","26,9","27,3","26,7"
20,"25,4","25,7","26,9","28,1","28,0","27,2","26,7","26,8","26,5","26,8","26,2",
21,"25,0","25,3","26,5","27,6","27,7","26,8","26,4","26,5","26,2","26,5","25,8",
22,"24,7","25,0","26,2","27,3","27,5","26,6","26,1","26,2","26,0","25,9","26,2","25,5"
23,"24,5","24,7","26,0","27,0","27,3","26,4","26,0","25,8","25,7","26,0","25,2",
24,"24,2","24,5","25,8","26,8","27,0","26,2","25,8","25,6","25,5","25,7","25,0",
Trạm Cao Lãnh,,,,,,,,,,,,
1,"23,8","23,9","25,4","26,5","26,9","26,5","26,2","26,4","26,3","26,2","24,9",
2,"23,5","23,6","25,1","26,3","26,7","26,3","26,1","26,3","26,1","26,2","26,0","24,6"
3,"23,2","23,4","24,9","26,1","26,6","26,2","26,0","26,1","26,0","26,1","25,9","24,4"
4,"23,0","23,2","24,8","26,0","26,5","26,1","25,9","26,1","26,0","26,1","25,8","24,2"
5,"22,9","23,1","24,6","25,9","26,5","26,1","25,8","26,0","25,9","26,0","25,8","24,0"
6,"22,7","23,0","24,6","25,9","26,5","26,1","25,8","26,0","25,9","26,1","25,7","23,9"
7,"22,7","23,1","24,8","26,6","27,2","26,8","26,3","26,5","26,4","26,6","26,1","24,0"
8,"23,9","24,5","26,5","28,3","28,8","28,3","27,6","27,8","27,6","27,2","25,0",
9,"25,3","26,0","27,9","29,5","30,0","29,4","28,7","28,9","28,5","28,4","28,0","26,0"
10,"26,5","27,3","29,1","30,6","30,9","30,2","29,6","29,8","29,3","29,1","28,7","27,0"
11,"27,5","28,4","30,1","31,4","31,5","30,8","30,2","30,4","29,8","29,6","29,3","27,8"
12,"28,3","29,3","31,0","32,2","32,0","31,1","30,5","30,8","30,1","29,9","29,7","28,5"
13,"28,9","30,0","31,7","32,6","32,1","31,2","30,7","30,8","30,2","30,0","30,1","29,0"
14,"29,3","30,4","32,1","32,7","32,1","31,0","30,5","30,8","30,2","30,0","30,2","29,4"
15,"29,4","30,7","32,2","32,7","31,7","30,7","30,2","30,5","29,9","30,2","29,5",
16,"29,3","30,5","31,9","32,3","31,0","30,3","29,6","30,0","29,4","29,5","29,9","29,3"
17,"28,7","30,0","31,2","31,5","30,3","29,5","28,9","29,3","28,7","28,9","29,3","28,7"
18,"27,7","28,8","30,0","30,3","29,4","28,7","28,1","28,4","27,8","28,1","28,4","27,8"
19,"26,5","27,3","28,7","29,2","28,6","28,0","27,5","27,7","27,3","27,6","27,7","27,0"
20,"25,7","26,3","27,7","28,4","28,1","27,5","27,1","27,3","26,9","27,2","27,3","26,4"
21,"25,1","25,5","27,0","27,9","27,8","27,2","26,9","27,0","26,7","26,9","26,0",
22,"24,6","24,9","26,4","27,4","27,5","27,0","26,7","26,9","26,6","26,7","25,6",
23,"24,3","24,5","26,0","27,1","27,3","26,8","26,5","26,7","26,5","26,6","26,5","25,3"
24,"24,0","24,2","25,7","26,8","27,1","26,6","26,3","26,6","26,4","26,3","25,1",
Trạm Càng Long,,,,,,,,,,,,
1,"23,5","23,8","25,0","26,0","26,2","25,7","25,5","25,3","25,4","24,5",,
2,"23,3","23,6","24,9","25,8","26,1","25,6","25,4","25,2","25,3","24,3",,
3,"23,2","23,5","24,7","25,7","26,0","25,5","25,3","25,4","25,2","25,1","25,2","24,1"
4,"23,1","23,3","24,6","25,6","26,0","25,5","25,3","25,1","24,0",,,
5,"23,0","23,2","24,6","25,6","25,9","25,4","25,2","25,3","25,1","25,0","25,1","23,9"
6,"22,9","23,2","24,5","25,6","26,0","25,5","25,2","25,3","25,2","25,1","23,9",
7,"23,0","23,3","24,8","26,2","26,7","26,2","25,8","25,6","25,5","24,0",,
8,"24,2","24,9","26,8","28,3","28,5","27,8","27,2","27,3","26,9","27,0","25,3",
9,"25,8","26,9","28,6","29,9","29,1","28,4","28,6","28,2","28,3","28,5","26,8",
10,"27,3","28,5","30,1","31,1","31,0","30,2","29,4","29,6","29,2","29,3","29,6","28,1"
11,"28,4","29,6","31,0","32,1","31,6","30,6","30,1","30,4","29,9","30,1","30,3","29,0"
12,"29,1","30,3","31,8","32,7","31,9","30,8","30,3","30,7","30,2","30,5","30,8","29,7"
13,"29,7","30,8","32,3","33,2","32,0","30,8","30,4","30,8","30,2","30,6","31,1","30,1"
14,"29,7","30,9","32,3","33,1","31,8","30,4","30,2","30,6","30,0","30,3","30,9","30,1"
15,"29,6","30,7","32,0","32,7","31,2","30,1","29,9","30,3","29,5","29,8","30,4","29,9"
16,"29,0","30,1","31,4","32,0","30,5","29,5","29,3","29,5","28,8","29,0","29,8","29,3"
17,"28,1","28,9","30,3","31,0","29,6","28,9","28,4","28,7","28,1","28,7","28,3",
18,"26,7","27,4","28,6","29,6","28,7","28,0","27,6","27,8","27,2","27,7","27,1",
19,"25,6","26,1","27,4","28,5","27,9","27,3","26,9","27,1","26,6","27,0","26,3",
20,"24,9","25,2","26,7","27,8","27,4","26,8","26,5","26,1","26,2","26,6","25,7",
21,"24,4","24,8","26,2","27,3","27,1","26,5","26,1","26,2","25,9","26,2","25,3",
22,"24,1","24,4","25,8","26,9","26,8","26,2","25,9","26,0","25,7","26,0","25,1",
23,"23,8","24,2","25,5","26,5","26,6","26,0","25,7","25,8","25,5","25,7","24,8",
24,"23,6","24,0","25,3","26,2","26,4","25,8","25,6","25,4","25,6","24,6",,
Trạm Cần Thơ,,,,,,,,,,,,
1,"24,2","24,4","25,6","26,8","27,0","26,3","26,0","26,1","25,9","26,0","25,1",
2,"24,0","24,2","25,4","26,6","26,9","26,2","25,9","26,0","25,8","25,9","24,9",
3,"23,8","24,0","25,3","26,5","26,8","26,1","25,8","25,9","25,8","24,7",,
4,"23,6","23,9","25,2","26,4","26,7","26,0","25,7","25,8","25,7","24,5",,
5,"23,5","23,8","25,1","26,4","26,7","26,0","25,7","25,8","25,7","24,4",,
6,"23,4","23,7","25,1","26,4","26,8","26,1","25,7","25,8","25,7","25,8","25,7","24,3"
7,"23,4","23,8","25,3","26,9","27,4","26,7","26,1","26,2","26,0","26,2","26,1","24,4"
8,"24,5","25,2","26,9","28,6","29,0","28,3","27,6","27,8","27,4","27,6","27,4","25,5"
9,"25,8","26,5","28,3","29,8","30,1","29,4","28,6","28,9","28,4","28,6","28,4","26,6"
10,"27,1","27,9","29,6","30,9","31,0","30,2","29,6","29,8","29,2","29,4","27,7",
11,"28,1","29,1","30,7","31,8","31,5","30,6","30,0","30,2","29,7","30,0","28,5",
12,"28,8","30,0","31,5","32,4","31,8","30,7","30,2","30,5","30,0","30,3","30,5","29,3"
13,"29,4","30,7","32,2","32,9","31,9","30,8","30,4","30,6","30,0","30,4","30,8","29,7"
14,"29,6","30,9","32,4","33,0","31,7","30,6","30,2","30,5","29,9","30,2","30,7","29,8"
15,"29,5","30,9","32,4","32,8","31,1","30,3","29,9","30,2","29,6","29,8","30,4","29,7"
16,"29,3","30,6","32,0","32,1","30,4","29,8","29,4","29,7","29,1","29,2","29,9","29,3"
17,"28,7","29,9","31,2","31,3","29,8","29,2","28,7","28,9","28,4","29,0","28,6",
18,"27,5","28,5","29,8","30,1","29,0","28,4","28,0","27,6","28,1","27,6",,
19,"26,5","27,2","28,4","29,1","28,3","27,7","27,3","27,0","27,1","27,5","26,8",
20,"25,8","26,3","27,5","28,4","27,9","27,2","26,9","26,7","27,1","26,4",,
21,"25,3","25,7","26,8","27,9","27,6","26,9","26,6","26,5","26,8","26,0",,
22,"24,9","25,2","26,4","27,5","27,4","26,7","26,4","26,5","26,3","26,6","25,7",
23,"24,6","24,9","26,1","27,3","27,2","26,6","26,3","26,2","26,4","25,5",,
24,"24,4","24,7","25,9","27,0","27,1","26,4","26,1","26,2","26,0","26,1","26,2","25,2"
Trạm Sóc Trăng,,,,,,,,,,,,
1,"24,0","24,2","25,4","26,5","26,9","26,4","26,0","25,9","25,8","25,9","25,8","24,9"
2,"23,8","24,0","25,2","26,3","26,8","26,3","25,9","25,8","25,6","25,8","25,7","24,7"
3,"23,6","23,8","25,1","26,2","26,6","26,2","25,8","25,7","25,5","25,7","25,5","24,6"
4,"23,5","23,7","24,9","26,1","26,6","26,1","25,7","25,6","25,4","25,6","25,5","24,4"
5,"23,4","23,6","24,9","26,0","26,5","26,1","25,6","25,4","25,5","25,4","24,3",
6,"23,3","23,6","24,8","26,0","26,5","26,1","25,6","25,4","25,5","25,4","24,3",
7,"23,4","23,7","25,2","26,7","27,2","26,7","26,1","26,0","25,8","26,0","25,8","24,4"
8,"24,9","25,5","27,3","28,9","29,1","28,2","27,5","27,6","27,2","27,5","27,3","25,9"
9,"26,4","27,1","28,9","30,2","29,2","28,5","28,8","28,3","28,5","27,1",,
10,"27,6","28,5","30,2","31,4","31,1","30,0","29,3","29,6","29,1","29,4","28,1",
11,"28,5","29,5","31,1","32,2","31,6","30,4","29,9","30,1","29,6","30,0","29,9","28,9"
12,"29,1","30,1","31,6","32,7","31,8","30,5","30,0","30,4","29,9","30,3","30,2","29,4"
13,"29,4","30,4","31,9","32,9","31,8","30,4","30,0","30,3","29,9","30,1","30,3","29,7"
14,"29,5","30,5","31,9","32,6","31,4","30,1","29,7","30,0","29,4","29,9","30,1","29,7"
15,"29,3","30,3","31,6","32,2","30,7","29,7","29,3","29,5","29,0","29,4","29,8","29,4"
16,"28,8","29,7","31,0","31,7","30,0","29,2","28,9","28,4","28,8","29,4","28,9",
17,"27,9","28,8","30,0","30,8","29,4","28,7","28,3","27,8","28,2","28,7","28,1",
18,"26,7","27,3","28,6","29,6","28,8","28,1","27,6","27,2","27,4","27,8","27,1",
19,"25,8","26,2","27,4","28,6","28,2","27,6","27,1","27,0","26,7","27,0","27,2","26,4"
20,"25,2","25,5","26,8","28,0","27,9","27,2","26,7","26,4","26,7","26,9","26,0",
21,"24,8","25,1","26,4","27,6","27,0","26,5","26,4","26,2","26,5","26,6","25,7",
22,"24,6","24,8","26,1","27,3","27,4","26,8","26,3","26,1","26,4","25,5",,
23,"24,4","24,6","25,8","27,1","27,2","26,7","26,2","26,0","26,2","25,3",,
24,"24,2","24,4","25,6","26,8","27,1","26,5","26,1","26,0","25,9","26,0","25,1",
Trạm Rạch Gía,,,,,,,,,,,,
1,"24,3","24,6","25,9","27,5","28,4","28,0","27,6","27,2","26,9","26,4","25,3",
2,"24,1","24,3","25,6","27,3","28,2","28,0","27,4","27,5","27,1","26,7","26,2","25,0"
3,"23,8","24,1","25,4","27,1","28,1","27,8","27,3","27,5","27,0","26,6","26,1","24,8"
4,"23,6","23,9","25,3","26,9","27,9","27,7","27,3","27,4","26,9","26,5","26,0","24,6"
5,"23,5","23,7","25,1","26,8","27,8","27,7","27,2","27,3","26,9","26,5","26,0","24,5"
6,"23,3","23,6","25,0","26,8","27,7","27,1","27,2","26,9","26,5","26,0","24,4",
7,"23,3","23,6","25,2","27,2","28,2","28,0","27,4","27,5","27,2","26,9","26,3","24,4"
8,"24,3","24,7","26,6","28,5","29,1","28,6","28,0","28,2","27,8","27,4","25,5",
9,"25,5","26,1","28,0","29,6","29,9","29,1","28,4","28,7","28,3","28,6","28,3","26,5"
10,"26,6","27,4","29,2","30,5","29,5","28,9","29,1","28,8","29,1","29,0","27,4",
11,"27,4","28,3","30,2","31,2","30,9","29,8","29,1","29,4","29,1","29,5","28,1",
12,"28,0","29,1","30,9","31,7","31,2","30,0","29,3","29,5","29,2","29,7","30,0","28,7"
13,"28,6","29,8","31,5","32,1","31,3","30,0","29,4","29,6","29,3","29,9","30,3","29,2"
14,"28,8","30,1","31,7","32,1","31,0","30,1","29,4","29,6","29,2","29,8","30,3","29,4"
15,"28,9","30,2","31,6","31,9","30,7","29,9","29,3","29,5","29,0","29,5","30,1","29,3"
16,"28,8","29,9","31,2","31,4","30,5","29,7","29,0","29,2","28,8","29,1","29,6","29,1"
17,"28,3","29,5","30,5","30,7","30,0","29,3","28,7","28,8","28,4","28,6","28,9","28,6"
18,"27,5","28,6","29,6","29,9","29,5","28,9","28,4","28,0","28,1","27,8",,
19,"26,8","27,7","28,8","29,3","29,2","28,6","28,2","28,1","27,8","27,7","27,2",
20,"26,2","27,0","28,2","29,0","28,5","28,1","28,0","27,6","27,5","27,3","26,8",
21,"25,8","26,4","27,7","28,7","28,9","28,4","28,0","27,9","27,6","27,3","27,1","26,3"
22,"25,3","25,8","27,1","28,4","28,8","28,3","27,9","27,5","27,2","26,9","26,0",
23,"24,9","25,3","26,7","28,1","28,7","28,2","27,8","27,4","27,1","26,7","25,7",
24,"24,6","24,9","26,3","27,8","28,5","28,1","27,7","27,3","27,0","26,5","25,5",
Trạm Phú Quốc,,,,,,,,,,,,
1,"24,9","25,2","26,4","27,2","27,9","27,8","27,2","27,4","26,9","26,1","26,3","25,6"
2,"24,7","25,0","26,2","27,0","27,8","27,6","27,1","27,3","26,9","26,0","26,2","25,4"
3,"24,6","24,9","26,1","26,9","27,6","27,1","27,2","26,8","25,9","26,1","25,3",
4,"24,5","24,8","26,0","26,8","27,5","27,6","27,0","27,1","26,7","25,8","26,0","25,3"
5,"24,5","24,8","26,0","26,7","27,5","27,6","26,9","27,2","26,7","25,8","26,0","25,3"
6,"24,5","24,8","26,0","26,6","27,5","27,6","26,9","27,1","26,7","25,8","26,0","25,3"
7,"24,7","24,9","26,1","27,1","28,0","27,9","27,1","27,3","26,8","26,1","26,2","25,4"
8,"25,7","25,9","27,5","28,6","29,0","28,6","27,8","27,9","27,4","27,2","27,5","26,5"
9,"26,9","27,4","28,8","29,7","29,1","28,2","28,3","27,9","28,1","28,6","27,6",
10,"27,9","28,5","29,7","30,5","30,3","29,4","28,5","28,7","28,3","28,7","29,3","28,4"
11,"28,6","29,2","30,3","30,9","30,7","29,6","28,9","28,5","29,0","29,9","29,0",
12,"29,1","29,7","30,7","31,2","30,9","29,8","29,1","29,2","28,6","29,3","30,3","29,4"
13,"29,6","30,2","31,0","31,5","31,1","29,9","29,2","29,3","28,8","29,6","30,5","29,9"
14,"29,9","30,5","31,2","31,6","31,1","29,9","29,2","29,4","28,8","29,6","30,7","30,1"
15,"30,0","30,5","31,2","31,5","31,0","29,9","29,1","29,3","28,9","29,6","30,7","30,2"
16,"29,8","30,4","31,0","31,2","30,8","29,8","29,1","29,2","28,7","29,4","30,4","30,0"
17,"29,3","29,8","30,5","30,8","30,5","29,6","28,8","28,9","28,4","29,0","29,8","29,5"
18,"28,3","28,8","29,7","30,0","29,9","29,1","28,5","28,6","28,1","28,3","28,9","28,5"
19,"27,5","27,9","29,0","29,4","28,7","28,2","28,3","27,8","28,2","27,8",,
20,"26,9","27,4","28,5","29,0","29,2","28,6","28,1","27,7","27,4","27,6","27,1",
21,"26,3","26,8","28,1","28,6","28,9","28,4","27,9","27,5","27,1","27,2","26,6",
22,"25,8","26,1","27,5","28,2","28,6","28,2","27,7","27,3","26,7","26,9","26,2",
23,"25,4","25,7","27,0","27,8","28,4","28,0","27,6","27,1","26,5","26,7","25,9",
24,"25,1","25,4","26,7","27,4","28,2","27,9","27,4","27,5","27,0","26,3","26,5","25,7"
Trạm Cà Mau,,,,,,,,,,,,
1,"25,0","25,3","26,5","27,6","27,7","27,0","26,7","26,4","26,3","25,6",,
2,"24,8","25,1","26,3","27,4","27,5","26,9","26,6","26,5","26,3","26,2","25,4",
3,"24,6","25,0","26,1","27,2","27,4","26,9","26,5","26,4","26,2","26,1","25,3",
4,"24,5","24,8","26,0","27,1","27,3","26,8","26,4","26,3","26,1","26,0","25,1",
5,"24,4","24,8","25,9","27,0","27,3","26,8","26,4","26,3","26,1","26,0","25,0",
6,"24,3","24,7","25,9","27,0","27,3","26,8","26,3","26,1","26,0","25,0",,
7,"24,4","24,8","26,0","27,5","27,9","27,3","26,7","26,6","26,3","26,4","26,2","25,1"
8,"25,4","26,0","27,4","29,1","29,3","28,6","27,9","28,0","27,6","27,7","27,5","26,1"
9,"26,5","27,2","28,7","30,2","29,5","28,8","28,9","28,5","28,7","28,4","27,1",
10,"27,5","28,3","29,8","31,2","31,0","30,1","29,4","29,6","29,1","29,3","29,2","28,0"
11,"28,3","29,2","30,6","31,9","31,6","30,5","29,8","30,1","29,5","29,8","29,7","28,7"
12,"28,9","29,8","31,2","32,4","31,8","30,7","30,0","30,4","29,8","29,9","30,0","29,2"
13,"29,4","30,2","31,6","32,7","31,8","30,7","30,1","30,5","29,7","29,9","30,0","29,5"
14,"29,5","30,4","31,7","32,5","31,7","30,6","30,0","30,3","29,5","29,6","29,9","29,5"
15,"29,4","30,2","31,6","32,1","31,1","30,2","29,7","29,9","29,2","29,6","29,3",
16,"29,0","29,8","31,1","31,6","30,6","29,7","29,3","29,5","28,8","28,9","29,2","28,9"
17,"28,3","29,0","30,3","30,8","30,0","29,2","28,8","28,9","28,3","28,6","28,3",
18,"27,3","27,9","29,0","29,8","29,3","28,6","28,1","28,3","27,7","27,9","27,6",
19,"26,5","26,9","28,0","29,0","28,8","28,1","27,6","27,7","27,3","27,5","27,0",
20,"26,1","26,4","27,6","28,6","28,5","27,8","27,3","27,4","27,1","27,2","26,7",
21,"25,8","26,1","27,3","28,3","27,6","27,1","27,2","26,9","27,0","26,4",,
22,"25,6","25,9","27,0","28,1","27,4","27,0","27,1","26,7","26,9","26,2",,
23,"25,3","25,6","26,8","27,9","27,3","26,9","27,0","26,6","26,7","26,0",,
24,"25,1","25,5","26,7","27,8","27,1","26,8","26,5","25,8",,,,
