Trạm,Suất bảo đảm (%),Tháng 1,Tháng 2,Tháng 3,Tháng 4,Tháng 5,Tháng 6,Tháng 7,Tháng 8,Tháng 9,Tháng 10,Tháng 11,Tháng 12,Năm
1. Mường Tè,95,"0,6","0,0","5,2","35,1","133,3","211,2","323,5","199,5","81,0","25,4","2,0","0,0","1818,6"
1. Mường Tè,90,"1,4","1,2","8,5","47,8","141,0","242,6","384,5","215,4","110,4","32,8","5,1","0,2","1868,7"
1. Mường Tè,80,"4,3","4,0","17,5","64,8","185,2","338,6","439,3","280,9","131,9","45,3","23,4","3,0","2027,6"
1. Mường Tè,70,"10,3","10,0","19,9","87,5","209,6","401,8","490,4","358,7","161,7","60,3","31,9","8,5","2259,0"
1. Mường Tè,60,"12,0","17,0","29,5","109,7","231,3","451,5","544,9","402,5","170,0","78,8","40,5","12,2","2377,8"
1. Mường Tè,50,"23,8","22,0","42,5","124,3","241,3","466,7","591,7","432,5","190,4","93,3","51,8","16,3","2462,9"
1. Mường Tè,40,"31,0","30,0","51,7","136,7","271,9","494,8","627,2","452,6","202,0","111,5","64,7","23,7","2518,0"
1. Mường Tè,30,"42,4","36,8","64,4","151,1","299,6","523,9","701,7","485,8","231,2","136,6","79,7","35,8","2616,6"
1. Mường Tè,20,"47,8","45,3","85,4","185,5","352,2","565,6","752,3","564,8","251,1","165,2","97,6","50,1","2722,0"
1. Mường Tè,10,"61,9","52,6","101,0","206,8","402,5","662,8","869,2","665,0","287,5","196,1","149,3","79,3","2806,1"
1. Mường Tè,5,"79,4","91,6","123,9","247,2","446,4","716,0","930,4","720,9","336,5","216,2","167,4","91,4","2900,8"
2. Sìn Hồ,95,"2,7","4,4","13,7","98,2","122,8","302,5","402,3","260,8","115,8","34,6","7,6","0,4","2261,3"
2. Sìn Hồ,90,"5,1","6,8","21,0","109,4","156,8","352,2","416,1","273,2","137,1","51,1","11,6","1,2","2309,7"
2. Sìn Hồ,80,"9,2","14,3","27,5","126,7","220,8","392,0","485,4","302,7","172,5","68,4","29,0","3,5","2409,3"
2. Sìn Hồ,70,"16,6","21,7","39,5","140,5","253,2","415,3","542,0","336,4","203,7","88,2","37,1","11,8","2514,3"
2. Sìn Hồ,60,"30,6","26,9","58,8","155,7","279,5","445,3","567,9","396,2","222,4","97,0","51,1","18,3","2630,0"
2. Sìn Hồ,50,"42,4","36,1","72,0","178,2","327,2","495,0","606,0","440,6","245,6","119,0","62,7","28,1","2707,0"
2. Sìn Hồ,40,"46,2","47,8","80,9","182,2","349,7","510,4","643,7","476,8","282,0","161,3","80,4","44,7","2809,7"
2. Sìn Hồ,30,"61,1","50,7","94,3","212,5","368,1","548,8","668,9","537,6","298,6","186,3","105,6","55,9","2896,5"
2. Sìn Hồ,20,"65,5","68,9","112,8","227,1","409,6","611,2","708,3","585,6","316,2","211,7","124,5","72,2","3015,5"
2. Sìn Hồ,10,"103,0","88,9","145,1","305,9","469,7","682,9","762,6","665,2","350,4","258,9","166,2","107,2","3197,1"
2. Sìn Hồ,5,"109,3","111,1","170,0","351,5","526,2","734,5","822,2","688,3","377,2","288,6","207,7","147,4","3330,9"
3. Tam Đường,95,"1,7","3,9","18,1","92,7","134,8","287,4","342,9","155,7","66,6","22,2","3,1","0,2","2015,1"
3. Tam Đường,90,"3,1","4,7","25,2","104,4","162,0","320,1","385,8","167,0","78,2","31,0","8,4","0,9","2186,3"
3. Tam Đường,80,"8,0","11,8","36,1","117,3","212,4","389,0","430,5","212,1","111,2","49,0","19,0","3,3","2221,0"
3. Tam Đường,70,"16,7","20,1","42,7","129,0","291,5","430,5","460,9","247,8","125,0","65,0","28,5","5,2","2290,0"
3. Tam Đường,60,"25,0","24,4","53,9","144,1","307,9","460,7","471,8","299,5","169,0","86,9","41,6","11,8","2396,5"
3. Tam Đường,50,"33,6","32,2","69,7","178,3","348,3","483,2","539,3","337,7","189,0","118,0","59,7","14,6","2453,9"
3. Tam Đường,40,"43,3","41,0","80,4","209,2","358,9","498,6","602,1","371,8","229,8","138,9","69,3","28,7","2507,3"
3. Tam Đường,30,"56,6","44,8","97,5","218,4","411,1","529,9","637,9","408,6","237,2","167,7","84,7","48,4","2622,8"
3. Tam Đường,20,"72,8","65,0","119,2","245,0","445,4","536,5","670,5","456,6","253,3","196,6","138,2","67,2","2683,4"
3. Tam Đường,10,"89,5","83,8","171,9","260,7","477,0","595,2","713,9","540,2","283,8","251,0","172,6","83,2","2942,8"
3. Tam Đường,5,"98,8","93,6","182,6","305,5","584,4","645,7","754,3","564,0","302,7","320,5","217,4","95,0","2994,2"
4. Than Uyên,95,"0,9","1,9","12,8","76,5","124,9","218,9","251,7","105,4","48,5","5,8","1,4","0,0","1462,3"
4. Than Uyên,90,"1,3","4,0","15,3","84,2","136,8","241,6","267,8","177,5","57,8","6,9","2,9","0,1","1541,9"
4. Than Uyên,80,"8,0","9,1","22,6","99,3","169,1","302,0","292,4","227,0","87,5","19,3","4,8","1,0","1680,1"
4. Than Uyên,70,"11,2","14,7","28,3","118,6","191,9","319,0","338,1","271,9","94,7","28,2","8,2","3,6","1823,7"
4. Than Uyên,60,"23,3","20,5","40,5","139,2","206,0","340,6","380,2","289,7","119,6","42,7","13,2","7,3","1896,5"
4. Than Uyên,50,"29,1","27,1","54,3","151,0","229,6","358,9","408,9","347,8","130,0","58,7","20,5","20,2","1935,0"
4. Than Uyên,40,"33,7","38,0","66,7","164,1","244,9","404,4","446,8","370,9","145,7","70,3","42,3","29,1","1967,6"
4. Than Uyên,30,"44,1","44,6","75,6","174,6","259,5","421,2","480,7","420,3","174,9","84,9","54,1","36,2","2047,8"
4. Than Uyên,20,"52,3","62,7","81,6","184,0","308,9","472,2","513,4","453,4","204,1","101,5","75,0","42,6","2201,9"
4. Than Uyên,10,"65,7","84,5","125,9","216,1","361,8","521,7","622,3","519,7","267,9","143,9","110,7","61,8","2393,2"
4. Than Uyên,5,"73,4","92,9","178,3","259,3","399,9","647,2","631,3","566,7","298,9","156,0","174,4","84,9","2461,5"
5. Lai Châu,95,"0,6","8,0","54,6","103,5","218,5","307,3","161,0","42,4","9,4","0,5","0,0","1713,4",
5. Lai Châu,90,"1,4","6,0","11,7","63,0","141,2","262,7","309,2","211,5","62,7","20,5","1,5","0,3","1779,3"
5. Lai Châu,80,"5,1","8,4","20,4","109,7","181,6","313,4","351,9","250,3","98,3","41,1","13,4","1,6","1890,9"
5. Lai Châu,70,"8,9","15,6","40,3","114,2","218,4","336,2","392,4","277,5","112,8","44,8","16,6","2,5","1959,7"
5. Lai Châu,60,"15,5","20,0","44,5","123,6","243,7","375,7","420,4","308,7","126,8","58,1","24,2","8,5","2037,1"
5. Lai Châu,50,"23,2","24,4","51,7","130,1","263,3","407,2","455,3","352,1","153,4","69,2","40,1","12,0","2089,5"
5. Lai Châu,40,"26,9","30,0","57,6","143,2","301,2","429,8","541,1","382,4","163,4","96,8","55,3","26,5","2196,6"
5. Lai Châu,30,"37,8","36,3","72,4","159,5","335,2","466,4","562,4","409,8","190,5","107,4","61,3","28,7","2259,1"
5. Lai Châu,20,"57,3","55,8","87,5","171,3","357,0","533,8","600,3","465,2","213,0","135,6","71,8","39,1","2371,1"
5. Lai Châu,10,"78,8","77,0","122,8","191,8","418,4","620,6","637,5","529,1","230,8","166,5","124,4","65,6","2487,4"
5. Lai Châu,5,"96,5","82,9","170,5","219,3","439,5","707,1","718,1","628,7","274,0","200,1","179,1","94,4","2547,6"
6. Tuần Giáo,95,"0,2","0,1","4,6","58,2","94,4","129,8","169,8","146,0","45,1","11,2","1,4","0,0","1029,1"
6. Tuần Giáo,90,"1,2","2,2","13,0","73,5","111,5","159,0","178,3","155,0","54,7","14,3","2,2","0,1","1056,7"
6. Tuần Giáo,80,"2,9","5,1","19,3","86,8","133,5","181,2","229,3","175,1","61,2","23,7","4,6","1,4","1388,4"
6. Tuần Giáo,70,"6,1","9,4","28,4","113,3","150,7","209,2","246,8","203,5","81,8","32,6","11,5","3,7","1461,8"
6. Tuần Giáo,60,"16,5","13,7","45,1","120,6","169,9","241,3","266,9","224,2","94,6","43,0","14,5","7,2","1559,4"
6. Tuần Giáo,50,"22,0","15,9","55,1","130,3","192,0","268,7","292,0","244,1","126,0","51,7","22,0","13,7","1611,4"
6. Tuần Giáo,40,"27,4","20,8","59,0","139,8","212,9","307,3","312,5","289,4","163,0","69,3","32,4","20,0","1727,0"
6. Tuần Giáo,30,"30,9","28,1","68,2","154,7","248,8","331,0","369,1","341,7","180,2","82,8","56,2","24,7","1757,0"
6. Tuần Giáo,20,"43,5","52,7","88,0","180,8","289,6","370,5","421,4","363,7","208,4","105,4","66,6","42,4","1860,0"
6. Tuần Giáo,10,"64,9","67,0","118,5","209,9","312,6","455,4","471,1","409,8","222,8","135,2","100,9","67,3","2066,9"
6. Tuần Giáo,5,"73,0","75,8","139,2","221,6","353,0","537,3","509,4","465,8","245,8","150,4","134,5","86,5","2104,9"
7. Pha Đin,95,"0,6","0,4","5,4","52,8","78,5","178,9","222,2","156,5","82,5","17,9","1,3","0,1","1373,6"
7. Pha Đin,90,"1,4","1,1","10,6","68,3","112,7","186,1","228,7","185,3","84,1","21,2","2,1","0,2","1512,4"
7. Pha Đin,80,"3,1","4,5","26,2","89,4","151,9","221,4","260,3","220,6","100,4","30,7","4,7","1,2","1630,7"
7. Pha Đin,70,"7,3","10,1","35,2","103,5","172,4","243,7","297,6","258,2","120,5","38,4","13,3","2,6","1669,0"
7. Pha Đin,60,"13,9","14,8","49,3","120,7","184,7","252,2","315,5","282,8","137,9","46,5","18,2","4,8","1708,5"
7. Pha Đin,50,"23,9","19,7","54,7","125,7","207,4","295,6","354,9","321,8","159,0","63,9","22,1","12,9","1740,9"
7. Pha Đin,40,"30,9","27,3","63,9","137,2","245,5","314,7","370,8","341,8","172,6","79,1","35,3","20,8","1770,8"
7. Pha Đin,30,"36,2","80,1","145,6","280,1","337,3","405,4","375,6","196,8","91,5","58,9","26,5","1857,5",
7. Pha Đin,20,"44,2","58,2","93,4","169,5","323,5","377,0","450,9","410,2","234,3","118,7","73,9","39,2","2039,6"
7. Pha Đin,10,"54,8","66,3","134,8","219,5","336,3","451,2","486,1","451,3","267,8","137,1","98,5","68,3","2170,2"
7. Pha Đin,5,"59,7","86,6","153,0","241,4","359,9","494,8","570,7","529,0","313,9","148,5","153,8","81,1","2257,4"
8. Điện Biên,95,"0,0","1,2","44,0","86,7","110,5","142,5","106,9","56,0","9,5","0,2","0,0","1206,5",
8. Điện Biên,90,"0,5","0,1","3,7","61,5","98,3","126,7","183,1","141,6","73,8","13,5","0,8","0,0","1289,2"
8. Điện Biên,80,"2,4","1,4","16,7","77,8","108,1","149,9","225,7","186,5","90,9","18,1","4,0","0,2","1361,5"
8. Điện Biên,70,"5,0","5,7","26,3","85,8","114,5","176,4","248,4","230,1","113,2","31,2","6,0","3,0","1426,3"
8. Điện Biên,60,"11,4","8,6","37,4","94,7","139,9","203,7","289,3","281,5","126,0","46,3","13,0","7,1","1478,8"
8. Điện Biên,50,"16,9","11,9","50,2","100,7","156,3","227,3","300,3","313,5","129,7","55,1","17,7","11,0","1530,7"
8. Điện Biên,40,"28,6","15,4","59,0","118,3","194,5","246,1","331,7","353,7","138,6","64,8","25,0","14,3","1597,0"
8. Điện Biên,30,"33,2","35,0","74,0","136,2","220,1","279,3","361,8","399,9","159,5","74,1","45,5","24,4","1701,6"
8. Điện Biên,20,"38,4","44,5","90,1","159,8","260,4","373,5","387,5","417,2","204,9","94,3","63,2","36,0","1803,0"
8. Điện Biên,10,"65,9","75,0","119,2","188,1","284,2","413,0","452,5","463,8","271,4","124,6","85,9","69,3","1917,7"
8. Điện Biên,5,"97,0","83,1","131,2","198,3","359,9","448,8","535,5","551,8","302,2","135,0","96,7","100,1","1956,9"
9. Quỳnh Nhai,95,"0,1","0,5","1,3","59,1","92,2","170,1","162,2","150,8","34,3","7,5","0,1","0,0","1405,7"
9. Quỳnh Nhai,90,"1,0","1,1","4,5","67,8","97,9","183,1","232,4","170,8","52,1","13,1","1,7","0,0","1447,8"
9. Quỳnh Nhai,80,"5,6","7,3","15,0","81,5","108,7","204,7","259,5","225,1","92,4","24,2","4,0","0,2","1520,0"
9. Quỳnh Nhai,70,"11,0","13,3","28,1","98,9","127,2","237,5","295,5","257,1","118,6","40,6","10,9","3,0","1553,4"
9. Quỳnh Nhai,60,"16,2","17,0","37,4","119,6","169,1","257,8","321,1","299,9","136,6","56,0","19,8","5,0","1646,7"
9. Quỳnh Nhai,50,"22,8","18,4","47,8","138,3","199,7","272,8","355,6","317,2","152,7","66,2","26,6","12,3","1715,0"
9. Quỳnh Nhai,40,"32,1","21,2","56,0","149,6","218,2","305,6","413,6","334,0","174,0","88,0","40,0","20,4","1755,3"
9. Quỳnh Nhai,30,"37,2","33,7","74,3","155,4","254,8","334,0","428,6","367,3","183,3","108,0","52,9","25,9","1833,9"
9. Quỳnh Nhai,20,"54,4","45,6","97,0","162,1","279,9","369,4","443,7","419,5","214,0","123,7","68,5","35,4","1938,9"
9. Quỳnh Nhai,10,"70,6","67,2","129,9","186,1","319,9","423,4","468,6","444,5","239,2","150,3","88,0","64,8","2031,1"
9. Quỳnh Nhai,5,"84,1","87,0","149,5","242,4","352,0","479,2","513,1","494,9","251,7","158,8","133,7","88,5","2140,2"
10. Sông Mã,95,"0,0","3,5","40,1","42,8","86,9","85,6","115,6","33,8","2,2","0,0","859,9",,
10. Sông Mã,90,"0,0","8,4","51,4","69,6","100,8","111,3","123,5","40,4","5,6","0,1","0,0","905,9",
10. Sông Mã,80,"0,4","0,2","12,6","65,0","97,8","137,2","144,1","150,9","62,9","9,7","2,6","0,0","1007,0"
10. Sông Mã,70,"1,6","3,5","19,1","78,8","110,4","151,9","159,2","172,0","80,4","14,8","4,9","0,0","1057,0"
10. Sông Mã,60,"7,0","4,6","25,0","90,2","129,9","168,4","194,6","201,4","90,0","24,0","7,0","0,8","1130,0"
10. Sông Mã,50,"10,8","6,0","31,7","95,6","140,1","196,5","235,7","231,8","94,3","35,2","9,9","2,1","1174,8"
10. Sông Mã,40,"14,3","13,0","39,2","105,3","151,2","226,4","262,9","250,0","107,7","44,6","12,0","6,4","1200,0"
10. Sông Mã,30,"18,0","21,6","51,5","113,4","171,2","243,4","273,4","272,9","127,4","50,5","24,2","13,2","1253,7"
10. Sông Mã,20,"23,7","26,2","65,1","130,7","201,0","268,7","281,0","302,0","151,3","60,9","42,0","18,7","1306,7"
10. Sông Mã,10,"54,5","51,7","75,8","151,3","238,0","299,6","323,7","334,3","197,1","80,7","74,1","52,2","1386,0"
10. Sông Mã,5,"75,6","56,1","85,9","174,3","242,2","321,3","385,1","372,4","262,7","93,5","110,4","64,5","1455,1"
11. Cò Nòi,95,"0,0","1,7","48,7","78,6","110,0","100,9","108,3","56,8","6,7","0,0","1017,4",,
11. Cò Nòi,90,"0,0","4,3","53,0","94,8","125,8","159,2","131,4","65,4","8,8","0,3","0,0","1091,5",
11. Cò Nòi,80,"2,0","1,2","11,2","73,1","115,2","136,1","175,0","156,6","85,2","13,4","1,9","0,2","1164,7"
11. Cò Nòi,70,"6,2","3,2","18,3","82,1","133,1","180,4","203,0","176,1","95,6","21,6","3,6","1,2","1202,9"
11. Cò Nòi,60,"7,6","7,1","26,5","101,8","146,4","201,4","214,7","212,0","103,4","29,4","7,2","2,7","1245,8"
11. Cò Nòi,50,"13,1","10,7","32,5","103,7","158,0","211,5","226,6","240,5","114,9","35,4","15,5","4,4","1284,6"
11. Cò Nòi,40,"15,5","15,0","39,8","120,5","177,5","231,7","254,0","257,0","139,6","45,2","20,4","7,2","1302,4"
11. Cò Nòi,30,"19,5","22,5","50,6","134,5","197,3","258,1","287,0","280,8","145,3","76,8","32,9","13,3","1350,9"
11. Cò Nòi,20,"30,6","30,8","75,6","148,8","210,8","276,6","319,1","345,1","162,1","92,5","44,2","36,1","1431,7"
11. Cò Nòi,10,"51,5","53,6","93,7","166,3","270,3","323,8","352,3","376,4","194,0","103,7","63,0","53,4","1507,3"
11. Cò Nòi,5,"83,6","70,7","111,4","181,4","309,8","364,9","409,4","386,8","236,8","120,5","86,0","58,0","1583,2"
12. Yên Châu,95,"0,0","1,9","44,6","69,6","78,6","108,5","119,1","48,0","0,8","0,0","941,5",,
12. Yên Châu,90,"0,0","3,3","48,4","75,4","95,3","131,9","130,3","61,0","3,6","0,1","0,0","1011,0",
12. Yên Châu,80,"0,0","0,7","9,1","58,3","94,8","114,3","166,3","151,8","94,4","10,0","1,3","0,0","1043,0"
12. Yên Châu,70,"1,5","3,5","16,7","76,6","102,6","133,4","188,5","175,7","102,3","15,5","4,7","0,5","1068,5"
12. Yên Châu,60,"2,6","6,0","21,3","87,1","127,5","145,8","204,7","206,5","112,9","25,4","5,8","1,6","1122,8"
12. Yên Châu,50,"6,7","8,7","22,9","99,5","149,0","198,5","212,4","249,4","122,0","40,6","8,2","4,2","1203,0"
12. Yên Châu,40,"11,2","13,0","27,1","110,8","163,4","234,6","234,9","292,2","131,1","62,9","21,2","8,0","1248,4"
12. Yên Châu,30,"15,0","16,1","51,1","121,3","172,0","241,7","260,6","305,6","158,7","70,1","27,2","10,8","1300,9"
12. Yên Châu,20,"19,7","23,9","59,8","131,4","203,0","249,9","279,7","330,2","175,8","106,7","36,5","13,5","1365,4"
12. Yên Châu,10,"38,8","40,9","79,7","159,0","246,0","289,2","297,4","398,2","247,2","136,1","43,8","45,2","1450,3"
12. Yên Châu,5,"44,2","46,6","96,6","180,7","285,8","323,8","327,6","404,8","337,2","156,6","61,5","55,5","1517,3"
13. Bắc Yên,95,"0,3","1,7","4,5","48,2","80,8","116,6","159,2","115,0","62,1","16,7","0,5","0,0","1172,6"
13. Bắc Yên,90,"0,9","2,9","8,9","56,1","90,3","119,0","163,8","147,2","76,3","21,0","0,7","0,1","1185,2"
13. Bắc Yên,80,"3,5","4,6","14,0","72,5","138,0","159,1","181,4","168,5","97,8","28,1","4,4","1,8","1219,5"
13. Bắc Yên,70,"8,5","8,0","18,7","81,6","155,2","198,1","202,7","212,5","117,8","34,5","7,2","2,7","1315,3"
13. Bắc Yên,60,"14,1","9,5","27,6","92,6","166,9","219,5","229,4","241,0","125,4","40,6","9,9","4,9","1413,9"
13. Bắc Yên,50,"24,4","16,8","43,5","102,8","188,3","235,6","250,8","255,8","145,5","61,9","15,0","8,7","1470,4"
13. Bắc Yên,40,"30,4","19,5","53,0","115,3","215,4","265,0","271,7","304,0","179,7","78,2","30,2","12,7","1519,0"
13. Bắc Yên,30,"37,0","27,3","62,3","129,4","241,3","283,7","303,1","325,2","200,4","103,3","42,7","20,5","1589,6"
13. Bắc Yên,20,"49,6","34,1","82,8","149,3","260,4","306,6","334,6","366,0","240,2","125,5","59,8","47,3","1735,6"
13. Bắc Yên,10,"74,0","58,1","103,8","166,2","309,4","366,3","397,0","406,2","294,9","136,4","68,6","66,4","1793,7"
13. Bắc Yên,5,"103,2","73,7","120,5","182,0","353,1","405,0","413,6","422,9","325,0","174,5","87,8","78,7","1874,5"
14. Phù Yên,95,"0,2","0,3","2,6","48,9","99,9","73,7","109,2","92,9","87,7","14,0","1,4","0,2","1163,5"
14. Phù Yên,90,"0,8","1,2","5,9","51,5","112,0","96,3","118,6","138,2","109,9","25,1","2,5","0,6","1255,2"
14. Phù Yên,80,"2,6","4,4","11,0","68,6","134,2","142,8","165,5","171,1","133,3","40,9","4,4","1,2","1323,3"
14. Phù Yên,70,"9,5","7,5","18,5","77,6","148,5","181,7","190,5","201,6","146,7","51,0","9,5","2,0","1366,7"
14. Phù Yên,60,"12,8","12,0","24,7","86,1","167,9","199,5","227,9","229,7","176,0","66,2","17,3","4,5","1453,3"
14. Phù Yên,50,"16,2","15,0","31,0","95,0","182,9","219,1","247,9","277,1","185,6","91,1","27,5","7,9","1502,0"
14. Phù Yên,40,"20,1","18,7","34,5","113,5","195,8","243,1","275,5","301,9","202,3","115,0","40,0","18,3","1545,1"
14. Phù Yên,30,"28,0","28,5","40,2","129,5","214,2","264,3","289,0","333,1","232,7","130,2","49,1","23,9","1622,5"
14. Phù Yên,20,"39,9","37,1","64,7","154,3","239,8","315,2","327,7","353,2","275,0","155,9","55,1","29,8","1668,7"
14. Phù Yên,10,"59,0","62,5","83,3","185,3","297,2","344,6","373,4","431,0","316,4","238,1","85,1","44,1","1769,5"
14. Phù Yên,5,"82,2","71,0","106,5","215,4","341,8","379,7","415,7","446,4","368,2","265,9","100,2","61,3","1959,2"
15. Mộc Châu,95,"2,9","4,5","8,5","39,5","104,3","92,3","125,8","143,6","131,8","13,8","1,9","1,7","1195,0"
15. Mộc Châu,90,"5,3","5,4","11,4","54,1","112,4","119,5","143,1","162,6","143,4","20,7","2,4","2,5","1327,6"
15. Mộc Châu,80,"6,9","7,3","15,5","62,8","128,4","157,6","158,7","212,5","157,2","56,1","11,3","3,8","1445,9"
15. Mộc Châu,70,"8,4","18,6","76,4","143,0","166,8","213,4","233,8","172,7","73,5","21,2","5,4","1505,5",
15. Mộc Châu,60,"10,2","11,7","25,4","84,6","155,4","206,5","245,7","265,6","221,8","87,0","29,4","8,2","1573,8"
15. Mộc Châu,50,"13,3","14,6","27,9","94,0","174,2","222,2","265,9","299,6","246,2","98,4","36,0","9,5","1685,0"
15. Mộc Châu,40,"19,0","16,9","39,6","103,3","192,9","236,5","288,1","347,7","266,3","117,1","39,3","16,2","1718,8"
15. Mộc Châu,30,"24,9","22,1","51,8","112,7","207,0","259,6","316,5","403,5","299,7","146,9","45,2","22,3","1774,0"
15. Mộc Châu,20,"30,8","30,4","57,3","126,4","233,0","311,9","356,1","441,0","319,8","194,9","60,7","30,1","1832,8"
15. Mộc Châu,10,"53,5","49,5","101,4","152,0","267,2","365,8","387,5","477,1","428,0","313,4","75,0","40,7","1914,8"
15. Mộc Châu,5,"57,0","63,7","134,0","195,5","283,2","404,6","436,9","509,3","488,0","332,3","80,2","54,3","2027,6"
16. Sơn La,95,"0,0","0,1","5,1","38,5","65,2","118,7","151,6","92,2","53,4","8,2","0,2","0,0","1071,7"
16. Sơn La,90,"0,2","1,0","6,6","64,3","88,5","138,9","163,6","98,6","60,2","16,0","0,8","0,0","1137,7"
16. Sơn La,80,"2,4","3,3","17,9","75,0","125,2","153,4","194,1","173,6","82,5","22,0","3,5","0,9","1211,4"
16. Sơn La,70,"4,7","7,6","28,1","80,0","139,7","187,3","218,3","199,0","97,8","31,3","6,2","2,2","1299,5"
16. Sơn La,60,"8,8","11,8","36,8","92,0","150,5","201,0","237,1","231,7","104,7","42,9","11,4","4,3","1338,6"
16. Sơn La,50,"13,0","17,0","41,9","108,0","166,3","212,7","261,5","263,7","130,0","52,8","21,1","6,0","1402,1"
16. Sơn La,40,"20,8","21,2","50,2","128,6","193,4","225,4","285,4","305,8","146,4","60,6","31,9","11,8","1480,0"
16. Sơn La,30,"24,6","32,0","61,2","148,0","227,0","281,6","295,6","324,7","156,2","82,4","43,4","23,1","1538,8"
16. Sơn La,20,"39,6","45,3","75,1","156,7","252,3","310,6","324,4","351,6","179,4","106,7","53,0","33,5","1599,8"
16. Sơn La,10,"67,1","57,5","102,9","169,9","283,6","363,8","405,8","409,2","223,7","120,8","87,4","58,4","1664,9"
16. Sơn La,5,"93,0","66,3","108,7","190,2","323,3","397,9","416,7","433,2","246,4","130,4","136,0","74,3","1744,8"
17. Kim Bôi,95,"2,7","7,6","15,3","32,8","129,8","147,1","151,1","155,0","120,8","24,0","2,9","1,6","1581,7"
17. Kim Bôi,90,"8,5","11,3","19,2","41,0","147,1","157,9","179,1","167,5","159,0","43,6","8,3","3,5","1651,3"
17. Kim Bôi,80,"10,3","16,8","23,0","49,5","170,7","186,7","228,8","215,1","210,4","80,9","13,6","7,4","1765,2"
17. Kim Bôi,70,"14,0","21,2","28,3","75,4","202,4","246,9","274,9","248,3","241,3","124,0","21,6","10,9","1898,0"
17. Kim Bôi,60,"16,3","23,5","33,6","84,5","233,1","271,0","292,2","312,5","263,7","164,2","35,8","14,3","1978,4"
17. Kim Bôi,50,"21,7","26,4","41,0","98,5","262,6","299,9","312,4","341,8","296,7","178,6","46,0","19,0","2085,0"
17. Kim Bôi,40,"29,1","30,1","53,1","113,1","300,4","321,6","386,6","355,0","330,2","224,8","64,4","24,3","2221,0"
17. Kim Bôi,30,"45,2","35,4","60,7","130,7","317,9","340,8","407,7","409,2","393,0","293,1","74,9","28,8","2363,1"
17. Kim Bôi,20,"57,3","38,8","69,3","146,4","373,9","391,5","443,2","497,2","537,8","347,5","98,1","37,6","2569,3"
17. Kim Bôi,10,"77,0","52,1","101,0","172,2","408,7","465,2","495,5","531,9","592,1","460,8","153,7","57,1","2652,8"
17. Kim Bôi,5,"84,7","74,8","141,1","199,8","452,9","531,6","534,4","616,0","727,1","512,5","207,2","72,0","2948,4"
18. Mai Châu,95,"0,0","1,9","25,4","81,0","82,0","110,9","138,4","83,3","15,4","0,3","0,0","1258,8",
18. Mai Châu,90,"0,0","0,1","2,9","43,6","97,7","121,2","162,4","157,8","111,9","23,9","2,2","0,0","1365,3"
18. Mai Châu,80,"0,3","0,6","6,5","52,0","124,8","162,2","214,6","216,0","163,4","42,4","6,1","0,0","1471,9"
18. Mai Châu,70,"1,0","1,2","9,9","68,2","154,2","192,8","245,2","236,0","199,0","87,9","10,0","0,9","1558,8"
18. Mai Châu,60,"2,4","2,0","13,2","75,7","179,3","210,9","268,6","299,5","220,7","106,3","16,0","2,3","1657,8"
18. Mai Châu,50,"4,0","5,0","20,4","81,1","191,7","240,2","277,7","310,7","236,0","120,0","22,2","4,8","1711,4"
18. Mai Châu,40,"8,4","9,5","24,8","95,0","208,4","266,6","294,7","350,4","285,0","139,0","31,2","7,3","1823,0"
18. Mai Châu,30,"11,1","13,7","33,8","111,5","231,3","285,4","379,5","420,9","347,2","198,7","43,5","12,1","1872,3"
18. Mai Châu,20,"27,7","20,1","39,4","127,5","259,7","325,9","428,1","458,2","399,9","272,4","59,0","20,7","2037,8"
18. Mai Châu,10,"42,8","33,7","72,3","165,5","299,7","383,5","514,5","516,6","538,3","409,5","80,7","31,8","2168,2"
18. Mai Châu,5,"74,5","55,8","96,1","202,2","326,7","462,9","560,9","574,5","611,7","468,0","110,2","41,7","2281,6"
19. Chi Nê,95,"0,0","2,8","9,3","13,2","79,1","80,5","111,6","177,5","111,8","14,9","2,9","0,0","1269,9"
19. Chi Nê,90,"0,0","4,6","12,5","22,5","93,0","107,1","128,4","202,9","132,2","38,5","5,5","0,0","1413,0"
19. Chi Nê,80,"2,1","6,6","16,1","37,2","111,1","139,3","179,2","229,4","161,8","78,7","12,0","1,0","1570,6"
19. Chi Nê,70,"3,3","10,6","19,2","51,5","128,4","162,2","233,2","245,4","198,3","115,4","19,0","5,4","1678,2"
19. Chi Nê,60,"6,0","12,8","27,1","60,0","160,2","194,2","261,8","276,8","245,5","142,6","27,4","6,4","1794,0"
19. Chi Nê,50,"9,9","18,2","32,3","67,6","175,2","207,4","284,0","297,0","283,0","175,1","42,7","9,0","1852,0"
19. Chi Nê,40,"14,1","20,6","38,5","81,0","192,0","255,0","319,8","380,4","334,4","209,3","51,9","19,4","1927,1"
19. Chi Nê,30,"18,7","22,4","45,1","93,4","232,7","267,5","361,6","415,5","373,9","307,2","57,4","30,2","2003,3"
19. Chi Nê,20,"36,0","27,8","56,5","115,3","302,7","297,1","450,1","481,5","510,0","351,5","81,0","40,2","2136,2"
19. Chi Nê,10,"73,3","33,0","80,5","137,1","338,9","381,7","515,5","611,8","670,4","447,4","160,7","51,2","2520,2"
19. Chi Nê,5,"91,6","46,8","128,8","151,3","408,9","417,2","580,0","631,0","809,0","518,9","195,0","58,2","2782,9"
20. Lạc Sơn,95,"4,8","6,8","9,6","35,5","109,8","125,1","154,8","156,4","129,0","17,5","0,6","1,5","1494,0"
20. Lạc Sơn,90,"5,8","8,6","13,1","42,0","120,4","141,6","172,6","179,8","152,1","34,3","3,2","2,2","1584,2"
20. Lạc Sơn,80,"7,8","13,3","19,4","48,4","147,3","180,0","210,5","231,1","193,4","48,1","12,5","4,2","1676,7"
20. Lạc Sơn,70,"12,4","14,5","23,4","61,9","190,9","208,9","241,5","263,0","224,6","92,5","22,2","8,6","1760,6"
20. Lạc Sơn,60,"17,5","17,2","30,7","72,1","202,0","236,0","271,5","302,0","250,7","134,3","32,4","12,5","1862,4"
20. Lạc Sơn,50,"22,7","20,4","34,6","84,6","236,8","253,4","297,3","331,8","284,3","159,0","43,7","16,0","1922,7"
20. Lạc Sơn,40,"26,7","25,0","47,0","106,2","252,8","280,6","330,2","352,5","344,9","205,1","53,8","28,1","2013,3"
20. Lạc Sơn,30,"42,1","29,0","57,1","121,2","275,6","307,4","348,0","369,3","396,3","272,4","78,3","36,5","2095,3"
20. Lạc Sơn,20,"58,3","35,3","62,2","134,7","289,6","345,7","396,9","425,1","436,3","336,5","111,5","42,9","2264,4"
20. Lạc Sơn,10,"75,5","43,1","86,3","159,1","361,8","375,4","463,8","570,9","507,7","413,8","143,6","57,2","2524,6"
20. Lạc Sơn,5,"86,2","54,3","127,1","177,4","434,7","428,2","514,6","629,7","576,3","435,2","247,2","71,3","2562,6"
21. Hoà Bình,95,"2,1","5,7","23,1","121,2","92,7","148,7","107,7","83,3","19,0","0,8","0,7","1251,5",
21. Hoà Bình,90,"2,8","2,7","7,3","31,2","146,0","120,1","170,4","142,2","110,6","29,0","2,1","1,3","1409,1"
21. Hoà Bình,80,"4,6","4,7","12,4","41,7","170,6","161,6","216,0","177,1","150,6","63,1","8,7","2,4","1527,9"
21. Hoà Bình,70,"6,2","6,0","16,7","50,2","193,3","218,7","238,8","211,8","185,5","90,2","16,0","3,8","1677,5"
21. Hoà Bình,60,"8,5","8,4","19,9","70,2","205,5","248,4","258,8","262,2","204,0","113,4","22,7","6,9","1736,8"
21. Hoà Bình,50,"12,1","11,8","22,8","80,4","228,9","286,2","282,0","310,3","245,2","158,1","30,9","12,0","1860,5"
21. Hoà Bình,40,"14,2","13,6","26,8","92,2","244,3","311,8","313,8","356,2","291,0","185,7","49,5","14,8","1979,7"
21. Hoà Bình,30,"23,9","16,5","33,8","123,3","268,2","336,7","352,5","390,2","331,1","240,8","64,6","20,9","2034,5"
21. Hoà Bình,20,"36,7","20,5","52,7","146,9","313,5","367,0","410,3","467,0","426,8","285,9","88,7","25,7","2158,4"
21. Hoà Bình,10,"48,3","33,4","75,8","176,9","377,3","380,4","492,8","541,0","546,4","417,4","131,3","44,0","2273,1"
21. Hoà Bình,5,"65,0","45,4","98,5","185,9","427,8","396,1","539,7","572,6","590,1","442,8","160,0","48,1","2452,5"
22. Hoàng Su Phì,95,"1,1","0,5","2,9","28,4","80,5","154,3","188,9","141,6","52,4","29,9","3,8","0,2","1292,8"
22. Hoàng Su Phì,90,"3,6","0,9","4,5","39,0","91,4","165,8","218,1","169,3","71,5","38,7","6,7","0,6","1382,4"
22. Hoàng Su Phì,80,"7,6","3,2","12,5","47,5","116,4","177,3","257,2","217,5","88,4","55,6","10,6","2,7","1458,2"
22. Hoàng Su Phì,70,"11,2","7,8","14,6","60,2","131,3","201,8","290,8","247,4","120,9","70,5","22,7","4,0","1517,0"
22. Hoàng Su Phì,60,"13,4","8,9","20,3","68,9","141,3","233,2","308,5","288,3","134,5","82,2","27,2","8,5","1567,3"
22. Hoàng Su Phì,50,"16,7","13,2","32,4","81,8","154,3","275,0","340,8","306,6","151,0","98,3","30,8","11,6","1614,9"
22. Hoàng Su Phì,40,"20,0","16,7","38,4","90,9","188,5","285,1","357,3","325,5","182,6","106,6","46,1","18,2","1720,9"
22. Hoàng Su Phì,30,"23,3","19,7","65,2","99,5","242,2","337,9","416,2","355,8","198,2","125,5","64,2","25,9","1799,4"
22. Hoàng Su Phì,20,"28,1","33,1","86,5","121,5","263,0","361,8","448,2","403,5","224,7","149,3","83,2","43,5","1847,3"
22. Hoàng Su Phì,10,"37,7","47,8","112,1","159,1","303,1","436,4","510,5","472,1","291,4","177,1","118,1","59,8","2010,7"
22. Hoàng Su Phì,5,"56,0","57,1","136,7","218,1","321,5","459,8","568,5","576,2","311,8","199,2","145,1","66,6","2128,3"
23. Bắc Mê,95,"4,4","1,2","5,5","24,2","119,0","172,2","197,1","115,0","52,5","11,6","1,3","1,5","1276,0"
23. Bắc Mê,90,"5,9","2,2","6,8","39,4","135,1","191,2","216,5","142,5","68,6","21,5","3,4","1,6","1382,4"
23. Bắc Mê,80,"9,5","6,2","11,4","50,6","153,9","224,0","249,0","182,5","86,8","36,8","12,3","3,2","1413,1"
23. Bắc Mê,70,"15,9","10,4","16,7","58,3","170,5","245,3","291,7","194,7","104,5","48,9","21,2","4,9","1493,1"
23. Bắc Mê,60,"20,9","12,6","20,4","79,8","178,5","259,2","310,9","222,7","123,3","59,2","31,4","7,9","1554,8"
23. Bắc Mê,50,"23,7","17,6","32,6","87,5","197,5","303,9","330,9","264,8","141,2","79,1","41,2","15,1","1581,1"
23. Bắc Mê,40,"27,1","24,5","44,0","100,6","215,5","342,1","354,6","288,2","157,7","94,4","51,0","22,7","1651,7"
23. Bắc Mê,30,"37,5","30,2","57,7","109,4","265,2","360,1","390,0","299,4","171,9","113,6","61,6","28,8","1771,5"
23. Bắc Mê,20,"44,2","42,8","75,2","116,3","313,1","397,5","412,2","343,8","189,9","143,1","83,1","37,6","1859,9"
23. Bắc Mê,10,"53,9","67,0","130,6","145,0","347,5","433,6","477,5","392,8","238,2","169,0","119,3","67,7","2004,8"
23. Bắc Mê,5,"65,8","79,0","164,0","170,6","420,8","460,9","526,2","425,1","255,8","188,8","134,6","90,8","2115,2"
24. Bắc Quang,95,"22,7","16,7","20,1","70,0","335,5","338,3","474,2","271,8","149,4","47,9","9,6","14,1","3463,2"
24. Bắc Quang,90,"25,8","21,1","27,6","94,1","391,3","594,2","508,1","292,7","175,3","64,7","17,4","18,8","3657,8"
24. Bắc Quang,80,"35,7","30,6","33,1","124,9","462,3","659,7","617,6","349,3","211,2","101,9","32,4","28,1","4154,2"
24. Bắc Quang,70,"44,4","41,9","42,9","148,7","600,3","749,2","697,6","425,2","294,4","160,2","57,1","32,4","4245,4"
24. Bắc Quang,60,"49,9","54,7","60,1","196,0","645,6","846,6","805,5","481,5","326,4","192,0","95,8","42,2","4509,4"
24. Bắc Quang,50,"59,2","61,5","71,7","218,9","722,2","947,0","865,4","543,4","422,0","217,7","115,7","56,9","4732,0"
24. Bắc Quang,40,"64,5","65,9","93,6","228,3","746,0","1075,9","929,3","647,3","467,3","364,3","159,4","83,8","4884,0"
24. Bắc Quang,30,"91,8","73,3","109,0","278,0","802,3","1147,5","1082,2","714,1","507,5","499,7","186,8","100,6","4997,6"
24. Bắc Quang,20,"112,9","91,9","137,7","323,2","922,6","1198,1","1184,5","906,7","576,1","583,1","251,2","124,8","5492,4"
24. Bắc Quang,10,"133,2","131,2","198,8","436,6","1167,8","1374,8","1376,7","1072,5","694,9","710,5","400,2","155,4","5933,3"
24. Bắc Quang,5,"150,6","148,6","219,4","515,3","1244,1","1670,1","1461,5","1160,1","826,6","955,3","426,2","185,1","6024,8"
25. Hà Giang,95,"8,7","5,3","7,5","34,6","139,7","215,8","277,8","191,3","101,8","22,8","6,8","5,7","1902,0"
25. Hà Giang,90,"12,6","7,9","11,0","53,4","152,7","230,2","308,0","214,9","113,5","49,1","10,7","9,9","2008,1"
25. Hà Giang,80,"18,0","13,4","15,8","59,8","171,3","319,0","390,5","261,1","134,8","65,5","26,2","14,1","2130,9"
25. Hà Giang,70,"21,0","17,4","26,1","70,5","189,9","341,9","445,8","318,5","166,0","106,1","40,0","17,4","2291,7"
25. Hà Giang,60,"27,4","27,3","32,7","77,0","235,6","362,3","480,6","360,3","187,0","123,8","48,6","24,7","2345,1"
25. Hà Giang,50,"31,9","30,0","49,8","94,8","251,7","413,9","511,7","387,5","231,0","134,0","62,2","28,1","2451,2"
25. Hà Giang,40,"46,1","33,4","62,2","108,1","274,1","449,0","565,3","418,0","257,5","152,5","83,2","36,2","2548,3"
25. Hà Giang,30,"54,2","43,9","78,0","120,9","332,8","496,9","643,3","475,1","297,1","183,0","96,1","50,3","2609,3"
25. Hà Giang,20,"61,3","64,6","93,0","144,1","391,0","537,5","682,6","528,7","339,0","226,4","150,3","62,2","2767,7"
25. Hà Giang,10,"71,6","90,4","150,8","166,3","472,0","649,4","780,0","669,7","405,9","272,2","190,0","85,8","3004,4"
25. Hà Giang,5,"79,6","94,9","191,2","250,2","593,5","685,7","886,8","724,0","441,4","344,5","201,2","103,5","3140,4"
26. Phố Ràng,95,"2,9","6,0","6,3","52,7","62,0","101,7","108,6","125,7","103,8","12,1","2,8","0,9","1261,8"
26. Phố Ràng,90,"4,1","6,9","9,3","56,2","88,5","106,2","123,5","153,4","109,5","29,2","3,4","1,8","1302,6"
26. Phố Ràng,80,"9,0","9,9","20,7","76,6","122,8","118,9","150,1","205,2","125,4","33,9","8,2","2,4","1425,3"
26. Phố Ràng,70,"18,8","16,1","27,6","89,4","142,2","130,1","183,1","285,9","165,5","52,2","26,0","3,7","1507,2"
26. Phố Ràng,60,"22,5","19,0","40,9","99,8","171,3","162,4","212,2","306,2","175,7","67,1","29,8","4,7","1549,0"
26. Phố Ràng,50,"27,6","26,1","58,2","111,7","198,6","192,7","238,3","342,2","203,0","89,7","37,4","9,7","1578,9"
26. Phố Ràng,40,"32,3","32,4","64,0","141,2","213,8","212,5","286,2","373,4","219,9","120,1","48,2","14,1","1651,3"
26. Phố Ràng,30,"38,4","36,3","70,8","163,8","230,6","235,5","298,4","394,5","237,4","142,7","64,4","26,7","1725,3"
26. Phố Ràng,20,"42,5","47,7","77,9","178,9","252,4","270,9","319,8","417,5","254,4","171,2","71,2","37,9","1815,8"
26. Phố Ràng,10,"59,9","74,0","125,0","194,3","278,3","323,5","362,1","484,0","310,3","195,7","82,5","46,5","1997,7"
26. Phố Ràng,5,"73,7","86,8","152,8","211,5","314,4","337,1","441,1","521,5","337,4","245,7","138,7","71,9","2085,2"
27. Bắc Hà,95,"2,1","3,0","13,1","48,9","64,4","123,0","145,2","212,2","92,9","33,2","6,6","1,9","1323,9"
27. Bắc Hà,90,"3,0","4,8","14,1","72,7","90,0","131,9","164,5","229,6","110,8","43,2","9,3","4,0","1378,8"
27. Bắc Hà,80,"5,5","9,7","16,8","79,1","112,9","155,8","200,3","244,8","138,0","51,9","17,3","5,6","1497,0"
27. Bắc Hà,70,"13,5","15,0","22,3","89,2","143,6","172,5","234,9","279,6","163,1","71,5","27,9","7,0","1549,3"
27. Bắc Hà,60,"22,4","17,9","30,8","104,3","164,2","195,5","243,3","305,9","179,0","91,8","38,6","11,3","1588,8"
27. Bắc Hà,50,"24,6","22,6","43,7","111,8","177,9","210,7","272,6","327,1","202,7","112,3","46,5","14,6","1640,4"
27. Bắc Hà,40,"29,0","28,7","58,7","127,2","197,4","236,7","294,3","353,5","232,0","125,7","55,3","18,0","1728,8"
27. Bắc Hà,30,"34,1","34,5","69,9","138,9","230,4","259,1","319,4","375,7","255,6","148,7","69,3","26,5","1842,0"
27. Bắc Hà,20,"40,1","50,7","96,6","163,0","248,1","318,6","361,7","457,8","278,0","180,0","96,7","33,0","1947,9"
27. Bắc Hà,10,"51,2","68,9","118,8","183,4","280,4","380,0","392,5","491,4","314,5","202,1","111,6","68,4","2052,5"
27. Bắc Hà,5,"63,2","77,7","132,7","198,8","306,2","395,2","418,5","533,2","367,1","232,6","156,6","79,3","2114,2"
28. Sa Pa,95,"16,2","16,8","26,3","123,7","143,6","222,6","247,9","217,6","147,4","59,1","16,6","12,0","2251,3"
28. Sa Pa,90,"17,9","26,7","30,8","139,4","184,7","247,9","301,4","249,3","157,3","75,1","26,2","12,9","2381,8"
28. Sa Pa,80,"24,2","34,0","40,3","161,0","234,3","287,0","340,6","282,0","190,0","90,5","39,1","20,1","2443,4"
28. Sa Pa,70,"35,2","42,9","62,2","181,7","263,9","321,7","388,2","344,9","221,8","130,0","50,4","21,7","2519,7"
28. Sa Pa,60,"45,9","54,9","72,0","192,8","298,7","339,2","418,3","395,1","258,0","154,4","73,9","28,9","2587,0"
28. Sa Pa,50,"61,6","63,8","86,4","207,1","322,0","355,0","469,0","430,9","285,8","190,7","78,5","40,2","2714,2"
28. Sa Pa,40,"74,2","68,2","92,1","220,2","359,8","380,6","497,3","471,0","309,7","215,0","101,6","48,9","2844,7"
28. Sa Pa,30,"91,2","87,1","134,8","236,5","381,1","390,6","532,3","539,4","329,0","236,8","123,7","73,0","2943,8"
28. Sa Pa,20,"111,9","110,7","148,4","257,8","440,2","428,1","559,0","647,5","376,5","296,3","159,5","98,8","3162,1"
28. Sa Pa,10,"131,4","137,3","212,4","290,5","509,7","566,6","582,5","685,2","526,2","373,2","195,3","168,2","3316,5"
28. Sa Pa,5,"164,0","159,8","226,8","341,6","569,7","636,3","664,1","726,7","548,2","390,9","287,4","189,3","3472,5"
29. Mù Căng Chải 30. Văn Chấn,95,"0,3","3,9","4,7","52,8","99,0","188,8","236,4","146,8","53,1","12,5","0,1","0,0","1406,0"
29. Mù Căng Chải 30. Văn Chấn,90,"1,1","5,4","9,9","62,7","109,2","214,6","246,7","159,0","69,2","18,5","2,8","0,0","1429,7"
29. Mù Căng Chải 30. Văn Chấn,80,"5,3","7,4","18,6","91,6","123,1","241,4","269,2","194,7","89,4","25,0","4,6","0,4","1576,6"
29. Mù Căng Chải 30. Văn Chấn,70,"10,4","13,7","31,7","103,3","160,6","272,0","330,8","234,6","96,7","35,5","7,9","2,9","1619,9"
29. Mù Căng Chải 30. Văn Chấn,60,"16,3","16,8","42,4","111,6","199,1","302,8","355,1","272,6","110,7","44,2","11,3","4,0","1712,9"
29. Mù Căng Chải 30. Văn Chấn,50,"27,2","18,3","48,5","127,1","209,4","329,1","365,5","335,0","121,6","55,5","22,0","8,1","1792,8"
29. Mù Căng Chải 30. Văn Chấn,40,"31,0","30,0","61,3","134,2","227,0","343,9","402,8","345,6","144,2","69,2","29,4","18,2","1828,4"
29. Mù Căng Chải 30. Văn Chấn,30,"34,9","39,6","76,4","158,1","250,6","370,1","444,9","377,9","163,7","77,4","48,8","24,2","1900,2"
29. Mù Căng Chải 30. Văn Chấn,20,"42,7","62,4","93,0","169,4","278,9","417,0","493,0","425,0","181,0","100,2","65,5","41,6","1984,6"
29. Mù Căng Chải 30. Văn Chấn,10,"61,0","70,9","146,6","192,3","341,5","511,7","535,6","461,4","208,5","126,2","98,4","66,1","2021,7"
29. Mù Căng Chải 30. Văn Chấn,5,"71,7","87,6","155,7","214,4","376,2","583,2","555,5","485,5","219,2","151,5","118,5","96,8","2089,4"
29. Mù Căng Chải 30. Văn Chấn,95,"0,7","1,2","5,4","39,6","65,1","86,1","99,9","119,9","111,9","18,9","1,3","0,5","1112,8"
29. Mù Căng Chải 30. Văn Chấn,90,"1,0","2,4","9,0","48,9","75,6","96,7","118,9","147,0","129,0","33,1","3,0","0,6","1185,3"
29. Mù Căng Chải 30. Văn Chấn,80,"3,2","4,2","17,4","64,7","90,3","135,2","138,9","182,6","149,9","54,5","9,4","1,7","1295,5"
29. Mù Căng Chải 30. Văn Chấn,70,"6,8","7,4","24,2","70,5","102,6","161,3","160,2","225,8","179,0","70,1","15,4","2,3","1392,6"
29. Mù Căng Chải 30. Văn Chấn,60,"10,9","10,4","27,1","78,6","126,5","180,2","190,1","258,0","188,7","82,6","24,5","3,3","1434,3"
29. Mù Căng Chải 30. Văn Chấn,50,"13,2","13,8","31,0","84,0","137,2","200,8","213,9","302,5","204,7","102,5","30,9","5,3","1487,4"
29. Mù Căng Chải 30. Văn Chấn,40,"15,7","17,7","35,0","88,8","151,5","223,6","238,9","339,2","227,5","127,6","34,4","14,9","1520,8"
29. Mù Căng Chải 30. Văn Chấn,30,"19,5","23,1","49,0","94,3","178,9","255,5","260,5","386,7","264,4","162,9","43,1","25,2","1619,2"
29. Mù Căng Chải 30. Văn Chấn,20,"30,7","32,7","77,6","120,5","203,4","281,7","305,2","427,8","300,8","204,2","55,6","33,6","1712,8"
29. Mù Căng Chải 30. Văn Chấn,10,"47,7","50,7","96,3","143,7","244,0","349,0","372,3","476,4","415,8","301,4","81,0","50,4","1826,1"
29. Mù Căng Chải 30. Văn Chấn,5,"69,8","60,4","110,4","176,7","299,8","381,9","409,7","513,2","442,7","350,1","124,1","62,3","1955,3"
31. Lục Yên,95,"3,5","6,0","16,2","59,7","60,2","100,3","164,6","160,2","94,4","34,6","7,8","1,5","1432,0"
31. Lục Yên,90,"8,9","9,8","21,3","65,5","92,7","138,5","191,8","208,3","127,2","41,2","10,6","3,2","1621,4"
31. Lục Yên,80,"15,7","14,7","31,3","82,0","134,1","186,9","216,0","279,0","162,4","54,6","14,3","5,3","1708,8"
31. Lục Yên,70,"18,2","24,0","38,4","89,0","169,3","221,8","250,1","324,6","187,9","80,4","24,5","9,7","1770,4"
31. Lục Yên,60,"22,0","26,2","43,6","114,2","180,1","244,1","277,3","354,0","218,9","99,6","31,3","14,2","1869,1"
31. Lục Yên,50,"29,2","32,7","46,3","125,9","196,4","282,0","308,3","377,0","245,8","120,7","46,0","21,2","1996,7"
31. Lục Yên,40,"36,0","39,0","57,5","140,3","223,3","292,0","326,2","454,4","287,2","152,3","52,4","28,7","2063,2"
31. Lục Yên,30,"44,3","47,3","84,1","162,2","246,3","314,9","388,3","501,4","325,0","173,6","70,6","37,3","2124,0"
31. Lục Yên,20,"49,9","56,3","115,1","182,0","277,7","335,1","459,0","565,0","350,0","199,9","95,3","50,3","2328,0"
31. Lục Yên,10,"64,0","72,9","149,2","214,0","343,4","406,3","523,5","606,7","401,1","257,1","135,9","80,9","2488,4"
31. Lục Yên,5,"82,1","87,5","173,5","221,7","383,9","465,1","565,5","688,8","434,6","299,7","169,1","87,1","2549,8"
32. Yên Bái,95,"10,1","13,1","27,6","55,1","87,6","81,7","133,4","129,0","87,7","33,9","6,8","2,2","1405,4"
32. Yên Bái,90,"12,8","16,0","33,1","59,5","100,1","90,8","159,3","214,3","133,2","42,4","8,0","4,5","1481,4"
32. Yên Bái,80,"17,6","22,6","40,4","78,5","140,9","163,3","189,3","255,4","148,1","74,5","13,2","7,0","1594,3"
32. Yên Bái,70,"21,0","26,1","49,6","89,2","167,5","181,8","240,0","272,8","186,3","90,4","24,9","10,0","1756,2"
32. Yên Bái,60,"25,4","30,6","57,8","109,9","185,1","210,3","262,8","318,8","215,8","115,6","34,7","15,0","1867,1"
32. Yên Bái,50,"30,5","37,4","61,7","117,2","208,0","231,6","278,0","354,0","241,8","136,5","45,3","25,4","1980,0"
32. Yên Bái,40,"36,5","43,9","70,5","134,2","225,7","275,9","327,0","373,4","314,0","172,2","61,4","31,0","2045,8"
32. Yên Bái,30,"41,3","51,4","83,7","140,9","250,4","300,9","354,0","407,5","353,4","205,3","83,4","42,9","2142,8"
32. Yên Bái,20,"46,5","58,2","107,7","158,8","297,0","371,8","411,9","458,0","375,4","258,5","110,2","53,0","2305,3"
32. Yên Bái,10,"68,3","63,3","122,6","194,5","362,0","458,3","462,1","551,7","428,5","327,7","143,1","61,9","2413,6"
32. Yên Bái,5,"87,1","85,4","138,7","220,2","403,2","494,0","554,4","661,8","506,5","357,8","165,5","70,5","2469,1"
33. Hàm Yên,95,"5,5","7,3","13,6","43,0","100,4","104,2","146,5","91,5","63,7","18,8","2,7","1,1","1395,6"
33. Hàm Yên,90,"6,5","11,1","21,2","47,7","145,3","169,2","187,8","195,0","82,1","29,5","4,4","1,8","1477,4"
33. Hàm Yên,80,"12,5","15,8","26,6","70,2","162,1","198,7","242,5","213,0","117,8","49,8","9,4","4,1","1593,6"
33. Hàm Yên,70,"18,2","19,7","32,4","88,6","192,1","219,4","279,1","248,7","142,6","64,2","16,5","6,1","1640,9"
33. Hàm Yên,60,"20,1","22,8","36,7","103,6","207,4","235,7","298,1","286,7","165,0","83,6","23,4","9,0","1723,1"
33. Hàm Yên,50,"23,8","28,0","43,6","113,0","214,8","263,7","311,0","316,3","194,5","102,1","34,6","13,5","1809,6"
33. Hàm Yên,40,"28,3","31,5","49,7","130,0","246,7","302,8","355,7","353,7","214,6","130,5","44,1","23,1","1865,2"
33. Hàm Yên,30,"38,3","37,2","62,0","155,6","271,2","357,2","412,3","390,8","253,8","146,3","60,8","38,1","1909,7"
33. Hàm Yên,20,"44,6","51,6","88,2","172,3","290,5","383,9","465,5","403,9","268,2","171,5","74,0","49,8","2065,1"
33. Hàm Yên,10,"56,5","61,6","121,4","189,8","355,8","445,8","518,1","459,9","314,6","219,0","121,8","63,2","2226,5"
33. Hàm Yên,5,"84,9","95,0","155,0","227,4","370,8","472,3","546,3","516,1","341,1","263,9","131,8","95,4","2341,2"
34. Tuyên Quang,95,"3,2","5,6","11,7","28,6","110,9","115,1","137,0","144,2","80,2","10,9","1,8","0,9","1299,1"
34. Tuyên Quang,90,"6,1","6,5","13,9","43,9","115,9","142,7","146,1","166,1","90,7","23,5","3,8","1,9","1342,2"
34. Tuyên Quang,80,"10,4","9,5","19,5","63,4","147,7","162,6","182,4","195,1","116,4","32,7","10,6","2,7","1456,0"
34. Tuyên Quang,70,"14,4","14,0","25,1","78,8","163,5","179,0","217,4","228,0","135,3","51,7","14,1","4,3","1496,7"
34. Tuyên Quang,60,"17,3","17,4","33,5","86,1","196,1","202,0","245,6","268,1","148,2","87,8","21,2","6,1","1538,2"
34. Tuyên Quang,50,"20,1","20,6","39,2","101,1","216,6","231,5","271,2","297,7","166,1","119,2","28,8","8,0","1595,7"
34. Tuyên Quang,40,"23,2","26,9","48,0","118,5","248,5","263,8","301,3","317,4","177,8","136,5","45,1","22,2","1695,6"
34. Tuyên Quang,30,"31,4","33,9","62,5","125,7","265,2","305,2","328,9","363,3","208,1","155,2","66,5","28,6","1750,2"
34. Tuyên Quang,20,"39,1","43,5","86,6","162,5","288,7","362,6","368,3","400,5","254,0","175,8","80,7","38,4","1889,5"
34. Tuyên Quang,10,"51,4","53,1","109,7","221,5","314,6","426,8","455,6","454,9","279,1","244,4","121,7","50,0","2040,2"
34. Tuyên Quang,5,"63,8","78,0","131,1","247,3","351,2","469,7","502,8","483,6","294,1","267,3","145,9","55,9","2187,2"
35. Chiêm Hóa,95,"3,7","5,9","7,6","29,3","94,4","122,3","134,9","142,9","65,7","8,8","2,9","1,3","1309,3"
35. Chiêm Hóa,90,"5,0","7,8","13,9","47,6","128,4","142,6","167,3","154,6","79,8","13,4","4,9","2,6","1329,6"
35. Chiêm Hóa,80,"10,5","11,2","21,2","60,8","150,3","184,1","199,5","198,8","99,0","33,4","10,6","5,3","1415,9"
35. Chiêm Hóa,70,"14,7","14,0","24,7","82,2","174,1","216,9","235,2","232,0","107,1","52,9","14,7","6,8","1512,9"
35. Chiêm Hóa,60,"17,4","17,6","29,0","95,8","195,7","231,7","247,3","250,8","131,4","74,4","24,5","8,9","1575,8"
35. Chiêm Hóa,50,"24,2","20,6","37,0","110,4","221,3","258,0","265,1","271,2","138,0","92,6","34,6","12,9","1625,9"
35. Chiêm Hóa,40,"29,9","24,0","47,6","127,0","249,2","263,6","298,2","312,1","170,1","111,4","45,4","27,7","1708,8"
35. Chiêm Hóa,30,"38,1","33,0","61,4","149,3","280,0","342,5","349,1","338,5","188,9","132,5","61,0","31,2","1810,0"
35. Chiêm Hóa,20,"40,3","47,4","89,4","175,6","322,9","404,3","383,6","384,7","221,6","148,0","86,5","41,3","1910,6"
35. Chiêm Hóa,10,"51,8","60,6","128,3","201,6","352,3","430,4","420,8","432,0","260,0","175,7","126,6","64,3","2036,6"
35. Chiêm Hóa,5,"61,9","86,1","143,4","231,9","385,4","462,9","457,9","472,8","321,0","223,3","143,4","81,8","2169,5"
36. Chợ Rã,95,"1,3","2,5","3,0","21,0","82,1","116,9","129,3","133,0","57,5","6,1","1,2","0,5","1053,1"
36. Chợ Rã,90,"1,9","3,3","4,1","27,0","95,4","141,3","135,2","138,0","61,9","9,2","2,4","0,7","1089,4"
36. Chợ Rã,80,"2,8","5,2","7,7","50,0","107,9","161,7","184,2","158,5","81,9","28,9","9,9","2,5","1164,6"
36. Chợ Rã,70,"5,2","8,9","12,4","56,3","118,6","178,3","189,7","176,3","87,9","38,6","14,4","3,7","1207,4"
36. Chợ Rã,60,"11,1","11,3","16,4","72,9","158,0","199,0","214,9","197,4","97,0","51,4","23,0","4,7","1313,5"
36. Chợ Rã,50,"17,4","14,1","24,4","84,5","169,3","213,3","243,6","218,0","120,6","71,7","30,4","7,4","1337,0"
36. Chợ Rã,40,"22,8","16,1","35,3","97,9","194,0","236,7","259,7","248,3","135,1","85,8","36,3","15,2","1364,5"
36. Chợ Rã,30,"28,2","24,5","47,3","115,6","223,5","258,4","295,1","262,2","144,0","99,6","57,7","28,6","1419,5"
36. Chợ Rã,20,"37,9","32,0","66,6","144,0","250,2","285,2","341,9","309,0","162,0","109,7","74,4","38,4","1546,6"
36. Chợ Rã,10,"51,4","49,4","113,3","169,1","284,8","331,6","379,6","367,0","212,5","155,9","101,3","54,1","1728,8"
36. Chợ Rã,5,"58,6","58,2","150,3","182,3","298,0","368,6","484,8","421,2","239,9","179,7","111,0","72,6","1778,8"
37. Ngân Sơn,95,"3,1","3,8","9,0","24,3","80,2","101,8","162,6","145,1","45,6","6,1","1,3","0,1","1248,6"
37. Ngân Sơn,90,"6,1","6,4","12,4","30,1","99,9","150,0","191,1","155,1","74,4","22,5","3,3","1,1","1319,1"
37. Ngân Sơn,80,"9,4","14,0","18,5","55,7","125,2","192,9","242,9","179,0","96,8","39,7","12,6","4,1","1425,9"
37. Ngân Sơn,70,"13,8","15,6","21,7","65,9","144,0","204,1","255,3","214,3","117,2","53,4","18,1","6,9","1493,6"
37. Ngân Sơn,60,"19,3","18,0","29,5","68,0","166,2","247,0","297,0","242,7","135,1","59,8","27,2","8,1","1558,2"
37. Ngân Sơn,50,"24,9","24,6","38,0","90,8","183,0","274,9","324,9","275,0","155,0","77,6","42,0","13,1","1594,1"
37. Ngân Sơn,40,"31,1","29,0","44,5","110,5","226,2","289,0","359,5","310,4","173,7","86,8","49,6","23,6","1681,6"
37. Ngân Sơn,30,"38,3","34,9","63,9","118,2","266,5","317,8","394,2","344,6","181,4","96,1","72,8","33,8","1815,0"
37. Ngân Sơn,20,"49,4","44,3","78,5","148,5","304,6","356,6","417,0","381,4","220,2","118,6","91,5","45,8","1905,5"
37. Ngân Sơn,10,"63,5","57,4","115,8","194,1","391,2","417,4","456,2","471,0","257,7","165,6","114,7","79,9","2006,8"
37. Ngân Sơn,5,"75,2","77,8","191,3","224,1","411,4","453,8","497,6","510,6","297,5","199,4","172,9","93,8","2392,7"
38. Bắc Kạn,95,"2,0","2,3","8,3","27,2","68,3","113,6","143,7","119,8","57,9","3,0","0,5","0,8","1143,4"
38. Bắc Kạn,90,"2,3","3,5","11,3","35,8","83,9","134,4","166,8","133,7","70,2","8,3","1,0","1,6","1239,2"
38. Bắc Kạn,80,"4,3","6,5","17,2","47,9","109,4","155,8","199,5","179,0","78,8","21,8","5,7","2,5","1303,6"
38. Bắc Kạn,70,"8,6","11,9","20,2","67,9","137,6","185,4","228,9","200,7","105,1","29,9","9,9","3,2","1338,3"
38. Bắc Kạn,60,"12,1","14,0","27,7","79,5","157,3","217,2","263,2","226,2","122,5","40,8","21,0","4,8","1413,8"
38. Bắc Kạn,50,"18,3","16,6","30,4","89,9","170,7","237,9","276,3","275,3","139,5","68,9","26,2","8,2","1448,9"
38. Bắc Kạn,40,"22,9","21,0","47,4","102,1","198,8","269,8","310,7","295,4","151,3","81,9","42,9","21,3","1492,5"
38. Bắc Kạn,30,"35,2","36,7","65,7","133,2","214,1","302,6","330,0","332,4","177,4","106,5","51,0","28,2","1607,9"
38. Bắc Kạn,20,"40,4","43,3","76,9","155,7","227,9","346,9","358,3","356,6","203,9","129,8","65,9","38,6","1697,8"
38. Bắc Kạn,10,"50,9","59,4","105,9","179,5","307,8","375,2","431,7","415,0","237,8","158,7","107,6","52,1","1844,1"
38. Bắc Kạn,5,"55,3","71,2","128,0","202,1","337,1","442,1","468,5","449,5","247,2","163,3","120,4","64,5","1927,8"
39. Định Hoá,95,"2,0","3,3","19,5","38,0","86,5","121,0","136,8","94,6","67,0","9,8","1,5","0,4","1183,1"
39. Định Hoá,90,"3,2","6,3","21,7","44,1","103,5","123,8","153,0","134,0","79,5","21,5","2,1","0,9","1228,5"
39. Định Hoá,80,"7,4","9,5","28,1","56,7","114,5","159,2","185,3","186,1","104,2","33,4","5,3","2,1","1390,9"
39. Định Hoá,70,"9,7","13,2","31,8","67,4","150,4","184,2","229,6","239,5","123,9","42,6","8,8","4,7","1505,2"
39. Định Hoá,60,"13,7","16,5","38,5","82,9","166,5","214,7","269,1","272,4","140,0","62,2","12,4","6,5","1542,0"
39. Định Hoá,50,"18,1","20,1","44,1","95,3","176,3","239,6","313,7","285,9","153,5","88,3","25,1","8,7","1616,2"
39. Định Hoá,40,"22,5","23,7","52,8","102,1","217,6","284,6","336,2","296,7","179,0","117,5","38,4","19,2","1684,4"
39. Định Hoá,30,"28,8","35,4","64,1","118,1","250,4","306,9","377,2","346,5","207,1","126,2","56,1","24,2","1827,0"
39. Định Hoá,20,"35,6","47,9","89,6","145,7","278,7","334,9","440,9","409,7","251,0","134,7","62,9","33,9","1914,3"
39. Định Hoá,10,"53,0","61,0","103,7","163,6","363,0","428,5","487,5","525,5","285,9","183,2","105,0","50,9","2064,2"
39. Định Hoá,5,"66,2","75,4","130,7","187,6","410,4","450,3","649,5","600,1","344,6","251,0","121,7","60,4","2196,9"
40. Thái Nguyên,95,"2,7","6,5","18,4","30,8","94,0","132,1","176,8","119,1","83,7","8,8","2,4","0,4","1390,0"
40. Thái Nguyên,90,"4,4","10,0","20,5","32,5","121,5","142,5","206,6","173,1","100,8","30,6","5,2","0,8","1493,6"
40. Thái Nguyên,80,"7,7","13,4","27,3","46,0","150,5","185,0","240,0","201,0","137,3","51,6","8,6","4,4","1660,0"
40. Thái Nguyên,70,"11,0","16,1","33,8","65,1","179,5","222,6","279,1","238,2","160,2","66,1","13,7","5,8","1747,0"
40. Thái Nguyên,60,"13,9","18,7","41,6","90,2","198,0","233,5","332,6","282,4","185,6","83,1","23,6","8,4","1804,7"
40. Thái Nguyên,50,"18,2","23,1","53,0","103,7","226,0","241,7","389,3","322,7","215,9","116,3","32,5","13,1","1886,8"
40. Thái Nguyên,40,"23,8","30,2","59,7","125,1","245,0","303,6","442,0","365,3","239,0","132,8","44,8","21,2","2040,4"
40. Thái Nguyên,30,"31,0","38,8","74,4","135,6","268,4","344,7","484,2","398,0","275,6","158,1","59,2","32,1","2129,0"
40. Thái Nguyên,20,"47,2","46,5","86,5","151,4","311,7","468,1","529,4","443,2","314,0","187,1","89,1","42,5","2199,3"
40. Thái Nguyên,10,"61,7","57,3","93,4","175,7","381,8","510,4","615,6","566,7","377,1","234,3","111,8","63,2","2327,8"
40. Thái Nguyên,5,"82,4","71,2","125,0","219,7","440,4","590,6","648,0","618,4","405,6","288,1","185,6","75,1","2625,5"
41. Minh Đài,95,"8,5","9,1","17,5","29,3","105,2","81,5","101,1","96,4","59,3","19,4","1,8","4,2","1251,2"
41. Minh Đài,90,"12,5","16,2","20,6","34,7","121,8","112,1","127,2","124,0","89,9","37,7","5,6","5,0","1362,5"
41. Minh Đài,80,"16,8","18,1","27,7","56,9","163,4","134,3","170,8","212,6","154,3","59,8","12,0","6,6","1513,6"
41. Minh Đài,70,"20,4","21,6","34,2","65,7","176,1","176,5","223,4","242,1","171,9","78,2","19,4","11,4","1556,3"
41. Minh Đài,60,"21,6","23,9","38,1","77,3","191,7","209,8","260,1","269,2","179,9","91,8","31,4","13,3","1615,7"
41. Minh Đài,50,"28,1","29,6","43,7","86,0","216,9","239,8","287,1","307,2","195,6","112,7","44,5","19,8","1683,9"
41. Minh Đài,40,"32,9","34,6","49,3","109,2","239,8","249,9","302,9","339,6","230,2","137,6","55,9","22,8","1751,5"
41. Minh Đài,30,"45,5","38,0","64,4","133,2","256,6","272,2","333,3","382,6","253,5","161,1","75,2","29,0","1809,1"
41. Minh Đài,20,"51,3","47,0","81,4","140,9","264,1","308,2","356,4","419,6","302,4","252,2","87,0","39,5","1966,9"
41. Minh Đài,10,"69,2","68,4","106,4","175,5","294,2","361,2","385,0","483,9","416,1","334,2","107,6","64,9","2155,2"
41. Minh Đài,5,"87,9","85,7","126,4","194,5","310,0","445,8","404,5","535,6","505,3","351,7","124,0","70,6","2241,9"
42. Phú Hộ,95,"6,5","11,8","16,9","32,0","94,4","101,1","102,9","90,4","73,5","10,8","6,4","2,8","1178,2"
42. Phú Hộ,90,"12,4","13,5","20,3","38,9","104,9","116,4","124,6","121,7","89,9","28,6","8,9","3,6","1230,9"
42. Phú Hộ,80,"16,2","18,5","28,4","58,4","135,4","149,7","159,9","160,8","112,5","45,2","13,2","5,3","1371,9"
42. Phú Hộ,70,"19,1","21,6","32,4","72,4","158,9","174,3","198,6","219,7","134,9","57,9","23,4","5,6","1485,7"
42. Phú Hộ,60,"24,3","26,1","36,7","88,8","172,5","201,0","216,6","262,6","152,6","96,6","35,4","15,0","1597,0"
42. Phú Hộ,50,"27,7","32,2","43,1","92,0","184,6","226,5","231,1","299,9","176,2","131,6","46,1","18,1","1640,3"
42. Phú Hộ,40,"32,0","35,1","55,8","117,8","199,9","282,3","265,4","326,0","216,4","153,5","63,0","29,5","1673,5"
42. Phú Hộ,30,"42,6","39,8","60,2","128,0","240,5","313,3","299,7","354,1","240,6","177,9","68,4","35,7","1781,0"
42. Phú Hộ,20,"54,1","50,9","80,4","153,3","279,4","328,6","356,1","397,1","280,5","219,1","83,6","41,1","1877,5"
42. Phú Hộ,10,"77,8","55,9","106,4","187,9","355,8","359,0","383,5","459,6","344,0","293,1","132,0","58,1","2017,3"
42. Phú Hộ,5,"89,9","67,4","129,4","206,6","414,8","390,5","455,4","475,4","381,4","310,9","175,5","76,4","2292,5"
43. Việt Trì,95,"7,2","8,2","11,6","29,7","59,3","114,0","123,7","91,0","54,9","12,8","2,6","1,0","1155,5"
43. Việt Trì,90,"10,9","9,1","14,2","36,6","85,5","135,5","136,6","117,2","69,3","27,8","4,6","2,1","1204,7"
43. Việt Trì,80,"13,4","13,2","17,4","45,2","110,1","151,9","169,3","186,5","96,9","51,6","10,4","4,1","1286,6"
43. Việt Trì,70,"15,2","17,8","22,2","54,7","125,9","166,1","184,7","226,9","138,6","71,4","19,2","5,5","1395,4"
43. Việt Trì,60,"17,4","19,8","29,9","72,7","157,4","204,8","215,7","255,8","158,2","94,6","31,6","9,0","1485,3"
43. Việt Trì,50,"21,5","21,6","35,7","81,6","184,4","236,1","234,4","268,9","182,5","116,3","35,2","15,3","1567,8"
43. Việt Trì,40,"25,6","29,4","44,1","93,0","208,6","270,9","264,6","306,5","207,2","147,1","47,7","20,4","1636,9"
43. Việt Trì,30,"28,9","32,3","54,2","127,7","222,5","311,8","314,1","350,4","234,7","177,8","58,6","28,2","1766,2"
43. Việt Trì,20,"43,2","47,3","61,7","140,7","248,9","321,1","346,6","390,5","258,8","203,1","73,5","43,0","1828,2"
43. Việt Trì,10,"59,2","57,8","97,9","167,8","297,0","379,1","399,4","472,4","320,5","241,0","126,5","48,3","1989,8"
43. Việt Trì,5,"86,2","70,9","123,9","186,3","332,0","442,7","460,7","563,6","381,0","308,3","169,2","62,4","2087,9"
44. Tam Đảo,95,"8,2","13,9","22,8","53,2","104,2","167,3","219,3","163,7","119,5","21,4","5,7","3,6","1816,0"
44. Tam Đảo,90,"11,1","16,4","26,6","69,5","121,3","179,2","253,3","187,5","136,9","38,4","17,0","5,3","1917,5"
44. Tam Đảo,80,"17,5","23,1","38,9","83,5","158,7","220,3","279,7","264,8","187,8","84,5","24,7","8,7","2041,9"
44. Tam Đảo,70,"22,6","28,7","52,7","99,0","177,0","257,2","297,4","379,4","237,0","112,6","40,4","14,6","2174,1"
44. Tam Đảo,60,"26,4","33,9","61,3","118,9","203,7","277,3","346,1","407,9","285,3","145,0","57,0","20,9","2298,3"
44. Tam Đảo,50,"30,4","47,6","69,8","133,9","235,8","302,5","409,7","453,9","315,9","170,5","69,2","26,8","2474,0"
44. Tam Đảo,40,"37,1","52,4","80,3","143,0","253,4","333,4","461,6","496,1","342,2","197,7","81,1","35,9","2559,2"
44. Tam Đảo,30,"45,2","64,1","96,8","165,4","271,9","396,8","517,3","566,3","381,5","262,1","99,5","41,6","2632,6"
44. Tam Đảo,20,"54,3","70,1","116,2","189,4","316,4","498,4","559,6","603,2","439,2","334,4","119,1","50,0","2770,4"
44. Tam Đảo,10,"62,2","76,2","150,5","239,0","366,4","620,4","709,8","689,3","519,4","374,7","198,1","71,8","2988,5"
44. Tam Đảo,5,"68,9","82,8","181,4","259,2","387,5","672,5","816,7","747,2","572,8","439,8","244,7","113,4","3058,2"
45. Vĩnh Yên,95,"2,9","5,3","9,4","27,5","68,8","124,5","137,1","88,2","66,9","9,7","3,0","0,3","1148,6"
45. Vĩnh Yên,90,"5,4","6,5","11,3","30,1","80,7","132,3","151,1","139,8","72,5","30,6","5,4","0,9","1184,2"
45. Vĩnh Yên,80,"7,7","9,0","16,4","41,6","100,5","154,2","177,6","194,7","83,0","53,1","9,4","2,9","1308,1"
45. Vĩnh Yên,70,"11,1","10,8","19,5","54,4","121,4","165,1","196,9","223,0","114,6","69,3","22,5","4,7","1404,6"
45. Vĩnh Yên,60,"13,8","12,8","26,7","63,0","129,2","185,5","223,3","261,5","147,3","96,2","26,3","8,0","1465,6"
45. Vĩnh Yên,50,"15,4","16,8","30,9","78,0","148,1","205,2","247,5","294,1","178,4","114,2","34,0","9,7","1559,5"
45. Vĩnh Yên,40,"21,4","23,2","37,6","93,6","173,3","258,6","282,5","330,1","205,6","125,6","45,4","16,4","1631,5"
45. Vĩnh Yên,30,"27,0","29,6","48,2","131,0","219,2","279,0","316,1","350,0","233,5","146,9","55,0","25,9","1676,9"
45. Vĩnh Yên,20,"43,5","33,6","56,1","139,0","249,6","326,7","345,8","413,7","271,9","180,2","90,0","39,5","1761,9"
45. Vĩnh Yên,10,"57,6","41,4","97,6","183,1","297,4","400,7","443,7","459,0","319,8","235,9","112,5","46,1","1995,0"
45. Vĩnh Yên,5,"71,6","54,2","122,0","202,6","313,0","477,0","486,4","565,4","358,1","269,4","166,1","54,8","2155,3"
46. Bảo Lạc,95,"0,6","0,0","0,2","23,0","65,4","115,5","133,3","66,6","46,6","6,0","1,4","0,0","922,7"
46. Bảo Lạc,90,"2,9","0,8","2,1","27,8","88,7","125,3","148,4","93,8","54,9","14,5","3,2","1,2","981,0"
46. Bảo Lạc,80,"6,2","4,1","5,1","36,0","102,4","142,0","165,8","124,6","63,6","30,2","11,6","3,0","1047,6"
46. Bảo Lạc,70,"9,9","7,7","10,3","46,1","117,5","161,5","194,5","149,5","78,2","40,7","19,0","5,2","1120,1"
46. Bảo Lạc,60,"13,9","11,2","14,9","57,6","130,1","183,5","219,0","193,9","85,6","49,9","24,8","9,6","1187,4"
46. Bảo Lạc,50,"18,5","15,5","22,0","67,2","140,7","210,0","233,0","215,9","97,6","67,9","29,3","13,2","1219,8"
46. Bảo Lạc,40,"22,8","20,2","31,9","75,6","159,4","240,7","252,8","226,9","111,8","82,4","36,4","18,5","1291,6"
46. Bảo Lạc,30,"33,1","25,0","52,0","83,9","181,5","259,9","271,1","248,3","128,0","99,1","46,8","26,2","1330,2"
46. Bảo Lạc,20,"40,2","36,9","78,0","96,9","209,0","279,7","293,1","285,8","142,8","115,0","58,2","39,1","1422,9"
46. Bảo Lạc,10,"50,0","63,6","115,0","131,2","247,3","297,1","347,4","327,1","165,9","134,6","113,7","71,1","1500,8"
46. Bảo Lạc,5,"63,2","76,8","171,6","156,1","317,3","347,5","387,1","363,7","177,9","145,0","126,6","86,5","1534,8"
47. Nguyên Bình,95,"7,5","6,6","10,5","24,8","72,0","152,6","176,9","88,1","63,7","5,6","2,0","1,7","1352,8"
47. Nguyên Bình,90,"12,4","8,7","12,9","34,3","93,9","174,6","197,0","123,4","89,3","26,3","4,5","3,2","1485,0"
47. Nguyên Bình,80,"17,0","13,0","14,7","53,5","109,1","222,7","215,7","193,7","121,9","48,7","10,9","10,3","1516,5"
47. Nguyên Bình,70,"23,8","19,2","20,9","64,4","153,1","257,3","232,3","253,0","132,6","72,6","22,9","13,6","1573,3"
47. Nguyên Bình,60,"26,7","26,9","25,6","72,0","197,0","279,6","262,3","289,8","155,4","85,5","35,6","20,9","1683,8"
47. Nguyên Bình,50,"38,1","30,3","37,2","82,1","212,8","297,3","299,1","313,6","188,8","101,4","43,7","25,9","1713,4"
47. Nguyên Bình,40,"45,3","34,9","47,3","95,6","228,9","326,5","334,4","351,8","224,5","121,5","61,3","37,5","1782,7"
47. Nguyên Bình,30,"57,1","49,2","63,8","106,4","241,1","342,0","359,7","369,6","265,5","133,8","79,6","48,5","1881,5"
47. Nguyên Bình,20,"64,4","56,1","84,4","128,4","298,4","357,2","377,7","405,9","295,2","164,3","99,8","65,9","2034,0"
47. Nguyên Bình,10,"80,5","67,1","148,5","161,4","337,1","412,2","454,0","502,5","339,2","181,6","144,4","73,5","2173,3"
47. Nguyên Bình,5,"94,7","97,3","194,7","183,3","364,6","428,1","540,0","508,8","353,0","203,3","153,6","85,1","2239,2"
48. Trùng Khánh,95,"5,2","7,6","9,9","19,2","78,6","122,8","176,9","136,0","43,8","13,0","2,7","0,4","1278,7"
48. Trùng Khánh,90,"6,8","10,1","13,6","36,6","105,0","155,6","187,8","165,6","51,8","15,9","4,7","1,5","1337,0"
48. Trùng Khánh,80,"14,3","17,6","52,8","132,5","202,4","216,0","204,8","82,3","34,4","13,2","5,8","1440,8",
48. Trùng Khánh,70,"18,9","19,6","25,5","63,0","159,3","235,7","231,8","234,4","91,0","54,5","21,2","7,2","1560,7"
48. Trùng Khánh,60,"23,3","25,9","34,9","78,5","181,9","252,1","256,9","254,0","106,1","69,7","36,9","13,5","1601,3"
48. Trùng Khánh,50,"30,5","32,0","43,6","84,7","195,0","271,0","290,8","267,3","127,7","79,6","43,9","26,0","1615,7"
48. Trùng Khánh,40,"45,4","39,7","53,4","96,9","228,2","320,6","310,6","299,7","151,8","100,5","56,0","36,8","1708,8"
48. Trùng Khánh,30,"56,6","44,9","62,8","118,9","249,8","357,5","337,3","333,6","179,2","108,4","68,6","43,6","1765,1"
48. Trùng Khánh,20,"62,5","53,8","93,6","136,6","272,6","386,7","381,6","366,9","232,4","145,3","86,7","55,7","1873,9"
48. Trùng Khánh,10,"69,5","70,7","109,9","156,7","352,9","452,8","472,6","460,4","259,8","177,4","126,2","80,7","2030,1"
48. Trùng Khánh,5,"86,4","88,2","126,3","213,6","396,6","485,0","545,1","506,2","299,6","185,8","144,3","96,5","2169,0"
49. Cao Bằng,95,"2,1","2,7","3,8","14,0","90,6","106,2","119,4","117,9","50,5","7,4","1,9","0,6","969,0"
49. Cao Bằng,90,"3,1","4,1","6,7","26,5","95,7","128,8","141,5","132,9","60,5","16,2","5,8","1,3","1067,0"
49. Cao Bằng,80,"9,0","6,6","10,8","39,3","115,6","166,5","184,4","165,2","81,8","29,5","10,6","1,9","1216,7"
49. Cao Bằng,70,"11,4","9,8","15,9","53,3","140,7","193,8","212,0","193,4","95,5","45,3","14,6","4,5","1253,3"
49. Cao Bằng,60,"14,7","13,7","20,0","62,7","168,0","217,0","226,8","217,9","109,6","60,9","23,4","7,0","1337,9"
49. Cao Bằng,50,"22,3","17,1","29,0","74,4","182,6","233,5","252,5","254,0","119,8","78,7","35,0","11,7","1450,4"
49. Cao Bằng,40,"27,6","24,5","39,6","79,3","192,4","249,7","272,2","287,5","142,6","81,9","42,3","27,0","1489,9"
49. Cao Bằng,30,"34,3","29,1","55,5","98,1","212,5","301,5","302,2","313,2","160,3","97,5","59,2","32,8","1584,9"
49. Cao Bằng,20,"49,0","38,0","79,2","118,6","251,5","319,6","323,9","338,3","206,8","111,2","79,8","41,5","1663,8"
49. Cao Bằng,10,"59,1","62,2","114,2","145,8","309,5","378,9","380,2","360,3","232,9","131,4","111,4","66,0","1776,5"
49. Cao Bằng,5,"68,6","72,0","140,3","183,6","343,8","411,6","426,8","402,8","257,7","167,7","127,5","85,8","1809,1"
50. Bắc Sơn,95,"1,6","6,0","17,9","25,7","78,2","73,7","109,9","90,3","60,9","5,0","1,6","0,0","1092,7"
50. Bắc Sơn,90,"5,4","8,9","22,0","33,1","100,1","92,6","127,7","124,4","67,7","10,2","3,0","0,0","1171,7"
50. Bắc Sơn,80,"12,2","13,4","32,2","38,6","118,6","118,0","172,5","173,5","86,0","19,9","7,5","2,2","1292,1"
50. Bắc Sơn,70,"19,8","17,1","40,6","64,2","128,2","170,7","195,9","200,9","99,5","46,3","13,1","6,2","1388,1"
50. Bắc Sơn,60,"29,4","23,3","44,1","85,8","154,7","187,7","242,1","225,8","121,2","57,1","23,3","9,7","1427,8"
50. Bắc Sơn,50,"36,0","28,0","50,6","101,8","179,6","208,7","264,0","243,4","141,0","69,4","33,0","20,3","1482,2"
50. Bắc Sơn,40,"44,1","33,3","55,9","129,4","206,8","229,9","296,2","291,9","157,2","89,4","46,6","27,5","1603,6"
50. Bắc Sơn,30,"55,6","47,9","69,9","138,6","229,4","251,5","313,2","331,4","180,6","104,7","59,4","35,2","1731,0"
50. Bắc Sơn,20,"68,8","61,4","99,8","178,2","275,2","318,9","354,6","356,2","212,3","119,9","73,8","52,5","1786,2"
50. Bắc Sơn,10,"96,0","81,7","123,8","256,1","327,9","402,5","437,4","422,0","278,7","147,0","107,7","64,3","1913,2"
50. Bắc Sơn,5,"113,1","98,6","167,8","320,6","391,2","446,3","598,8","453,4","351,1","163,7","132,9","80,8","2033,0"
51. Hữu Lũng,95,"0,2","3,0","14,3","23,4","58,0","111,5","98,3","109,6","57,6","7,1","0,4","0,0","1125,5"
51. Hữu Lũng,90,"2,2","4,0","18,8","28,6","73,5","115,1","108,0","125,6","66,7","17,3","1,9","0,3","1174,5"
51. Hữu Lũng,80,"4,9","8,0","23,7","41,1","91,0","128,9","153,8","151,3","94,9","30,4","5,6","1,5","1287,7"
51. Hữu Lũng,70,"8,2","10,4","28,7","60,3","125,5","158,6","187,3","210,4","117,0","47,8","12,2","3,1","1355,1"
51. Hữu Lũng,60,"12,4","12,9","32,3","94,3","147,2","175,2","236,3","256,0","141,6","66,6","19,4","7,2","1389,1"
51. Hữu Lũng,50,"19,0","18,2","38,0","103,8","165,1","215,4","249,1","283,7","151,2","86,8","22,7","11,2","1419,2"
51. Hữu Lũng,40,"23,5","21,0","49,3","126,1","191,7","245,6","280,8","302,2","178,9","93,8","28,8","19,8","1476,8"
51. Hữu Lũng,30,"31,7","36,2","58,0","147,1","228,5","290,5","306,5","319,3","195,4","122,7","39,6","25,9","1542,2"
51. Hữu Lũng,20,"41,1","42,9","70,0","167,4","260,7","319,0","331,2","343,7","225,0","145,7","61,4","36,4","1634,1"
51. Hữu Lũng,10,"63,8","55,6","105,6","204,0","293,2","347,8","407,3","430,8","254,5","182,2","98,0","48,6","1798,6"
51. Hữu Lũng,5,"93,5","69,7","122,4","226,8","327,0","397,0","508,4","492,4","293,6","203,7","126,0","58,1","1839,5"
52. Đình Lập,95,"0,5","0,3","7,3","12,3","60,3","109,5","102,0","86,4","48,0","3,9","0,2","0,0","1008,0"
52. Đình Lập,90,"1,3","3,3","9,4","15,8","70,2","118,1","122,4","105,2","74,3","6,4","0,6","0,4","1077,9"
52. Đình Lập,80,"3,2","6,1","14,0","29,8","97,1","135,6","182,0","142,8","103,4","26,9","5,0","1,5","1222,1"
52. Đình Lập,70,"7,2","8,6","17,9","47,2","113,0","166,3","205,0","193,5","118,4","37,1","11,0","3,7","1287,2"
52. Đình Lập,60,"9,6","15,4","25,4","71,8","132,6","196,9","252,8","226,9","128,3","49,2","14,2","7,6","1376,2"
52. Đình Lập,50,"15,5","19,5","33,0","86,5","158,0","207,1","256,8","269,3","149,4","59,3","16,7","12,4","1472,9"
52. Đình Lập,40,"26,2","24,1","41,4","98,8","173,6","234,5","287,9","302,0","179,7","88,7","23,8","19,5","1578,7"
52. Đình Lập,30,"33,8","30,9","47,2","114,1","200,0","266,9","317,1","323,6","225,6","124,2","36,0","24,6","1663,4"
52. Đình Lập,20,"43,9","36,9","56,6","148,0","235,2","308,3","442,5","394,7","268,3","166,9","60,9","34,1","1741,4"
52. Đình Lập,10,"52,1","57,0","86,6","198,0","280,5","370,3","478,9","480,1","310,8","221,8","88,3","47,5","2000,3"
52. Đình Lập,5,"99,4","76,0","108,8","222,8","344,3","410,5","558,7","528,6","394,3","245,6","144,8","58,2","2098,1"
53. Thất Khê,95,"3,9","9,4","17,3","16,3","68,8","80,3","126,1","72,1","57,3","5,0","2,2","0,1","1031,3"
53. Thất Khê,90,"7,6","10,2","19,0","32,2","72,2","93,5","140,5","135,9","70,7","17,0","5,6","0,8","1159,0"
53. Thất Khê,80,"12,9","15,2","22,1","48,1","107,0","141,6","158,8","165,3","84,5","21,4","7,1","3,1","1231,3"
53. Thất Khê,70,"18,6","19,0","29,5","66,3","146,3","187,7","185,6","204,6","105,3","27,1","14,2","4,7","1317,3"
53. Thất Khê,60,"23,0","22,1","36,1","80,6","185,9","215,7","216,9","236,5","116,9","53,8","22,6","12,3","1339,5"
53. Thất Khê,50,"29,6","27,8","41,8","101,9","208,1","235,3","236,9","251,3","136,1","66,4","36,8","17,2","1429,1"
53. Thất Khê,40,"42,0","33,5","57,9","113,8","220,2","268,1","267,1","270,0","142,0","99,0","50,7","27,9","1519,6"
53. Thất Khê,30,"51,3","51,6","69,1","123,7","238,8","277,5","306,6","289,1","169,1","110,4","66,0","41,6","1580,9"
53. Thất Khê,20,"59,4","57,8","79,0","136,0","276,0","302,7","330,1","331,5","202,9","140,4","84,5","55,1","1730,3"
53. Thất Khê,10,"75,3","67,0","109,4","170,8","302,9","359,7","358,9","430,3","222,3","166,5","104,0","75,5","1894,5"
53. Thất Khê,5,"90,4","87,7","146,1","197,6","319,8","395,1","391,7","468,5","245,3","182,3","150,1","84,6","1944,8"
54. Lạng Sơn,95,"0,8","3,2","12,2","17,3","60,5","85,1","89,2","63,6","43,4","6,4","2,1","0,1","913,4"
54. Lạng Sơn,90,"2,3","5,4","17,7","23,7","77,1","100,0","105,4","102,1","59,3","10,9","3,7","0,2","968,9"
54. Lạng Sơn,80,"6,1","10,6","21,1","36,6","96,4","121,0","131,3","143,9","80,4","22,0","6,6","1,9","1083,0"
54. Lạng Sơn,70,"12,7","26,9","64,4","114,4","145,4","158,7","178,8","95,4","39,6","13,4","4,4","1213,7",
54. Lạng Sơn,60,"17,0","18,0","29,9","74,6","130,2","159,5","170,6","202,9","109,0","49,9","27,1","13,0","1280,8"
54. Lạng Sơn,50,"22,0","25,0","33,6","89,4","138,9","177,1","202,0","227,0","126,8","64,8","31,8","15,9","1330,6"
54. Lạng Sơn,40,"30,8","28,1","39,9","98,7","166,2","184,1","249,4","247,0","141,0","94,0","38,2","23,1","1364,6"
54. Lạng Sơn,30,"48,4","32,8","49,2","111,2","188,1","242,0","286,1","265,5","171,8","110,0","50,0","32,7","1451,5"
54. Lạng Sơn,20,"55,1","44,4","70,7","132,7","207,4","260,9","345,6","296,5","202,9","128,5","60,4","48,0","1580,6"
54. Lạng Sơn,10,"89,1","60,6","125,5","149,6","252,2","308,2","389,8","341,1","247,3","172,3","97,3","58,4","1613,5"
54. Lạng Sơn,5,"101,4","83,3","144,4","170,2","285,9","335,1","459,8","414,2","264,6","183,3","118,2","74,2","1685,4"
55. Lục Ngạn,95,"0,7","2,1","8,0","12,8","64,9","78,8","99,6","82,8","66,8","4,2","1,7","0,0","1024,5"
55. Lục Ngạn,90,"1,4","3,7","9,7","17,1","75,2","101,4","126,2","117,4","83,2","4,7","3,0","0,1","1102,1"
55. Lục Ngạn,80,"2,9","6,3","14,9","28,0","97,3","116,5","145,5","152,2","94,7","21,8","7,8","0,6","1123,5"
55. Lục Ngạn,70,"6,7","10,8","20,2","43,0","113,7","145,5","174,6","186,8","113,7","45,8","13,0","2,9","1225,1"
55. Lục Ngạn,60,"9,0","13,4","22,8","63,3","157,5","168,0","209,0","213,5","127,8","72,4","19,4","7,3","1342,1"
55. Lục Ngạn,50,"12,8","16,3","26,0","93,2","165,0","190,0","228,8","251,8","137,5","88,8","25,8","12,1","1377,5"
55. Lục Ngạn,40,"18,1","22,9","33,9","124,0","179,1","241,6","274,9","279,8","166,1","105,0","33,4","19,1","1389,8"
55. Lục Ngạn,30,"31,7","28,9","42,4","142,4","194,7","260,8","313,0","300,1","187,7","119,1","41,0","30,1","1523,4"
55. Lục Ngạn,20,"39,3","39,4","57,3","160,3","211,4","271,9","337,6","316,9","218,4","136,9","61,5","36,5","1578,0"
55. Lục Ngạn,10,"51,5","46,9","107,8","199,9","262,4","363,5","385,4","372,2","253,4","167,1","85,3","52,5","1724,0"
55. Lục Ngạn,5,"87,1","58,4","123,5","224,5","272,6","394,6","429,6","435,8","397,8","211,6","112,5","54,2","1797,9"
Sơn Động,95,"1,1","5,7","11,0","73,4","52,7","99,8","117,5","54,6","6,3","1,2","0,3","1170,6",
Sơn Động,90,"2,3","9,2","16,6","90,4","89,6","165,6","146,8","67,0","14,3","1,9","0,5","1244,5",
Sơn Động,80,"5,8","6,1","13,7","27,2","124,8","142,5","204,1","191,3","93,8","27,1","5,3","2,4","1342,3"
Sơn Động,70,"7,7","10,0","18,6","47,5","140,9","168,0","245,2","213,2","120,0","42,5","12,0","4,7","1398,7"
Sơn Động,60,"10,1","13,3","23,5","74,7","153,3","191,2","272,3","224,4","141,2","54,9","20,4","7,6","1485,5"
Sơn Động,50,"12,5","17,4","28,0","94,3","175,9","213,2","301,8","251,1","168,3","72,0","25,0","15,4","1520,5"
Sơn Động,40,"20,3","23,7","31,1","106,9","191,7","231,5","349,1","335,1","184,3","85,2","31,0","23,6","1600,0"
Sơn Động,30,"34,1","27,0","40,7","130,3","205,0","268,8","387,4","376,1","204,9","119,8","42,8","30,4","1698,2"
Sơn Động,20,"44,0","36,5","60,2","166,7","257,9","319,4","445,4","459,3","249,8","159,6","58,4","36,7","1853,6"
Sơn Động,10,"67,5","49,5","98,2","199,1","281,2","384,1","496,2","498,3","330,1","216,1","84,5","45,2","1996,1"
Sơn Động,5,"116,4","58,0","124,3","212,3","377,6","433,3","510,7","527,4","401,2","245,2","109,0","59,3","2048,3"
Bắc Giang,95,"1,0","5,4","11,6","19,8","63,8","105,3","83,8","88,6","68,6","3,4","0,5","0,1","1149,8"
Bắc Giang,90,"1,2","7,7","14,6","26,8","90,1","123,0","114,4","161,8","85,5","9,9","3,0","0,5","1205,9"
Bắc Giang,80,"4,5","11,0","20,9","36,4","114,2","162,1","156,4","187,0","105,4","36,2","9,6","1,4","1324,4"
Bắc Giang,70,"6,7","11,9","26,9","56,4","149,9","187,4","181,0","216,8","125,6","48,3","13,5","2,9","1430,9"
Bắc Giang,60,"8,6","13,1","30,5","63,5","160,2","207,8","206,0","245,8","149,9","71,7","16,8","5,9","1461,5"
Bắc Giang,50,"15,2","17,6","35,0","82,7","183,1","227,8","232,6","305,1","161,3","102,4","24,9","12,3","1518,1"
Bắc Giang,40,"21,3","23,5","44,4","111,9","198,1","259,3","257,6","335,8","182,1","123,9","33,0","19,5","1570,6"
Bắc Giang,30,"29,0","30,8","61,0","126,0","223,6","277,2","284,1","373,8","195,9","148,9","51,9","28,9","1656,7"
Bắc Giang,20,"38,6","42,7","78,2","155,9","253,1","330,8","343,6","409,9","248,1","185,6","65,1","34,6","1728,0"
Bắc Giang,10,"65,4","55,6","113,4","181,1","289,0","389,4","416,6","459,3","286,3","203,8","100,5","57,0","1922,8"
Bắc Giang,5,"98,4","62,9","130,1","244,7","309,9","450,8","502,4","514,6","342,0","239,6","152,1","63,4","1981,7"
56. Hiệp Hòa,95,"0,5","3,3","14,0","29,5","60,2","106,3","113,6","88,2","74,4","11,0","0,6","0,0","1154,7"
56. Hiệp Hòa,90,"1,4","4,1","15,5","37,5","83,7","128,1","147,4","141,3","87,6","34,1","2,2","0,0","1238,4"
56. Hiệp Hòa,80,"6,3","7,8","19,6","45,0","101,0","155,9","192,7","177,4","103,6","54,8","6,6","1,3","1312,5"
56. Hiệp Hòa,70,"9,1","13,4","24,0","57,2","129,1","175,5","215,0","219,4","125,8","82,5","12,3","3,5","1406,4"
56. Hiệp Hòa,60,"11,1","16,7","29,5","74,1","154,8","195,9","233,3","246,4","143,6","88,5","24,7","7,0","1475,4"
56. Hiệp Hòa,50,"13,8","20,6","32,3","88,9","181,7","234,6","255,8","260,8","161,5","109,2","39,6","11,3","1554,1"
56. Hiệp Hòa,40,"20,0","26,4","41,3","102,1","196,5","273,2","273,6","294,5","204,0","132,5","46,3","20,1","1633,7"
56. Hiệp Hòa,30,"26,2","31,3","58,2","121,2","225,6","295,8","330,3","321,0","228,3","159,1","57,2","32,4","1739,9"
56. Hiệp Hòa,20,"35,6","38,4","70,7","144,5","245,9","332,2","355,8","350,5","263,9","207,3","77,9","39,1","1839,7"
56. Hiệp Hòa,10,"52,0","45,1","97,0","201,4","304,5","364,6","417,6","425,4","317,0","256,7","112,7","67,2","1975,6"
56. Hiệp Hòa,5,"75,7","55,0","131,6","219,2","347,3","413,4","479,3","457,0","366,2","282,9","150,2","74,3","2025,4"
57. Uông Bí,95,"1,6","2,6","13,7","16,3","83,1","94,7","145,3","136,8","83,0","1,0","0,8","0,0","1277,7"
57. Uông Bí,90,"2,0","4,9","15,1","19,2","99,8","136,7","159,5","156,8","87,5","11,7","1,6","0,0","1318,1"
57. Uông Bí,80,"2,8","8,1","19,0","26,6","106,4","162,5","180,2","201,9","137,4","24,8","3,2","0,5","1433,4"
57. Uông Bí,70,"4,8","13,6","23,1","39,6","145,7","184,8","234,9","260,1","156,2","39,0","5,8","4,6","1565,8"
57. Uông Bí,60,"7,3","15,5","25,9","64,7","173,5","220,2","272,1","306,2","205,5","55,7","11,5","8,6","1630,7"
57. Uông Bí,50,"12,0","18,7","34,0","81,1","187,3","257,1","299,6","360,8","223,6","80,9","19,6","13,0","1687,9"
57. Uông Bí,40,"15,1","24,7","39,1","103,5","195,3","288,5","331,9","399,8","245,6","98,6","24,1","20,3","1790,9"
57. Uông Bí,30,"25,5","29,5","48,1","115,7","217,0","332,8","351,6","433,1","283,6","138,9","40,6","28,1","1814,9"
57. Uông Bí,20,"37,9","38,8","57,9","133,2","258,9","388,7","437,2","497,4","310,6","171,8","59,8","37,5","1964,3"
57. Uông Bí,10,"59,9","46,6","84,7","164,0","379,3","449,6","489,6","550,7","338,6","215,8","82,6","52,4","2107,0"
57. Uông Bí,5,"108,5","51,4","116,5","179,7","421,0","582,5","546,6","646,1","376,1","236,9","95,1","61,8","2193,8"
58. Cô Tô,95,"0,7","1,2","5,7","14,5","33,0","57,8","88,0","123,4","71,3","4,9","1,0","0,8","1204,3"
58. Cô Tô,90,"1,3","2,6","9,4","20,1","57,5","88,1","117,4","171,3","130,6","12,2","1,5","1,3","1286,2"
58. Cô Tô,80,"2,8","6,7","12,7","33,5","81,8","109,7","161,5","224,2","166,9","34,7","2,4","4,1","1362,7"
58. Cô Tô,70,"3,6","12,3","17,7","44,5","91,2","121,7","198,8","252,7","239,3","54,6","11,5","7,2","1440,0"
58. Cô Tô,60,"6,9","16,1","23,8","55,0","118,1","176,0","231,1","323,9","273,3","80,5","21,1","13,3","1576,0"
58. Cô Tô,50,"9,0","18,8","28,1","64,2","141,7","207,5","278,5","355,2","301,5","110,0","29,0","18,5","1705,8"
58. Cô Tô,40,"13,0","24,8","37,5","78,5","161,0","240,6","317,1","401,0","344,9","119,4","43,7","26,4","1863,9"
58. Cô Tô,30,"21,9","28,2","43,1","103,9","178,3","286,5","359,4","487,1","391,8","162,7","58,6","39,7","1982,9"
58. Cô Tô,20,"41,5","41,9","65,7","117,4","207,2","356,1","409,6","535,4","449,6","178,6","76,1","49,5","2181,2"
58. Cô Tô,10,"93,3","53,3","87,9","134,2","234,2","418,4","517,1","639,1","535,9","229,3","111,0","73,8","2330,6"
58. Cô Tô,5,"118,9","61,4","108,3","172,9","286,9","444,5","727,8","804,8","686,3","311,3","184,6","104,0","2542,5"
59. Bãi Cháy,95,"0,9","5,7","10,9","12,1","54,2","119,9","109,1","127,8","74,9","7,2","0,4","0,0","1427,3"
59. Bãi Cháy,90,"2,4","6,9","11,9","17,0","69,2","130,5","125,2","165,8","105,2","19,5","1,1","0,3","1492,3"
59. Bãi Cháy,80,"4,0","10,0","16,5","31,6","96,1","173,8","190,6","273,2","171,9","39,3","2,1","1,0","1628,4"
59. Bãi Cháy,70,"5,6","13,4","19,6","38,8","107,4","198,9","252,1","345,4","205,2","61,6","5,5","4,0","1729,1"
59. Bãi Cháy,60,"9,1","17,2","22,1","58,3","150,7","243,1","275,8","360,9","237,8","83,7","12,4","6,0","1796,7"
59. Bãi Cháy,50,"11,5","20,9","26,8","77,0","186,5","282,4","329,0","405,7","269,0","102,9","18,9","10,2","1851,2"
59. Bãi Cháy,40,"19,2","23,6","36,9","88,3","197,8","300,2","370,5","433,8","287,8","120,0","40,9","15,5","1937,5"
59. Bãi Cháy,30,"26,1","29,8","45,4","105,7","221,0","354,1","435,2","509,8","338,4","175,6","46,5","22,0","2105,3"
59. Bãi Cháy,20,"39,0","34,2","60,8","134,2","254,4","393,2","519,6","596,5","376,8","228,8","61,6","32,5","2184,1"
59. Bãi Cháy,10,"64,8","45,9","85,3","176,9","303,0","486,2","632,7","679,8","436,8","317,4","82,6","48,3","2420,6"
59. Bãi Cháy,5,"118,0","66,8","119,9","202,4","390,8","598,3","745,1","732,1","452,0","386,4","151,9","55,8","2661,0"
60. Cửa Ông,95,"1,3","5,0","15,3","16,7","76,6","103,2","153,9","162,4","97,0","9,4","0,1","0,0","1355,1"
60. Cửa Ông,90,"2,0","6,1","20,2","22,6","85,0","137,9","194,1","211,5","128,6","13,8","1,7","0,2","1555,9"
60. Cửa Ông,80,"3,8","11,9","23,9","42,5","105,0","193,4","235,6","248,0","172,8","29,4","3,4","2,8","1764,7"
60. Cửa Ông,70,"6,5","18,0","26,9","55,6","123,5","217,8","255,0","334,5","264,2","56,4","9,3","5,1","1925,2"
60. Cửa Ông,60,"8,9","21,7","30,9","66,2","147,8","239,4","275,9","382,2","313,4","97,9","19,3","10,6","2147,1"
60. Cửa Ông,50,"17,4","26,7","37,1","85,2","168,7","289,0","356,4","466,6","335,5","125,0","32,2","13,6","2263,7"
60. Cửa Ông,40,"27,1","31,4","45,8","102,7","220,0","305,1","413,7","531,6","360,4","152,8","44,3","19,4","2346,8"
60. Cửa Ông,30,"30,4","36,9","50,2","121,3","244,6","348,5","497,8","601,1","423,5","168,7","61,9","28,8","2482,6"
60. Cửa Ông,20,"51,2","43,0","70,1","138,5","278,1","391,8","628,8","664,8","454,4","249,4","86,7","34,5","2628,2"
60. Cửa Ông,10,"94,9","59,2","96,1","164,5","337,0","487,1","685,3","864,0","521,8","374,2","115,8","54,6","2810,6"
60. Cửa Ông,5,"139,8","68,0","140,4","205,1","369,9","611,0","706,6","1108,2","651,5","456,7","184,7","58,4","2985,9"
61. Tiên Yên,95,"2,4","8,4","17,5","18,4","75,2","114,8","182,2","131,2","68,5","10,4","0,3","0,7","1546,5"
61. Tiên Yên,90,"4,1","12,0","19,7","27,0","87,3","175,1","242,8","159,1","106,8","25,4","3,5","1,1","1710,3"
61. Tiên Yên,80,"9,8","17,0","27,2","44,7","153,5","230,9","298,5","236,3","159,1","34,9","10,0","4,7","1866,4"
61. Tiên Yên,70,"12,5","23,5","34,9","58,6","172,0","268,6","324,0","336,3","192,7","45,9","13,2","8,6","2020,0"
61. Tiên Yên,60,"15,6","28,6","41,0","82,3","203,5","300,0","347,3","362,5","223,2","86,6","22,4","16,8","2126,6"
61. Tiên Yên,50,"21,2","30,9","45,7","93,7","217,2","320,2","371,0","431,6","260,6","123,6","34,1","23,0","2189,5"
61. Tiên Yên,40,"33,8","35,1","56,1","109,0","229,1","378,8","477,8","450,8","290,2","140,3","58,7","32,6","2208,1"
61. Tiên Yên,30,"41,6","42,5","70,5","127,7","257,6","409,8","567,1","496,1","330,2","169,5","72,1","40,0","2405,3"
61. Tiên Yên,20,"61,8","50,1","84,2","166,9","313,7","462,2","649,1","579,8","418,0","247,8","85,9","43,9","2578,2"
61. Tiên Yên,10,"88,4","54,2","108,9","211,4","373,2","537,7","740,9","652,8","579,4","323,5","109,4","60,9","2782,1"
61. Tiên Yên,5,"127,7","63,1","124,4","267,4","432,9","581,8","798,5","765,5","681,0","406,4","128,5","84,0","2891,4"
62. Móng Cái,95,"3,0","5,1","11,2","16,4","88,0","158,6","277,9","181,3","76,3","14,8","0,0","1,3","2120,7"
62. Móng Cái,90,"5,2","10,8","15,6","19,5","100,9","190,3","318,5","231,5","111,7","29,9","1,0","1,7","2161,1"
62. Móng Cái,80,"9,1","16,4","27,0","39,8","154,1","304,0","406,8","278,3","174,5","40,7","6,5","4,9","2208,0"
62. Móng Cái,70,"14,4","23,2","35,2","58,2","177,8","334,8","451,6","366,7","213,8","78,7","16,4","11,7","2308,4"
62. Móng Cái,60,"23,3","28,5","43,6","77,8","192,4","378,9","497,4","410,1","270,0","103,2","24,9","19,0","2385,1"
62. Móng Cái,50,"31,8","31,7","45,5","95,2","220,8","410,3","552,5","461,9","314,3","132,3","42,1","26,3","2523,7"
62. Móng Cái,40,"40,7","41,4","60,7","125,9","258,4","442,3","578,1","518,7","351,9","188,0","61,7","30,7","2679,0"
62. Móng Cái,30,"51,2","49,8","75,0","171,0","307,8","571,0","653,6","576,7","382,8","226,2","103,4","40,3","2864,1"
62. Móng Cái,20,"63,6","55,0","89,8","211,2","342,0","633,5","768,5","634,2","444,7","275,1","140,4","61,1","3056,9"
62. Móng Cái,10,"91,9","75,5","108,7","233,9","465,8","699,6","920,8","697,1","526,8","346,3","194,4","82,8","3335,7"
62. Móng Cái,5,"154,8","87,6","138,5","301,9","644,8","801,5","1046,4","727,3","559,9","416,0","229,0","112,2","3581,3"
63. Quảng Hà,95,"6,4","11,8","18,6","19,9","99,6","154,9","278,1","191,0","75,7","11,0","1,4","1,0","2045,2"
63. Quảng Hà,90,"7,8","21,7","22,3","24,6","126,3","256,9","319,6","249,8","100,2","18,1","2,1","2145,5",
63. Quảng Hà,80,"11,4","22,7","32,8","46,4","183,2","286,5","440,3","282,8","189,9","29,3","10,9","6,6","2243,6"
63. Quảng Hà,70,"19,2","28,4","36,0","52,5","194,0","316,0","466,5","392,5","229,5","43,2","20,4","13,9","2416,2"
63. Quảng Hà,60,"28,9","37,3","46,5","64,9","224,0","376,9","497,3","434,1","261,2","96,6","32,4","20,2","2496,9"
63. Quảng Hà,50,"36,5","46,2","61,2","91,9","237,8","410,3","529,8","450,6","306,6","118,1","47,4","29,0","2654,4"
63. Quảng Hà,40,"49,1","51,5","73,2","115,0","282,8","467,0","632,7","531,5","341,4","166,4","65,8","37,8","2748,7"
63. Quảng Hà,30,"56,7","54,4","87,9","139,8","310,2","513,7","780,4","623,0","377,2","222,4","98,0","49,9","2901,0"
63. Quảng Hà,20,"80,2","70,1","114,3","178,2","331,2","629,9","835,5","685,0","403,8","283,5","131,3","69,5","3118,1"
63. Quảng Hà,10,"126,5","83,4","127,8","217,5","373,5","718,0","961,6","737,8","445,6","363,3","154,0","85,9","3561,5"
63. Quảng Hà,5,"182,8","98,4","141,8","240,3","545,9","822,6","1033,4","805,7","549,9","402,1","224,0","101,8","3769,3"
64. Phủ Liễn,95,"1,3","6,9","13,8","14,5","56,3","93,9","81,7","134,5","79,0","6,6","0,9","0,1","1232,6"
64. Phủ Liễn,90,"2,6","9,1","16,1","24,1","71,7","113,7","98,7","152,5","113,0","16,2","1,6","0,4","1292,6"
64. Phủ Liễn,80,"5,5","13,5","29,5","35,4","96,5","141,6","116,3","218,0","176,6","23,5","5,0","1,4","1418,3"
64. Phủ Liễn,70,"7,8","18,2","33,7","41,6","135,3","174,8","163,3","262,0","214,5","45,0","11,0","6,7","1485,8"
64. Phủ Liễn,60,"10,2","20,8","35,2","53,3","156,7","200,7","181,8","283,5","228,8","69,8","13,0","11,8","1563,5"
64. Phủ Liễn,50,"16,4","24,4","37,7","61,0","175,8","217,0","219,1","314,9","253,3","103,2","24,0","18,2","1620,5"
64. Phủ Liễn,40,"19,8","27,0","47,5","82,3","204,5","242,0","252,7","364,4","287,5","130,3","48,5","24,2","1745,3"
64. Phủ Liễn,30,"25,9","33,9","61,0","101,6","241,5","268,8","285,4","389,2","307,4","193,8","56,8","30,4","1814,7"
64. Phủ Liễn,20,"40,2","40,4","72,8","131,5","283,5","325,2","336,9","453,8","333,5","214,3","69,5","39,8","1947,4"
64. Phủ Liễn,10,"85,8","50,1","79,3","179,3","373,6","393,7","406,8","597,8","381,8","262,5","90,0","46,9","2152,4"
64. Phủ Liễn,5,"92,9","56,9","95,5","215,5","400,9","453,2","437,5","684,3","388,6","367,0","121,5","59,4","2260,8"
65. Hòn Dấu,95,"0,1","3,9","6,5","8,9","32,9","77,0","53,8","130,7","87,4","6,3","0,3","0,0","1061,9"
65. Hòn Dấu,90,"1,0","6,1","10,2","13,0","53,6","86,8","67,8","158,1","124,6","11,1","1,8","0,1","1174,8"
65. Hòn Dấu,80,"2,3","9,7","16,0","24,2","89,6","121,2","103,4","204,9","173,2","25,9","4,7","1,1","1310,8"
65. Hòn Dấu,70,"3,6","11,5","21,5","34,8","102,4","138,2","123,4","237,0","193,5","50,6","8,1","3,6","1384,5"
65. Hòn Dấu,60,"5,5","14,3","27,8","45,6","118,8","155,0","148,7","302,1","254,6","79,4","12,7","6,4","1432,6"
65. Hòn Dấu,50,"9,4","17,0","34,4","49,0","140,3","176,0","172,4","306,9","290,0","108,9","19,0","9,9","1509,7"
65. Hòn Dấu,40,"15,5","19,1","43,2","66,8","155,5","184,3","222,1","371,7","311,4","135,0","30,6","14,5","1587,0"
65. Hòn Dấu,30,"21,3","25,2","48,4","82,6","176,5","197,5","244,4","409,4","345,0","170,7","42,5","25,0","1693,3"
65. Hòn Dấu,20,"35,2","37,0","61,3","102,8","211,1","260,5","301,1","425,7","395,1","249,1","80,3","35,2","1803,0"
65. Hòn Dấu,10,"59,4","44,7","69,3","149,0","257,7","322,6","356,1","533,0","435,8","363,4","121,9","50,4","2021,7"
65. Hòn Dấu,5,"102,0","49,1","94,7","189,1","295,5","340,2","438,1","601,0","478,3","461,0","165,3","56,8","2052,1"
66. Bạch Long Vĩ,95,"0,4","0,6","3,8","2,1","18,0","13,9","17,9","85,5","65,3","6,5","2,3","0,7","701,5"
66. Bạch Long Vĩ,90,"0,9","1,5","6,2","12,1","22,8","35,0","35,7","116,3","80,9","13,9","3,1","1,0","746,2"
66. Bạch Long Vĩ,80,"1,8","3,7","7,7","14,4","35,9","51,8","66,7","144,4","97,2","36,3","6,0","2,7","901,2"
66. Bạch Long Vĩ,70,"3,8","5,8","11,2","19,3","54,1","70,9","91,9","173,8","140,6","55,4","9,0","4,9","954,4"
66. Bạch Long Vĩ,60,"5,8","7,5","15,8","25,3","64,2","102,5","105,9","189,0","174,1","65,8","13,4","7,8","1053,7"
66. Bạch Long Vĩ,50,"9,7","9,0","23,8","35,0","78,4","120,0","131,2","219,2","202,0","87,1","19,7","13,0","1165,5"
66. Bạch Long Vĩ,40,"19,0","12,0","27,5","43,0","92,9","168,0","147,0","254,5","224,0","110,8","31,2","19,9","1212,4"
66. Bạch Long Vĩ,30,"27,3","18,9","32,8","59,6","119,3","185,3","158,6","299,5","274,7","125,3","41,4","25,5","1277,7"
66. Bạch Long Vĩ,20,"45,0","31,9","39,5","79,1","132,5","208,7","205,4","342,1","292,3","178,0","51,0","35,6","1357,2"
66. Bạch Long Vĩ,10,"64,0","52,6","59,4","104,8","185,7","253,1","270,4","429,0","389,2","231,5","81,2","51,2","1483,6"
66. Bạch Long Vĩ,5,"92,4","83,3","67,8","133,6","207,3","334,2","403,8","481,5","455,3","243,4","130,1","69,0","1632,5"
67. Ba Vì,95,"4,5","4,6","10,9","26,5","92,3","89,6","158,1","115,6","94,9","35,2","1,1","0,5","1389,2"
67. Ba Vì,90,"7,5","9,1","14,4","31,4","112,9","119,0","175,8","140,0","101,6","47,1","3,3","1,8","1411,4"
67. Ba Vì,80,"9,7","11,9","22,7","39,6","173,1","142,6","201,5","199,7","125,5","75,8","12,2","4,6","1528,7"
67. Ba Vì,70,"15,4","13,7","26,6","63,3","196,5","207,1","218,7","250,3","149,9","114,2","19,7","6,3","1633,1"
67. Ba Vì,60,"16,4","18,0","30,7","73,2","223,2","224,0","244,3","281,7","187,4","123,2","26,3","9,9","1720,8"
67. Ba Vì,50,"18,4","21,7","39,0","88,0","263,5","266,8","286,7","320,5","227,0","167,4","35,1","13,8","1899,9"
67. Ba Vì,40,"28,2","29,4","48,1","96,5","278,1","327,5","302,6","400,8","255,0","189,1","58,1","19,6","2014,8"
67. Ba Vì,30,"32,8","33,6","52,0","120,0","316,9","358,6","359,4","448,6","269,1","253,4","66,1","28,0","2182,1"
67. Ba Vì,20,"42,7","38,4","69,4","134,3","340,5","378,5","421,5","502,9","338,1","276,4","74,0","40,5","2319,8"
67. Ba Vì,10,"60,7","69,7","122,3","186,7","426,1","430,3","598,7","565,9","435,8","396,6","93,4","52,1","2461,0"
67. Ba Vì,5,"63,6","83,8","131,3","213,0","473,7","458,7","647,9","583,1","558,8","426,8","155,2","66,5","2660,2"
68. Hà Đông,95,"4,2","5,0","11,8","21,5","66,0","47,1","101,0","86,3","90,7","14,9","0,9","0,2","1183,6"
68. Hà Đông,90,"5,2","5,5","14,3","27,4","69,2","86,9","132,1","165,2","101,5","28,2","2,7","1,3","1203,0"
68. Hà Đông,80,"6,8","8,5","20,3","35,9","108,7","149,1","164,1","186,7","124,8","49,7","11,3","4,4","1329,4"
68. Hà Đông,70,"9,4","13,3","23,3","43,7","145,0","178,9","179,0","197,1","141,5","79,4","14,8","7,1","1379,3"
68. Hà Đông,60,"12,5","17,6","24,4","61,1","162,4","200,2","195,2","232,6","166,2","109,1","28,1","9,8","1438,3"
68. Hà Đông,50,"18,8","21,4","30,6","80,9","175,2","220,6","229,5","279,0","205,0","142,6","47,2","13,5","1569,2"
68. Hà Đông,40,"27,8","26,7","42,0","93,4","199,7","246,4","281,8","325,2","226,1","165,0","57,8","17,9","1680,1"
68. Hà Đông,30,"32,6","29,6","53,1","102,6","227,2","266,3","301,6","341,3","275,4","206,1","72,7","27,4","1751,0"
68. Hà Đông,20,"47,0","32,5","71,2","113,9","254,0","292,1","360,2","411,4","313,7","245,0","94,5","35,5","2006,8"
68. Hà Đông,10,"66,8","46,5","81,4","128,0","315,0","419,7","406,7","484,5","411,7","351,5","207,1","64,0","2327,7"
68. Hà Đông,5,"83,9","79,0","106,4","141,9","371,4","443,9","436,0","534,6","456,7","651,1","448,7","146,9","2774,7"
69. Sơn Tây,95,"4,2","3,9","10,0","22,3","84,2","85,4","139,0","91,8","83,6","24,5","1,8","0,4","1311,2"
69. Sơn Tây,90,"5,1","5,3","12,1","32,1","93,8","111,8","168,3","144,9","109,1","33,3","2,2","0,8","1344,9"
69. Sơn Tây,80,"9,1","9,2","17,9","40,6","107,8","150,7","188,4","182,6","117,2","54,0","11,3","4,1","1411,8"
69. Sơn Tây,70,"11,5","11,4","23,9","61,7","139,0","195,6","201,7","214,4","152,5","75,5","20,7","6,6","1511,8"
69. Sơn Tây,60,"13,3","14,8","27,7","78,5","168,2","220,8","243,4","251,5","184,1","106,0","34,0","9,0","1632,2"
69. Sơn Tây,50,"16,0","18,9","32,7","90,8","203,5","254,6","276,8","288,8","209,8","119,2","40,2","12,4","1756,3"
69. Sơn Tây,40,"19,5","22,3","36,5","104,1","234,1","276,6","329,5","357,2","235,3","148,0","53,3","15,8","1825,1"
69. Sơn Tây,30,"29,1","26,8","49,7","124,7","276,0","313,6","373,5","384,0","256,6","221,7","65,2","25,6","1899,8"
69. Sơn Tây,20,"40,4","36,7","62,2","135,6","306,4","377,2","405,4","436,7","311,9","233,1","83,5","37,3","2009,6"
69. Sơn Tây,10,"53,8","51,8","96,0","171,4","351,8","436,8","480,2","502,4","369,3","319,3","144,6","61,4","2195,4"
69. Sơn Tây,5,"66,2","76,4","108,7","194,6","396,5","461,3","593,9","593,8","432,5","413,4","227,8","66,3","2327,9"
70. Hà Nội,95,"1,0","6,9","12,6","18,9","79,1","102,6","115,0","74,0","53,6","12,8","0,9","0,0","1240,4"
70. Hà Nội,90,"2,5","7,6","16,9","22,9","98,8","128,7","141,6","136,7","82,8","19,8","2,3","0,5","1277,5"
70. Hà Nội,80,"4,9","8,5","20,3","35,0","106,3","175,2","182,1","194,7","152,8","45,4","7,3","1,9","1398,8"
70. Hà Nội,70,"6,1","12,5","24,5","59,2","119,6","192,9","220,1","231,3","172,5","70,8","17,2","4,9","1518,9"
70. Hà Nội,60,"8,9","14,3","29,6","77,7","148,4","215,0","247,1","279,1","186,7","90,4","27,4","7,8","1587,9"
70. Hà Nội,50,"12,6","17,2","32,9","91,1","168,8","233,2","277,7","297,9","205,2","119,0","41,1","12,7","1646,6"
70. Hà Nội,40,"18,2","24,8","38,1","99,0","200,9","245,5","295,2","317,6","253,0","139,8","54,1","16,0","1681,5"
70. Hà Nội,30,"26,1","28,4","46,4","116,8","223,7","272,1","332,0","373,2","276,7","184,7","69,3","22,9","1817,6"
70. Hà Nội,20,"38,6","38,1","67,2","135,4","246,8","346,7","366,8","430,7","317,4","235,0","91,4","37,4","1930,0"
70. Hà Nội,10,"56,9","47,5","95,1","148,3","272,7","407,1","415,4","514,6","368,3","286,9","141,8","51,4","2066,0"
70. Hà Nội,5,"76,7","65,0","125,1","171,9","345,8","432,4","472,0","548,1","386,2","339,9","196,5","62,4","2248,0"
71. Chí Linh,95,"0,1","4,3","5,5","9,4","66,5","66,8","90,0","113,9","47,7","3,8","1,0","0,0","1095,4"
71. Chí Linh,90,"0,8","4,7","7,7","13,6","98,9","90,1","126,9","135,6","84,9","5,7","1,2","0,1","1139,9"
71. Chí Linh,80,"2,7","6,5","11,1","29,1","113,8","123,2","174,6","186,5","129,7","34,2","4,4","0,4","1217,5"
71. Chí Linh,70,"4,1","11,0","22,7","38,9","123,7","177,6","203,1","214,4","144,6","44,4","10,2","2,6","1313,1"
71. Chí Linh,60,"6,8","13,1","26,3","52,2","150,3","210,2","231,1","226,0","153,8","74,7","19,7","6,5","1388,1"
71. Chí Linh,50,"9,6","15,9","35,7","75,0","167,9","231,4","258,7","265,1","178,2","85,3","32,2","10,2","1495,8"
71. Chí Linh,40,"11,5","21,6","39,1","87,6","186,9","258,7","276,1","295,7","210,8","121,6","44,3","20,3","1544,1"
71. Chí Linh,30,"23,7","28,4","49,7","95,4","197,5","285,2","301,1","323,9","216,8","139,0","52,5","30,5","1634,9"
71. Chí Linh,20,"32,6","36,2","67,8","123,0","237,9","320,9","329,4","363,4","259,3","157,4","63,9","40,8","1739,9"
71. Chí Linh,10,"47,3","47,2","106,2","171,1","315,6","404,0","361,8","370,9","316,8","231,3","88,1","54,1","1819,9"
71. Chí Linh,5,"89,7","71,1","135,4","185,0","357,9","473,7","420,5","401,2","344,9","285,3","120,6","59,6","1881,7"
72. Hải Dương,95,"1,5","3,4","13,7","15,9","67,5","73,7","54,2","112,8","60,0","14,9","2,0","0,0","1145,3"
72. Hải Dương,90,"2,4","5,6","18,5","22,3","76,6","85,2","91,5","138,1","85,0","21,9","3,7","0,4","1215,3"
72. Hải Dương,80,"3,5","8,0","21,3","31,7","101,3","154,1","145,0","171,7","117,3","51,0","8,2","1,4","1274,1"
72. Hải Dương,70,"5,1","12,1","23,6","52,5","115,9","170,9","178,6","211,3","147,8","70,1","13,9","6,2","1333,9"
72. Hải Dương,60,"6,5","15,5","26,1","72,2","137,6","192,6","193,1","245,8","174,3","79,3","19,2","12,2","1374,5"
72. Hải Dương,50,"11,0","19,9","30,9","84,3","144,0","219,0","222,9","282,5","200,0","111,0","29,1","19,0","1485,1"
72. Hải Dương,40,"16,9","22,3","40,2","93,0","176,5","224,2","256,5","301,5","225,9","156,1","45,8","23,3","1629,8"
72. Hải Dương,30,"26,2","26,1","45,6","109,3","193,4","276,0","269,4","333,6","253,6","174,2","56,3","30,7","1703,7"
72. Hải Dương,20,"41,0","33,5","56,7","121,9","239,9","332,3","302,4","404,4","276,6","210,7","75,1","38,1","1765,4"
72. Hải Dương,10,"71,0","43,4","99,2","140,0","300,1","410,5","411,7","467,8","346,5","241,6","152,9","48,2","1922,6"
72. Hải Dương,5,"112,6","55,5","123,8","178,7","347,6","442,3","496,1","514,8","428,4","254,9","177,4","63,8","1976,0"
73. Hưng Yên,95,"1,2","5,0","12,6","20,2","52,6","91,0","68,5","112,3","58,6","17,1","2,5","0,4","1069,5"
73. Hưng Yên,90,"2,0","6,3","15,2","28,3","75,2","93,2","91,7","154,4","86,3","20,2","3,7","1,0","1115,2"
73. Hưng Yên,80,"4,8","11,2","22,7","38,2","90,8","120,1","138,1","177,5","136,7","54,2","9,0","2,9","1198,3"
73. Hưng Yên,70,"7,8","14,9","25,3","48,0","110,9","148,2","157,3","195,2","184,5","80,5","19,4","5,6","1372,2"
73. Hưng Yên,60,"10,5","20,1","34,7","66,2","136,3","160,1","185,6","218,2","232,4","106,5","39,2","9,0","1521,5"
73. Hưng Yên,50,"14,1","21,7","35,3","77,9","149,3","186,4","198,3","249,4","252,4","132,0","46,6","13,4","1582,1"
73. Hưng Yên,40,"21,2","25,1","37,9","91,0","177,3","212,9","218,4","277,5","272,7","173,2","51,6","25,6","1649,8"
73. Hưng Yên,30,"29,1","27,6","54,2","107,3","223,2","233,6","259,1","306,6","308,5","211,3","65,2","32,4","1749,2"
73. Hưng Yên,20,"47,3","33,4","74,3","123,0","234,9","294,2","298,2","382,6","355,2","279,7","98,9","41,4","1874,7"
73. Hưng Yên,10,"77,9","49,5","87,3","161,2","302,5","373,4","374,1","450,5","427,7","363,3","172,8","57,3","2017,7"
73. Hưng Yên,5,"95,4","58,2","112,4","176,7","335,6","391,3","440,1","500,1","514,3","418,7","231,7","69,7","2245,2"
74. Nam Định,95,"2,3","5,3","13,2","22,0","63,2","58,5","63,4","116,0","68,0","18,6","1,4","1,3","1156,5"
74. Nam Định,90,"3,0","8,2","21,4","25,2","78,0","74,1","82,6","152,2","104,1","38,3","5,0","2,2","1267,6"
74. Nam Định,80,"5,5","11,9","25,2","32,1","89,8","122,5","121,4","182,0","181,3","66,5","10,2","6,8","1353,2"
74. Nam Định,70,"7,6","17,0","30,2","40,1","114,1","132,8","168,0","224,9","206,7","97,5","16,2","9,3","1465,6"
74. Nam Định,60,"10,2","20,3","35,4","47,3","132,2","152,0","204,3","253,8","249,3","131,4","24,5","13,0","1592,6"
74. Nam Định,50,"13,9","23,0","41,2","66,8","164,7","174,9","240,5","279,7","281,8","170,7","51,4","17,0","1720,0"
74. Nam Định,40,"16,7","28,7","47,5","90,6","179,1","213,0","276,5","311,1","318,8","202,5","64,7","20,7","1756,8"
74. Nam Định,30,"28,6","34,3","60,6","116,0","201,7","231,8","308,1","329,7","373,5","269,9","76,5","29,9","1794,4"
74. Nam Định,20,"43,0","42,3","71,5","142,2","230,5","252,2","331,8","378,6","475,4","333,8","99,0","39,4","1955,0"
74. Nam Định,10,"72,2","50,2","86,6","166,6","295,4","298,6","386,0","465,3","548,4","426,5","170,9","71,7","2258,1"
74. Nam Định,5,"83,9","54,5","117,9","185,2","345,8","348,7","431,8","515,7","694,6","479,9","205,5","76,8","2375,2"
75. Văn Lý,95,"2,2","5,9","11,9","13,3","36,3","43,5","33,8","156,7","143,9","23,7","4,2","0,3","1181,4"
75. Văn Lý,90,"2,8","7,6","18,2","48,0","51,6","47,6","201,0","155,5","44,4","5,2","0,8","1274,3",
75. Văn Lý,80,"6,2","11,2","23,8","26,6","68,9","68,7","91,1","218,0","208,1","79,6","17,2","5,2","1421,0"
75. Văn Lý,70,"9,2","14,3","26,3","31,0","77,9","82,2","125,8","268,0","222,1","119,5","22,4","8,4","1512,6"
75. Văn Lý,60,"11,5","18,1","29,3","39,1","85,8","103,7","150,7","287,4","274,7","147,6","32,2","12,2","1564,0"
75. Văn Lý,50,"15,3","22,1","36,2","54,0","105,0","135,6","202,1","308,6","374,7","203,9","42,2","16,6","1669,9"
75. Văn Lý,40,"19,3","27,2","43,2","65,6","135,3","187,8","214,6","352,4","404,7","240,3","57,4","19,0","1797,2"
75. Văn Lý,30,"24,8","33,9","52,4","77,1","171,1","201,5","244,3","385,3","477,6","321,6","75,7","26,9","1911,1"
75. Văn Lý,20,"41,3","41,5","59,6","92,6","222,3","251,8","282,9","423,4","586,3","375,2","123,8","54,9","1972,1"
75. Văn Lý,10,"83,2","53,8","82,9","109,9","315,8","278,9","337,7","504,8","688,6","502,0","189,5","73,6","2152,8"
75. Văn Lý,5,"105,1","63,6","100,2","126,1","352,5","343,9","387,1","571,5","749,6","550,3","327,1","84,1","2303,8"
76. Thái Bình,95,"2,6","5,9","13,5","16,5","46,6","73,1","67,7","123,2","62,1","23,7","2,0","0,5","1133,7"
76. Thái Bình,90,"4,3","7,2","18,5","22,4","52,5","86,7","82,6","141,4","142,8","52,4","3,3","1,1","1203,5"
76. Thái Bình,80,"6,5","11,9","22,6","28,0","81,4","113,9","112,7","178,8","186,6","64,5","8,8","5,7","1305,7"
76. Thái Bình,70,"9,2","15,3","26,0","32,9","95,1","128,9","151,4","214,5","200,2","81,3","22,2","9,0","1489,3"
76. Thái Bình,60,"12,0","18,0","33,0","46,4","120,6","143,0","175,9","251,7","244,1","101,8","31,1","14,4","1580,0"
76. Thái Bình,50,"14,0","24,0","42,0","69,5","141,7","158,7","199,7","277,1","293,0","150,3","42,9","18,0","1638,3"
76. Thái Bình,40,"18,4","27,8","45,7","77,6","173,2","203,6","239,4","314,7","361,3","193,3","52,5","23,4","1765,7"
76. Thái Bình,30,"25,3","32,1","56,7","101,8","197,3","228,8","266,1","353,8","413,4","254,4","70,2","26,0","1841,6"
76. Thái Bình,20,"50,1","37,5","74,7","120,5","217,6","244,6","312,3","395,2","441,4","350,1","92,6","41,7","1936,2"
76. Thái Bình,10,"72,6","45,2","84,1","149,5","281,9","300,9","430,0","464,3","509,7","436,7","195,6","59,4","2127,1"
76. Thái Bình,5,"111,4","48,5","102,7","179,9","324,5","327,0","474,6","561,0","720,2","530,3","246,4","70,5","2262,4"
77. Hà Nam,95,"2,8","9,0","19,9","24,2","72,1","82,7","71,5","143,4","88,1","25,5","0,8","1,2","1334,6"
77. Hà Nam,90,"4,3","10,1","21,8","30,8","83,7","113,0","114,5","157,5","132,2","42,8","4,3","2,0","1431,7"
77. Hà Nam,80,"8,0","14,6","25,4","46,2","121,2","146,5","168,0","203,1","166,7","82,5","14,7","6,8","1606,0"
77. Hà Nam,70,"10,2","21,1","33,5","55,8","151,7","167,9","181,4","249,2","209,7","93,0","23,6","9,9","1693,6"
77. Hà Nam,60,"14,3","24,6","40,5","64,4","178,6","211,8","214,3","271,5","234,8","141,3","36,1","13,9","1738,7"
77. Hà Nam,50,"18,2","27,6","47,5","75,7","199,7","232,7","243,2","291,7","286,0","176,5","63,0","17,1","1774,1"
77. Hà Nam,40,"26,4","29,5","53,3","81,7","207,0","265,5","265,2","308,9","305,1","221,2","79,7","34,7","1863,8"
77. Hà Nam,30,"38,9","35,2","65,4","101,7","250,4","283,2","307,4","352,1","357,1","311,9","100,6","46,4","1937,6"
77. Hà Nam,20,"49,2","37,7","77,5","134,4","293,7","325,7","351,3","408,2","403,2","353,4","122,8","58,6","2163,4"
77. Hà Nam,10,"85,2","47,6","91,1","152,6","334,7","396,7","408,5","450,5","572,5","429,6","171,3","85,4","2328,3"
77. Hà Nam,5,"107,3","60,0","132,3","169,9","365,4","432,2","442,8","487,6","644,5","479,3","211,7","99,0","2549,6"
78. Ninh Bình,95,"0,9","5,9","14,0","19,1","66,3","66,5","90,7","156,1","125,2","21,8","2,6","0,4","1219,2"
78. Ninh Bình,90,"2,4","7,8","17,2","28,7","71,7","94,0","101,2","175,2","134,2","31,4","3,6","1,5","1403,0"
78. Ninh Bình,80,"6,3","10,9","23,9","40,0","90,4","113,9","133,3","206,5","198,1","89,8","12,2","3,1","1467,6"
78. Ninh Bình,70,"8,6","13,8","32,4","44,5","117,0","148,0","157,3","221,9","224,2","118,5","23,6","6,8","1555,0"
78. Ninh Bình,60,"11,4","16,9","36,8","46,8","123,9","168,0","212,8","250,3","260,0","150,0","39,6","9,5","1646,0"
78. Ninh Bình,50,"13,2","23,0","39,8","58,0","147,7","207,1","234,5","279,4","315,5","199,0","49,8","19,0","1745,2"
78. Ninh Bình,40,"17,9","26,7","45,8","68,1","170,3","216,8","261,3","327,4","378,7","240,0","65,3","27,6","1823,6"
78. Ninh Bình,30,"26,9","29,2","54,6","84,0","201,5","249,9","279,9","399,3","408,7","276,7","70,9","34,0","1910,6"
78. Ninh Bình,20,"49,6","39,3","61,0","110,4","248,9","296,8","318,6","428,1","485,9","350,3","95,0","44,8","2010,3"
78. Ninh Bình,10,"66,1","46,2","89,0","150,6","305,7","340,7","385,4","444,5","692,8","406,7","155,6","75,3","2330,8"
78. Ninh Bình,5,"91,5","62,8","98,6","188,0","320,3","406,6","440,9","503,4","817,6","500,7","186,3","86,6","2505,2"
79. Nho Quan,95,"1,5","9,1","19,9","21,7","87,1","91,6","88,4","149,3","99,9","19,5","0,9","0,1","1292,5"
79. Nho Quan,90,"4,1","9,9","21,2","37,0","98,0","98,2","112,9","164,8","143,3","39,6","5,6","1,3","1374,0"
79. Nho Quan,80,"7,1","14,5","24,8","48,3","115,3","137,2","179,9","218,3","192,9","84,5","11,9","4,2","1459,2"
79. Nho Quan,70,"9,1","15,9","27,7","55,4","137,2","163,9","191,4","256,7","221,3","103,5","24,1","5,5","1534,1"
79. Nho Quan,60,"11,9","17,5","33,3","58,8","161,5","177,0","223,9","281,8","253,9","132,8","38,2","10,3","1702,3"
79. Nho Quan,50,"15,1","21,4","39,5","72,3","181,0","200,4","246,0","299,4","287,5","194,9","48,1","15,2","1896,6"
79. Nho Quan,40,"24,1","25,7","45,9","86,1","210,0","226,9","293,6","323,8","332,2","244,1","63,9","28,3","1945,4"
79. Nho Quan,30,"30,2","30,0","56,0","109,3","258,1","265,7","331,5","375,7","401,3","307,3","90,7","31,2","2038,6"
79. Nho Quan,20,"42,4","32,8","65,0","133,1","298,3","315,9","379,6","421,8","446,6","346,2","109,5","43,5","2179,8"
79. Nho Quan,10,"67,4","40,1","76,5","152,3","354,9","366,5","432,5","479,5","549,8","409,3","143,7","48,4","2476,1"
79. Nho Quan,5,"72,6","52,3","123,3","166,9","438,4","403,2","517,4","571,2","727,6","465,0","220,2","66,2","2552,0"
80. Yên Định,95,"0,6","1,9","8,2","12,9","50,5","48,2","47,3","112,4","103,1","34,6","1,8","0,0","980,5"
80. Yên Định,90,"1,0","3,1","10,8","23,4","62,6","79,0","72,0","126,0","117,4","49,3","4,2","0,2","1101,5"
80. Yên Định,80,"2,9","5,0","14,4","27,6","81,9","112,4","100,6","167,9","166,4","64,9","11,5","3,0","1222,8"
80. Yên Định,70,"4,5","5,9","17,3","35,0","102,9","126,9","128,1","192,0","194,1","82,8","18,9","4,7","1301,0"
80. Yên Định,60,"5,8","10,7","20,2","40,6","119,4","144,7","169,2","219,8","241,9","110,4","24,3","9,0","1428,5"
80. Yên Định,50,"12,2","12,7","24,1","48,5","140,3","160,6","189,0","236,8","285,0","158,5","34,0","12,9","1534,6"
80. Yên Định,40,"15,4","14,7","28,6","54,2","159,9","191,8","223,0","269,7","344,8","205,2","46,0","15,7","1584,1"
80. Yên Định,30,"21,5","19,3","36,6","64,0","182,7","227,2","259,1","309,1","416,1","257,2","62,8","20,9","1638,2"
80. Yên Định,20,"29,1","25,7","43,2","74,2","222,8","278,8","302,5","356,6","495,0","330,4","93,4","33,9","1892,4"
80. Yên Định,10,"45,6","34,5","59,5","119,6","261,4","330,1","354,0","422,4","561,0","398,4","149,4","48,5","2165,1"
80. Yên Định,5,"67,9","48,4","73,1","171,3","301,9","355,4","411,6","472,3","617,5","436,3","194,7","61,9","2241,4"
81. Bái Thượng,95,"4,3","5,7","15,0","27,9","118,1","97,0","119,3","163,4","56,9","26,7","7,0","2,1","1351,3"
81. Bái Thượng,90,"7,2","9,4","19,0","32,2","125,4","114,4","134,9","182,3","118,3","40,5","8,9","3,2","1409,8"
81. Bái Thượng,80,"9,4","13,0","24,8","45,2","147,2","147,5","159,4","225,4","147,6","81,6","21,0","5,4","1565,4"
81. Bái Thượng,70,"12,1","16,4","28,5","54,0","174,9","164,0","182,9","244,4","211,2","121,7","29,2","9,8","1720,5"
81. Bái Thượng,60,"14,3","21,1","33,3","63,3","213,4","213,1","205,8","292,9","254,1","151,6","37,9","13,8","1797,4"
81. Bái Thượng,50,"18,5","24,0","37,1","71,0","231,3","230,3","213,0","311,6","279,0","186,2","47,0","20,6","1885,1"
81. Bái Thượng,40,"25,8","27,7","42,1","83,7","257,4","265,0","245,0","328,7","343,4","218,3","57,9","25,9","2073,8"
81. Bái Thượng,30,"32,5","33,6","53,2","109,5","278,7","301,5","253,8","361,6","394,7","297,7","77,9","32,0","2189,3"
81. Bái Thượng,20,"40,3","41,5","56,7","129,1","332,5","363,0","302,2","414,2","487,7","388,5","123,2","43,9","2288,4"
81. Bái Thượng,10,"59,8","48,6","82,6","153,5","390,5","397,9","381,8","469,7","634,0","426,5","222,4","54,6","2476,5"
81. Bái Thượng,5,"79,8","56,6","123,2","195,4","430,3","442,2","452,3","712,1","704,3","444,7","346,3","57,8","2590,2"
82. Như Xuân,95,"4,7","5,7","9,0","12,3","37,9","47,4","28,2","106,3","81,6","38,4","5,6","1,3","1214,2"
82. Như Xuân,90,"6,2","6,8","12,0","14,9","47,4","63,0","67,3","125,8","118,9","62,6","9,7","2,6","1281,0"
82. Như Xuân,80,"9,3","16,2","29,4","63,3","87,0","94,4","171,6","193,4","96,8","17,2","7,2","1363,2",
82. Như Xuân,70,"12,1","11,8","22,3","33,3","97,3","104,4","121,6","202,9","226,7","132,4","27,8","11,8","1423,6"
82. Như Xuân,60,"14,6","15,2","28,7","37,5","114,5","128,1","138,6","222,0","277,6","160,9","30,8","16,6","1529,0"
82. Như Xuân,50,"16,0","18,4","31,6","49,7","141,5","159,7","161,0","253,9","338,4","216,7","43,8","19,2","1649,4"
82. Như Xuân,40,"23,6","19,6","43,0","64,4","170,6","181,2","196,7","292,4","358,4","270,8","63,1","28,3","1699,4"
82. Như Xuân,30,"30,0","23,4","54,0","73,2","189,1","204,0","230,1","324,4","466,7","344,0","103,7","33,2","1843,2"
82. Như Xuân,20,"47,7","28,6","61,6","84,7","208,4","230,9","264,3","371,2","541,0","419,8","150,9","41,7","1961,4"
82. Như Xuân,10,"61,0","34,2","77,6","111,2","265,8","275,0","307,4","489,5","651,2","567,1","259,6","58,7","2274,1"
82. Như Xuân,5,"75,0","48,9","86,8","153,8","340,8","319,7","320,6","571,9","800,3","635,3","312,2","77,1","2336,5"
83. Tĩnh Gia,95,"4,8","8,0","17,8","14,1","22,1","27,9","36,7","96,2","133,8","57,3","8,5","1,6","1214,2"
83. Tĩnh Gia,90,"9,6","11,7","22,9","22,2","30,4","40,0","48,0","127,8","159,6","85,4","17,0","3,3","1357,3"
83. Tĩnh Gia,80,"17,9","16,1","29,6","28,1","46,2","69,9","52,5","184,7","220,4","122,8","22,5","8,5","1451,6"
83. Tĩnh Gia,70,"20,2","19,3","31,4","36,6","72,4","85,0","77,6","199,5","278,5","154,8","27,1","15,9","1581,6"
83. Tĩnh Gia,60,"22,8","24,4","35,1","39,1","104,4","102,5","95,4","219,7","334,2","257,4","37,2","19,5","1713,0"
83. Tĩnh Gia,50,"25,1","29,6","39,8","50,9","122,5","115,1","148,6","238,7","405,8","308,0","56,2","23,5","1758,0"
83. Tĩnh Gia,40,"31,4","35,0","49,7","62,5","137,0","132,4","158,6","269,5","473,2","389,6","88,3","28,7","1850,5"
83. Tĩnh Gia,30,"46,4","41,2","58,0","72,0","164,1","153,6","203,3","297,9","549,3","477,7","116,5","38,6","2048,9"
83. Tĩnh Gia,20,"62,6","54,7","71,3","83,2","200,8","184,4","241,7","384,1","629,0","543,2","161,2","57,9","2228,4"
83. Tĩnh Gia,10,"91,9","66,8","85,8","111,1","278,5","268,5","362,7","405,1","871,5","700,8","226,6","68,5","2481,6"
83. Tĩnh Gia,5,"101,1","93,9","96,5","131,6","324,7","334,7","498,8","462,0","917,1","808,3","257,3","97,7","2691,5"
84. Thanh Hoá,95,"2,0","3,9","12,6","21,3","31,1","46,4","53,3","101,2","103,9","44,5","4,5","0,0","1087,2"
84. Thanh Hoá,90,"3,5","5,2","14,6","25,6","41,8","63,2","64,0","128,9","154,2","83,8","7,5","0,9","1169,6"
84. Thanh Hoá,80,"5,6","8,2","19,1","29,6","57,4","96,4","84,7","152,6","176,3","109,3","13,2","4,5","1374,5"
84. Thanh Hoá,70,"6,5","11,1","23,9","36,1","106,6","120,3","118,0","173,0","230,1","131,0","25,5","8,7","1461,6"
84. Thanh Hoá,60,"8,8","14,4","27,4","42,0","118,2","136,3","141,9","216,5","300,3","152,2","33,1","14,1","1587,5"
84. Thanh Hoá,50,"14,2","16,8","34,3","48,8","134,8","146,9","171,4","249,5","393,2","209,7","42,1","18,6","1691,3"
84. Thanh Hoá,40,"20,2","21,9","39,7","54,0","152,6","153,8","218,4","271,0","429,9","246,4","60,5","27,2","1769,7"
84. Thanh Hoá,30,"24,5","23,8","48,7","75,1","180,5","186,2","248,5","331,2","487,0","362,1","85,9","39,2","1869,6"
84. Thanh Hoá,20,"36,2","30,3","55,5","90,5","202,8","253,0","288,9","385,0","553,8","430,1","132,9","53,4","1984,1"
84. Thanh Hoá,10,"61,3","41,6","82,4","111,5","262,4","365,0","340,1","510,4","651,0","575,5","169,9","63,0","2317,4"
84. Thanh Hoá,5,"77,6","47,1","95,3","134,9","287,4","426,5","413,4","569,1","897,5","628,8","192,4","78,5","2422,6"
85. Hồi Xuân,95,"0,7","2,7","5,8","22,3","93,0","121,2","170,0","149,1","94,8","12,6","2,4","0,6","1347,1"
85. Hồi Xuân,90,"1,3","3,6","8,2","40,5","114,5","136,0","210,5","164,9","118,5","30,7","5,1","0,8","1448,5"
85. Hồi Xuân,80,"3,0","5,0","12,3","52,2","135,4","172,8","236,1","225,0","170,7","53,6","10,0","2,6","1595,4"
85. Hồi Xuân,70,"4,2","6,9","15,4","66,4","159,9","195,0","259,1","262,7","206,3","80,8","13,1","3,8","1644,5"
85. Hồi Xuân,60,"6,5","9,1","25,1","78,6","175,8","227,8","271,9","298,5","228,7","101,2","16,4","5,5","1694,8"
85. Hồi Xuân,50,"8,6","10,1","31,0","91,0","195,6","244,0","303,1","323,3","256,2","124,1","24,0","12,0","1758,0"
85. Hồi Xuân,40,"10,6","12,5","36,1","94,5","233,6","265,0","324,9","354,6","276,5","147,5","33,3","15,9","1813,4"
85. Hồi Xuân,30,"16,5","20,1","40,8","111,2","269,7","307,1","356,1","385,8","312,1","173,6","41,2","22,7","1899,2"
85. Hồi Xuân,20,"26,4","24,2","48,6","118,9","306,2","332,5","413,8","420,7","364,8","235,6","75,7","26,6","1970,5"
85. Hồi Xuân,10,"42,9","27,7","70,4","155,3","365,9","382,2","497,2","528,5","446,3","345,6","113,8","39,1","2164,4"
85. Hồi Xuân,5,"52,6","35,0","93,4","172,3","397,2","402,6","535,8","566,9","525,3","394,5","144,5","46,7","2376,7"
86. Quỳ Châu,95,"1,8","1,5","2,8","13,0","105,6","66,9","72,5","140,8","98,9","48,5","4,7","0,8","1218,2"
86. Quỳ Châu,90,"2,5","2,0","3,7","19,2","117,9","78,2","96,1","154,6","138,8","69,9","7,7","1,6","1314,7"
86. Quỳ Châu,80,"3,6","2,9","7,9","36,0","143,8","140,0","118,7","188,8","173,5","88,9","13,5","3,3","1392,1"
86. Quỳ Châu,70,"5,7","5,4","12,2","51,8","168,8","150,8","140,2","218,8","212,0","108,3","20,1","5,3","1496,6"
86. Quỳ Châu,60,"8,3","7,1","17,0","62,0","178,0","172,8","156,7","243,4","252,8","120,0","26,9","10,9","1594,5"
86. Quỳ Châu,50,"10,4","9,5","21,0","84,9","196,4","191,1","183,4","279,5","282,6","152,1","34,1","16,2","1707,9"
86. Quỳ Châu,40,"13,9","12,8","28,6","89,5","224,6","215,0","198,0","308,3","303,3","218,1","43,3","19,2","1765,3"
86. Quỳ Châu,30,"16,9","18,0","36,5","101,7","269,6","242,5","239,3","350,0","374,3","300,8","50,8","26,2","1820,1"
86. Quỳ Châu,20,"26,3","23,6","44,2","114,3","309,2","275,9","284,9","379,1","439,9","360,0","74,7","35,1","1894,4"
86. Quỳ Châu,10,"53,4","30,7","69,8","139,4","359,3","307,1","361,1","424,9","555,3","447,1","121,0","39,4","2014,8"
86. Quỳ Châu,5,"71,3","40,9","81,8","184,2","372,8","332,6","485,7","470,7","663,5","528,6","202,9","57,9","2251,8"
87. Quỳ Hợp,95,"2,0","2,1","5,8","21,7","66,2","53,3","54,0","118,4","99,1","40,0","3,9","0,9","1196,8"
87. Quỳ Hợp,90,"3,2","5,0","10,2","24,0","98,3","70,2","58,2","137,4","107,3","54,7","5,8","1,1","1247,1"
87. Quỳ Hợp,80,"4,4","7,0","13,1","30,1","124,1","110,6","104,8","186,2","164,0","98,7","13,0","3,0","1344,3"
87. Quỳ Hợp,70,"6,7","8,8","19,0","47,7","149,7","123,3","120,7","218,0","194,4","117,4","19,6","7,7","1429,7"
87. Quỳ Hợp,60,"10,3","11,0","22,5","53,2","167,5","152,0","140,1","237,2","217,8","159,4","26,6","9,5","1513,8"
87. Quỳ Hợp,50,"15,3","15,1","28,3","62,7","189,7","192,6","166,5","261,1","264,0","197,6","36,0","12,7","1595,7"
87. Quỳ Hợp,40,"17,9","17,7","31,5","75,0","220,5","219,7","199,2","282,8","305,3","239,9","49,5","16,0","1673,0"
87. Quỳ Hợp,30,"23,8","23,3","41,1","87,1","251,0","239,7","221,8","316,5","347,2","326,4","59,2","21,3","1713,5"
87. Quỳ Hợp,20,"35,1","29,1","50,2","93,1","282,7","263,4","243,7","377,2","429,2","355,4","69,4","29,9","1853,5"
87. Quỳ Hợp,10,"55,3","46,7","66,7","113,1","296,5","284,9","306,8","444,5","545,1","436,7","104,3","46,8","1969,4"
87. Quỳ Hợp,5,"71,7","50,0","78,5","159,3","363,3","393,6","376,6","493,5","634,9","475,8","114,5","51,9","2109,4"
88. Tây Hiếu,95,"2,2","2,6","5,7","10,5","48,8","32,9","27,9","76,2","71,8","33,5","6,4","0,4","1111,7"
88. Tây Hiếu,90,"3,4","4,2","9,0","12,8","62,3","54,0","46,9","94,5","94,3","60,3","10,3","1,4","1174,0"
88. Tây Hiếu,80,"5,6","5,0","12,4","19,8","87,1","81,7","86,3","151,2","178,7","90,2","15,3","3,1","1285,1"
88. Tây Hiếu,70,"6,9","8,2","17,1","31,2","104,8","107,8","108,0","197,8","237,1","137,7","29,3","6,8","1353,4"
88. Tây Hiếu,60,"10,3","9,3","19,5","38,5","119,6","131,3","121,5","224,4","263,0","150,2","38,0","11,0","1432,4"
88. Tây Hiếu,50,"12,7","13,4","25,0","47,9","159,3","152,2","136,0","243,7","307,1","188,6","44,4","12,5","1581,6"
88. Tây Hiếu,40,"14,7","15,8","30,3","58,8","165,7","163,6","168,1","295,0","371,8","289,3","51,4","17,8","1681,0"
88. Tây Hiếu,30,"21,1","22,2","35,7","74,7","172,9","204,7","208,9","328,1","436,2","371,9","75,4","26,6","1734,2"
88. Tây Hiếu,20,"41,8","35,8","43,6","100,2","190,2","254,7","292,2","363,9","492,3","422,9","95,8","36,0","1939,9"
88. Tây Hiếu,10,"52,6","48,1","65,0","122,8","239,4","292,3","365,5","434,9","668,6","549,8","123,0","50,0","2084,3"
88. Tây Hiếu,5,"63,4","54,1","72,6","157,4","274,4","313,3","393,4","499,4","706,0","643,8","151,3","66,9","2260,2"
89. Quỳnh Lưu,95,"1,2","2,8","6,4","6,0","22,3","14,6","17,7","73,6","123,4","42,4","4,5","0,8","1109,3"
89. Quỳnh Lưu,90,"1,8","3,0","8,7","8,4","28,8","28,6","27,0","94,0","163,4","86,0","13,4","2,2","1139,9"
89. Quỳnh Lưu,80,"4,2","6,3","13,0","18,2","39,7","52,1","43,7","121,8","203,9","117,5","20,2","4,5","1286,0"
89. Quỳnh Lưu,70,"5,0","7,4","16,9","34,4","59,2","68,3","67,9","188,9","237,3","182,5","29,1","8,0","1421,5"
89. Quỳnh Lưu,60,"8,3","10,5","19,8","43,5","67,6","80,6","84,3","222,2","305,4","231,4","34,6","13,3","1503,2"
89. Quỳnh Lưu,50,"11,5","13,3","25,6","50,9","75,0","98,4","101,3","236,5","368,4","286,0","57,8","24,0","1550,5"
89. Quỳnh Lưu,40,"14,7","17,0","31,5","59,7","99,9","138,6","113,8","259,4","440,1","369,1","90,5","32,0","1691,8"
89. Quỳnh Lưu,30,"20,0","24,9","38,9","63,8","116,6","178,8","159,2","293,8","515,0","437,6","102,8","38,9","1798,2"
89. Quỳnh Lưu,20,"33,2","34,8","46,6","81,6","165,6","215,8","224,9","312,8","572,9","555,4","144,0","54,8","1948,5"
89. Quỳnh Lưu,10,"43,4","53,7","56,3","105,2","236,4","257,1","305,7","410,8","665,2","715,6","214,2","71,1","2109,8"
89. Quỳnh Lưu,5,"53,8","58,4","75,4","117,7","275,7","313,9","372,2","434,5","834,6","850,9","278,7","90,7","2260,8"
90. Con Cuông,95,"8,6","11,3","15,7","24,7","70,6","36,3","39,1","79,6","102,9","52,0","7,6","3,5","1238,9"
90. Con Cuông,90,"11,8","13,1","26,1","30,2","88,0","44,8","58,3","101,1","137,9","66,3","13,8","5,8","1280,0"
90. Con Cuông,80,"15,1","29,8","46,1","104,2","72,1","74,3","156,2","175,8","121,6","23,5","13,6","1390,0",
90. Con Cuông,70,"17,9","19,0","34,9","50,7","123,5","91,4","86,2","204,9","219,8","152,4","36,8","15,4","1447,3"
90. Con Cuông,60,"22,9","23,0","37,4","62,3","147,2","111,5","125,4","230,3","255,6","210,3","51,6","20,9","1550,0"
90. Con Cuông,50,"31,0","26,5","45,5","71,7","161,4","137,0","142,3","262,2","314,0","249,0","60,0","28,0","1620,1"
90. Con Cuông,40,"35,6","31,6","51,0","80,5","174,4","150,9","167,2","279,1","348,6","275,3","73,6","35,8","1773,0"
90. Con Cuông,30,"40,6","39,5","55,9","99,0","211,0","176,5","217,2","314,0","414,5","368,6","103,9","41,0","1876,1"
90. Con Cuông,20,"48,2","55,5","68,0","126,3","261,2","237,7","268,3","377,5","469,2","418,3","121,2","52,0","2068,2"
90. Con Cuông,10,"76,1","69,2","80,5","171,1","294,0","286,8","357,6","430,5","649,0","559,7","164,7","62,2","2233,5"
90. Con Cuông,5,"90,5","75,6","105,2","200,7","318,2","302,3","425,6","450,7","715,3","660,9","202,4","76,1","2480,5"
91. Đô Lương,95,"5,7","10,7","12,1","17,2","52,7","35,6","40,2","77,1","140,7","86,0","13,2","3,4","1216,8"
91. Đô Lương,90,"11,0","12,0","15,7","21,2","61,5","54,2","45,6","113,1","153,3","94,5","19,5","7,5","1320,0"
91. Đô Lương,80,"13,6","15,8","21,1","35,0","79,2","66,2","60,7","165,7","215,6","133,5","25,3","11,6","1446,2"
91. Đô Lương,70,"20,7","18,0","27,0","39,8","118,4","78,9","78,8","173,2","248,6","200,2","39,4","18,3","1578,5"
91. Đô Lương,60,"22,3","21,8","31,4","65,0","130,6","102,0","97,5","197,2","296,5","235,4","66,0","27,3","1626,3"
91. Đô Lương,50,"27,3","26,8","36,8","78,0","143,9","122,4","111,1","225,0","362,8","278,1","78,4","30,2","1768,4"
91. Đô Lương,40,"31,2","28,1","43,0","86,2","174,3","144,2","138,2","290,4","410,0","386,1","108,4","40,1","1861,1"
91. Đô Lương,30,"37,9","35,9","47,9","104,5","184,2","162,0","165,5","317,1","461,2","484,1","132,6","48,8","2036,7"
91. Đô Lương,20,"43,7","44,4","51,1","119,4","224,9","221,4","231,1","376,9","559,2","556,4","183,7","55,4","2143,4"
91. Đô Lương,10,"64,4","56,4","77,3","150,0","327,4","287,9","344,3","420,3","644,4","622,0","206,6","71,2","2307,9"
91. Đô Lương,5,"73,3","66,9","96,5","160,9","345,0","318,3","466,6","455,0","776,8","704,4","264,5","87,9","2348,0"
92. Tương Dương,95,"0,1","0,0","0,9","30,3","62,2","53,0","44,6","106,0","74,6","25,1","1,6","0,1","912,4"
92. Tương Dương,90,"0,3","0,2","2,3","34,7","72,8","62,8","61,0","117,2","88,1","43,9","2,9","0,3","946,3"
92. Tương Dương,80,"0,7","2,2","10,5","42,1","108,3","75,4","79,6","145,8","114,0","56,4","9,2","1,0","1052,8"
92. Tương Dương,70,"1,7","3,2","16,8","54,1","119,3","87,0","94,7","167,3","140,9","93,2","13,8","3,0","1171,2"
92. Tương Dương,60,"3,0","4,2","23,5","61,9","131,7","110,1","133,1","190,2","171,2","105,6","19,2","4,2","1260,7"
92. Tương Dương,50,"4,2","8,6","28,0","72,0","151,9","128,6","162,3","211,0","203,6","139,1","23,7","6,5","1310,4"
92. Tương Dương,40,"7,3","11,9","37,8","81,6","157,7","157,2","174,0","232,2","242,8","169,9","28,3","7,9","1347,2"
92. Tương Dương,30,"13,2","17,9","47,1","90,5","175,0","192,0","193,2","268,4","312,8","196,6","36,4","12,3","1389,9"
92. Tương Dương,20,"18,0","26,9","59,6","107,6","202,9","209,0","224,4","328,1","377,3","221,9","46,6","16,6","1487,4"
92. Tương Dương,10,"32,5","34,0","82,3","135,0","241,6","265,9","286,4","373,2","466,6","276,4","71,9","32,9","1594,0"
92. Tương Dương,5,"57,2","48,5","90,2","182,1","252,8","296,9","369,7","414,8","489,3","303,0","106,1","39,0","1636,3"
93. Vinh,95,"10,8","15,6","14,7","17,5","26,1","3,2","15,3","43,9","96,2","99,1","31,8","14,1","1365,2"
93. Vinh,90,"21,6","18,1","19,6","47,1","9,8","20,4","62,6","116,6","154,8","44,2","18,5","1468,3",
93. Vinh,80,"27,6","24,3","28,8","74,6","38,6","35,2","115,8","197,8","222,3","58,4","26,3","1570,4",
93. Vinh,70,"37,0","28,6","34,9","37,0","81,1","55,9","50,9","143,7","319,8","304,2","74,0","35,2","1731,1"
93. Vinh,60,"43,8","34,8","38,8","44,2","101,3","65,7","74,8","159,4","380,1","350,9","113,6","49,5","1928,5"
93. Vinh,50,"53,5","38,1","46,8","52,7","118,6","83,2","99,5","176,2","394,3","421,5","135,7","56,6","2034,5"
93. Vinh,40,"57,7","42,5","52,2","72,0","125,9","104,2","113,5","215,2","497,7","514,5","156,4","63,9","2176,0"
93. Vinh,30,"61,2","47,4","54,7","80,3","173,1","125,7","119,8","299,4","550,7","644,0","180,1","76,3","2317,0"
93. Vinh,20,"65,3","53,9","63,1","91,6","207,5","160,5","159,2","354,0","739,3","816,3","227,8","92,9","2424,4"
93. Vinh,10,"84,6","64,5","84,0","113,6","270,3","223,1","312,2","429,5","821,1","943,6","291,3","147,8","2575,2"
93. Vinh,5,"93,7","69,1","97,1","121,6","323,5","280,9","388,0","496,2","915,4","1262,7","456,7","197,1","2772,8"
94. Hương Khê,95,"15,0","16,6","21,1","18,9","45,5","37,7","31,0","65,6","132,7","125,1","41,6","18,2","1638,3"
94. Hương Khê,90,"19,4","22,7","25,7","25,6","91,4","48,7","36,0","97,6","173,9","215,7","56,4","23,0","1784,1"
94. Hương Khê,80,"22,1","30,3","36,0","45,4","123,8","72,5","66,4","156,6","249,8","336,5","75,3","34,7","1982,0"
94. Hương Khê,70,"28,3","33,9","44,9","65,6","145,3","86,7","80,1","184,1","301,7","407,8","103,4","46,2","2128,0"
94. Hương Khê,60,"34,4","35,3","49,2","70,9","160,6","113,9","96,7","217,6","369,0","467,3","126,6","55,0","2227,6"
94. Hương Khê,50,"39,8","40,2","53,8","83,0","173,0","134,5","113,9","227,0","430,1","526,7","168,1","61,1","2367,6"
94. Hương Khê,40,"45,1","45,8","66,9","98,4","201,2","160,1","138,6","252,7","546,3","590,7","211,0","72,5","2404,2"
94. Hương Khê,30,"52,4","55,6","80,5","103,7","240,4","190,4","155,0","380,2","640,2","637,2","233,1","81,4","2593,8"
94. Hương Khê,20,"61,7","70,2","87,6","140,5","296,7","246,1","213,6","433,2","731,3","809,5","253,1","91,0","2695,2"
94. Hương Khê,10,"76,7","81,1","119,3","182,0","364,6","289,5","344,8","482,0","852,6","1016,1","385,5","145,4","3366,3"
94. Hương Khê,5,"87,0","87,2","144,6","198,2","413,5","305,1","473,3","613,3","945,7","1108,7","523,9","161,1","3554,8"
95. Kỳ Anh,95,"54,4","23,4","21,9","9,3","22,2","12,6","6,2","25,2","179,4","159,0","84,7","66,9","1889,0"
95. Kỳ Anh,90,"59,9","32,2","23,9","13,5","36,8","22,5","9,9","48,7","231,6","238,2","127,4","79,6","1978,6"
95. Kỳ Anh,80,"74,5","44,8","30,5","25,5","73,8","42,2","19,7","86,0","314,0","376,0","190,7","101,2","2311,0"
95. Kỳ Anh,70,"87,4","54,0","37,9","33,7","87,6","50,7","34,5","106,1","367,8","489,7","238,5","121,1","2461,3"
95. Kỳ Anh,60,"101,1","61,3","45,3","42,3","94,3","73,9","42,9","129,9","459,2","566,2","313,8","139,7","2563,6"
95. Kỳ Anh,50,"107,9","66,4","52,7","52,4","126,6","101,0","66,3","191,8","505,0","700,0","349,4","176,1","2780,8"
95. Kỳ Anh,40,"120,0","73,5","62,3","60,6","147,1","114,7","101,3","221,4","568,1","780,7","391,4","214,8","3057,8"
95. Kỳ Anh,30,"130,2","80,4","78,7","76,1","182,4","141,8","124,8","295,3","606,8","881,7","529,4","241,2","3154,9"
95. Kỳ Anh,20,"142,6","93,6","95,0","100,3","227,8","173,8","155,1","403,8","664,5","1082,6","612,0","285,4","3342,3"
95. Kỳ Anh,10,"155,5","103,7","113,9","132,0","281,5","214,6","218,7","502,4","961,9","1400,8","747,4","355,3","3619,5"
95. Kỳ Anh,5,"188,7","123,0","132,9","153,1","381,8","296,7","303,0","523,0","1102,2","1512,4","767,1","416,8","3738,0"
96. Hà Tĩnh,95,"44,2","19,3","24,5","16,4","36,7","13,9","6,6","29,3","132,2","171,4","79,6","42,9","1689,5"
96. Hà Tĩnh,90,"53,2","29,9","31,1","18,8","39,9","33,5","11,1","55,1","178,2","238,3","91,6","58,0","1764,6"
96. Hà Tĩnh,80,"68,6","36,5","37,9","32,6","79,6","43,2","21,3","87,4","276,3","322,8","147,1","70,6","2023,8"
96. Hà Tĩnh,70,"74,9","48,0","39,3","42,1","97,6","55,6","38,4","118,2","333,2","468,1","209,0","96,2","2274,6"
96. Hà Tĩnh,60,"80,8","52,4","44,5","50,6","111,1","82,7","54,3","154,9","395,9","564,4","251,9","106,8","2538,7"
96. Hà Tĩnh,50,"89,1","55,3","50,8","65,8","124,9","111,0","61,7","184,8","492,6","614,5","285,4","128,0","2716,4"
96. Hà Tĩnh,40,"99,5","66,1","62,9","75,5","146,2","130,1","84,9","218,2","520,2","754,0","322,2","157,3","2882,4"
96. Hà Tĩnh,30,"104,4","73,3","77,1","93,9","174,0","159,7","141,4","280,7","611,6","923,0","355,5","178,7","2986,7"
96. Hà Tĩnh,20,"131,7","81,2","88,2","112,4","214,5","203,2","166,9","325,3","767,9","1022,8","411,3","229,9","3184,4"
96. Hà Tĩnh,10,"146,1","96,0","98,4","126,7","287,9","255,8","257,0","495,5","925,2","1292,0","544,3","322,3","3523,2"
96. Hà Tĩnh,5,"175,9","100,2","129,2","178,7","338,3","347,5","353,6","649,7","1013,7","1751,2","636,3","375,7","3708,1"
97. Tuyên Hoá,95,"12,4","10,8","9,7","12,1","42,7","25,3","20,2","51,2","154,1","151,6","61,9","24,7","1518,2"
97. Tuyên Hoá,90,"17,9","12,2","15,9","18,7","54,6","34,5","31,8","83,1","186,9","261,3","72,2","30,2","1766,9"
97. Tuyên Hoá,80,"23,8","16,5","21,7","31,2","80,9","50,4","41,4","125,6","253,9","328,1","94,5","40,3","1850,4"
97. Tuyên Hoá,70,"31,6","21,9","27,3","38,9","97,4","82,2","54,8","146,9","319,3","418,1","134,2","52,3","1998,0"
97. Tuyên Hoá,60,"40,5","29,0","31,3","55,8","119,6","104,9","70,8","166,3","379,6","505,6","161,7","60,6","2163,0"
97. Tuyên Hoá,50,"44,9","33,8","45,0","66,3","141,0","118,8","95,0","199,5","442,4","576,0","199,1","72,0","2271,6"
97. Tuyên Hoá,40,"52,0","37,5","55,9","83,5","160,5","134,8","133,8","243,8","505,7","681,2","217,2","82,3","2449,4"
97. Tuyên Hoá,30,"59,6","48,1","65,8","102,2","168,0","151,2","163,0","296,4","597,2","835,4","257,2","91,6","2639,8"
97. Tuyên Hoá,20,"70,1","61,3","78,1","112,9","190,0","171,5","210,6","410,8","704,2","972,5","303,3","109,2","2960,2"
97. Tuyên Hoá,10,"79,3","76,1","94,3","153,8","255,7","206,6","309,4","503,2","844,7","1147,4","422,4","165,0","3088,4"
97. Tuyên Hoá,5,"84,5","88,4","108,3","169,5","348,4","226,1","381,0","559,7","1119,8","1306,0","489,5","173,0","3329,2"
98. Ba Đồn,95,"16,0","8,1","6,8","5,9","15,2","1,4","3,5","41,3","122,9","182,8","63,4","25,8","1249,6"
98. Ba Đồn,90,"18,3","9,8","11,0","10,2","27,8","5,2","5,1","48,2","149,2","220,8","73,2","35,6","1391,5"
98. Ba Đồn,80,"28,9","14,4","15,3","15,9","38,5","24,1","12,2","60,5","222,9","302,8","96,6","42,7","1588,5"
98. Ba Đồn,70,"33,6","21,8","17,6","23,7","56,1","45,2","21,5","84,9","262,7","364,6","132,4","56,3","1719,7"
98. Ba Đồn,60,"39,7","24,2","25,5","31,4","71,4","57,3","30,5","101,1","286,2","426,9","182,1","66,1","1838,1"
98. Ba Đồn,50,"45,0","28,4","28,0","42,8","89,0","80,0","44,7","121,4","317,1","546,3","210,5","81,7","2038,9"
98. Ba Đồn,40,"52,1","34,1","39,7","52,5","107,1","91,5","62,5","139,0","392,4","654,5","303,1","94,0","2145,1"
98. Ba Đồn,30,"66,3","38,4","51,0","56,9","136,8","108,4","115,4","222,2","470,3","722,9","322,0","113,5","2310,2"
98. Ba Đồn,20,"80,6","45,7","63,0","66,6","166,0","132,6","169,2","281,7","640,0","861,3","379,3","139,8","2381,0"
98. Ba Đồn,10,"86,5","67,5","75,2","111,2","225,3","163,8","185,7","384,9","753,3","1031,3","447,9","164,1","2733,7"
98. Ba Đồn,5,"91,4","82,2","83,6","121,9","291,4","205,1","317,2","426,4","1012,9","1323,1","591,5","197,8","2858,7"
99. Đồng Hới,95,"17,8","6,9","7,4","7,5","15,1","3,4","3,9","39,8","133,4","199,3","76,3","30,7","1501,6"
99. Đồng Hới,90,"24,6","8,2","9,7","9,9","25,2","8,9","5,9","46,5","156,1","293,8","103,8","40,7","1617,6"
99. Đồng Hới,80,"31,3","17,3","16,0","18,0","44,6","24,9","11,8","67,6","222,8","345,1","152,2","73,4","1787,4"
99. Đồng Hới,70,"38,5","21,4","21,1","20,1","54,4","42,2","18,4","77,0","285,3","437,5","198,1","83,0","1941,9"
99. Đồng Hới,60,"47,8","28,0","25,3","26,7","78,2","55,4","34,1","95,4","352,2","513,6","244,0","96,3","2052,3"
99. Đồng Hới,50,"53,4","31,6","30,7","44,7","98,0","66,6","43,9","132,0","417,7","598,7","290,3","109,1","2143,2"
99. Đồng Hới,40,"61,3","38,3","43,7","53,0","125,2","82,6","64,1","174,3","454,1","681,7","340,2","134,5","2293,0"
99. Đồng Hới,30,"72,4","45,4","59,9","73,3","135,9","95,2","90,2","215,6","564,0","793,4","371,3","153,0","2425,3"
99. Đồng Hới,20,"85,6","58,1","77,4","99,9","149,9","119,0","125,8","286,4","681,7","1008,4","456,5","175,3","2598,4"
99. Đồng Hới,10,"99,8","77,5","85,4","142,0","211,1","139,7","172,3","343,6","924,4","1104,7","544,3","215,0","2725,4"
99. Đồng Hới,5,"128,1","104,9","98,8","178,7","327,1","187,9","252,7","381,5","967,4","1267,4","628,5","246,9","2857,6"
100. Cồn Cỏ,95,"27,2","9,6","9,5","3,5","8,0","0,2","0,0","10,7","113,7","115,1","110,6","57,1","1533,2"
100. Cồn Cỏ,90,"43,2","14,3","11,5","4,1","10,7","1,5","0,5","30,8","135,8","179,6","123,1","85,6","1638,7"
100. Cồn Cỏ,80,"68,3","23,7","15,5","10,6","18,0","3,4","44,2","162,0","266,0","165,7","102,4","1856,7",
100. Cồn Cỏ,70,"89,0","36,0","24,5","18,3","20,8","7,9","9,4","63,0","243,9","374,8","186,8","122,7","1944,0"
100. Cồn Cỏ,60,"123,2","48,3","32,8","30,4","29,5","37,3","21,7","86,9","299,3","465,3","236,7","147,3","2068,6"
100. Cồn Cỏ,50,"142,5","60,1","41,1","49,8","55,0","56,4","27,8","119,2","354,0","499,3","278,1","227,9","2206,4"
100. Cồn Cỏ,40,"158,4","70,5","49,6","58,2","78,9","74,7","37,1","143,5","418,3","580,6","314,5","255,4","2275,6"
100. Cồn Cỏ,30,"173,0","87,6","65,6","65,3","85,7","91,7","56,8","235,5","505,1","653,9","368,9","300,1","2490,6"
100. Cồn Cỏ,20,"217,8","110,3","96,9","85,2","108,7","134,6","94,2","283,8","591,6","702,8","428,5","365,1","2636,4"
100. Cồn Cỏ,10,"248,8","134,6","113,2","143,8","154,8","173,0","167,4","386,7","737,9","824,0","496,5","419,8","2781,4"
100. Cồn Cỏ,5,"314,2","163,5","228,5","195,9","237,5","212,2","256,4","441,9","1006,6","875,7","652,5","454,5","3053,5"
101. Đông Hà,95,"11,1","2,8","2,0","3,3","7,4","4,3","2,0","30,5","108,0","88,7","123,6","48,5","1667,6"
101. Đông Hà,90,"13,5","7,4","5,7","6,1","23,5","9,3","5,3","36,1","140,0","307,5","159,5","60,3","1730,5"
101. Đông Hà,80,"22,6","9,1","11,6","16,9","60,7","30,5","15,9","48,1","177,5","354,7","239,4","73,4","1935,1"
101. Đông Hà,70,"26,7","17,2","14,6","23,0","75,5","42,8","25,3","70,0","228,3","423,6","291,2","111,0","1999,4"
101. Đông Hà,60,"34,1","19,3","20,1","36,4","93,8","66,6","32,3","90,6","273,3","488,0","344,3","152,4","2071,3"
101. Đông Hà,50,"44,0","29,1","27,3","48,0","105,5","80,4","49,9","130,7","348,0","571,2","362,8","174,5","2169,5"
101. Đông Hà,40,"56,7","34,8","34,6","76,0","127,5","95,5","75,2","175,5","411,7","670,2","453,2","225,0","2338,2"
101. Đông Hà,30,"63,8","41,1","43,8","99,2","135,6","103,5","94,5","239,8","446,4","803,9","482,0","237,4","2526,0"
101. Đông Hà,20,"72,4","48,2","60,7","104,5","157,8","122,0","131,3","264,8","581,1","921,4","543,4","268,0","2666,6"
101. Đông Hà,10,"117,4","56,4","78,4","128,6","209,7","202,7","204,3","329,7","724,0","1100,2","607,0","338,9","2927,2"
101. Đông Hà,5,"130,8","76,8","86,8","152,3","283,3","268,4","234,9","360,4","771,8","1202,7","738,6","438,2","2987,6"
102. Khe Sanh,95,"3,0","0,3","1,7","15,9","58,5","29,0","69,1","119,9","112,5","131,8","51,1","13,0","1519,2"
102. Khe Sanh,90,"4,3","1,2","2,0","33,1","64,0","47,2","77,2","133,9","154,7","150,8","74,0","18,3","1661,1"
102. Khe Sanh,80,"6,0","2,1","6,7","39,0","83,0","93,3","116,2","158,9","180,8","182,2","98,4","26,5","1768,7"
102. Khe Sanh,70,"7,5","5,9","12,0","48,5","100,0","122,0","156,3","179,0","202,9","221,8","117,7","40,0","1860,0"
102. Khe Sanh,60,"9,1","7,0","24,0","55,9","121,6","144,0","193,0","207,4","268,5","323,1","126,2","43,2","1941,6"
102. Khe Sanh,50,"13,8","7,8","32,7","71,8","137,3","159,2","238,8","267,7","322,2","396,7","161,8","51,9","2015,2"
102. Khe Sanh,40,"16,1","14,0","47,9","81,9","161,0","204,2","253,5","311,9","360,2","473,2","220,8","65,1","2169,2"
102. Khe Sanh,30,"20,0","18,1","57,2","120,3","217,4","265,8","271,7","373,4","485,6","519,0","239,0","82,3","2310,7"
102. Khe Sanh,20,"33,0","30,0","65,2","151,2","249,7","312,0","291,1","385,7","575,2","662,4","321,2","99,6","2494,7"
102. Khe Sanh,10,"44,0","40,5","70,1","165,2","258,0","340,6","357,5","459,7","658,7","796,0","368,0","123,8","2619,3"
102. Khe Sanh,5,"49,8","57,8","80,9","186,0","288,1","381,6","428,6","488,5","728,1","1205,3","411,4","129,1","2911,4"
103. A Lưới,95,"19,6","6,2","12,2","58,2","108,9","61,1","28,1","74,4","115,0","260,1","190,6","65,3","2228,5"
103. A Lưới,90,"24,0","7,9","18,4","82,2","164,0","69,5","35,2","104,6","200,9","300,7","279,0","74,3","2574,8"
103. A Lưới,80,"29,4","14,2","23,5","97,0","197,6","89,8","63,7","139,1","228,0","406,8","377,1","105,9","2727,1"
103. A Lưới,70,"44,4","18,2","29,1","113,5","215,7","117,4","100,1","170,7","268,7","436,8","414,5","132,6","2887,6"
103. A Lưới,60,"47,2","23,9","41,7","132,7","227,8","146,8","129,2","185,7","325,3","604,0","503,5","216,2","3040,8"
103. A Lưới,50,"66,5","32,2","63,2","155,0","237,5","160,2","162,3","210,6","419,1","730,3","583,0","291,0","3401,3"
103. A Lưới,40,"77,6","34,9","69,5","164,1","258,4","191,9","189,5","234,7","482,8","963,1","740,9","324,3","3730,2"
103. A Lưới,30,"85,1","55,2","92,9","185,6","278,3","212,4","228,0","288,0","520,5","1080,6","837,4","418,1","4184,8"
103. A Lưới,20,"94,9","66,0","109,8","220,1","302,4","281,0","249,9","299,4","624,6","1259,6","1059,4","495,2","4526,1"
103. A Lưới,10,"156,3","138,2","130,2","271,7","374,6","324,8","263,6","357,2","749,1","1460,2","1320,2","585,1","5068,1"
103. A Lưới,5,"186,8","160,8","152,2","304,3","407,8","454,0","365,6","445,9","805,9","2032,3","1981,3","755,8","5479,6"
104. Nam Đông,95,"37,3","6,8","6,6","8,9","57,0","35,4","65,5","67,4","121,3","288,8","250,0","88,6","2162,2"
104. Nam Đông,90,"41,5","9,7","8,9","25,7","81,4","71,9","85,7","79,0","155,2","366,2","259,0","115,2","2515,4"
104. Nam Đông,80,"69,5","13,4","20,0","43,2","112,2","104,0","104,9","129,3","211,8","444,5","301,9","141,5","2780,2"
104. Nam Đông,70,"83,8","23,0","34,6","56,5","123,2","126,5","123,7","136,7","255,2","532,9","489,2","166,3","3368,9"
104. Nam Đông,60,"95,0","35,4","39,8","70,0","147,7","164,4","143,5","181,8","321,6","697,8","598,0","253,1","3501,2"
104. Nam Đông,50,"113,7","42,0","54,8","86,1","204,1","172,3","167,2","197,6","412,0","747,3","733,5","278,0","3597,2"
104. Nam Đông,40,"127,0","52,8","66,1","101,7","227,6","184,4","186,4","219,5","494,6","896,9","785,8","327,3","3872,8"
104. Nam Đông,30,"139,4","69,2","79,5","130,0","263,9","214,6","197,4","241,3","569,6","1237,3","926,4","399,2","4236,3"
104. Nam Đông,20,"159,2","86,0","90,8","157,1","317,7","261,7","210,0","295,7","686,8","1609,9","1193,8","463,8","4508,0"
104. Nam Đông,10,"199,2","124,6","123,8","204,6","362,4","298,5","232,0","483,5","916,6","1726,3","1618,2","587,9","5000,3"
104. Nam Đông,5,"215,1","139,5","138,0","234,7","425,0","397,5","255,4","552,8","1091,4","1775,8","2013,0","645,4","5301,3"
105. Huế,95,"28,7","3,4","7,2","4,3","11,7","12,9","11,3","18,0","58,6","271,4","247,1","89,2","2017,0"
105. Huế,90,"44,7","12,1","8,8","5,7","25,8","16,9","19,3","22,8","87,4","367,0","282,3","104,2","2082,2"
105. Huế,80,"60,1","23,7","14,0","11,5","42,7","33,8","25,0","52,0","177,4","411,3","349,6","137,0","2285,5"
105. Huế,70,"73,4","29,6","18,8","24,9","60,6","47,6","33,0","72,6","247,3","558,5","421,9","208,8","2388,4"
105. Huế,60,"81,9","46,2","25,9","33,6","68,6","59,5","51,9","99,0","295,2","643,1","491,9","272,4","2622,2"
105. Huế,50,"98,7","51,4","36,4","51,0","85,2","78,0","59,7","116,2","319,7","681,9","559,3","316,9","2832,7"
105. Huế,40,"113,8","69,4","45,0","58,1","118,6","93,9","69,0","136,0","363,6","803,0","636,3","371,0","3076,5"
105. Huế,30,"146,8","85,7","62,9","72,8","152,3","106,0","90,5","155,9","523,8","959,3","716,0","392,6","3308,4"
105. Huế,20,"193,3","91,3","76,5","84,2","185,0","122,3","114,2","181,2","662,0","1039,8","829,7","501,7","3506,5"
105. Huế,10,"256,3","135,8","111,6","124,5","224,3","231,4","197,8","264,1","745,0","1368,2","1033,3","575,3","3804,7"
105. Huế,5,"307,6","144,5","170,6","160,5","250,3","327,4","367,0","375,2","1132,5","1531,0","1326,1","726,5","4192,2"
106. Đà Nẵng,95,"16,9","0,2","0,9","0,1","7,7","7,0","8,6","37,2","71,3","260,7","172,2","51,9","1395,0"
106. Đà Nẵng,90,"21,1","0,7","1,3","15,4","16,8","19,6","55,6","122,0","319,2","184,8","63,7","1630,6",
106. Đà Nẵng,80,"28,7","2,9","1,8","6,1","21,2","29,0","35,7","73,4","148,0","363,0","252,6","87,6","1739,5"
106. Đà Nẵng,70,"40,4","8,4","3,7","10,9","36,8","33,7","41,7","79,6","176,8","439,4","281,6","129,6","1867,9"
106. Đà Nẵng,60,"51,8","13,6","5,3","13,0","46,3","46,8","52,7","92,9","203,4","517,0","299,2","164,6","2013,1"
106. Đà Nẵng,50,"67,7","18,3","12,7","16,8","62,9","65,4","61,5","131,1","252,8","589,0","329,0","179,5","2131,2"
106. Đà Nẵng,40,"80,8","24,6","18,0","25,1","68,0","78,6","81,3","147,8","331,5","689,8","417,0","198,0","2236,8"
106. Đà Nẵng,30,"88,5","33,9","29,4","34,6","98,6","96,8","111,2","154,0","420,7","767,2","542,2","230,9","2367,6"
106. Đà Nẵng,20,"115,6","40,0","42,9","54,2","114,8","107,5","133,5","180,0","526,4","881,8","606,0","303,3","2525,5"
106. Đà Nẵng,10,"157,9","57,0","61,5","73,7","157,1","165,7","189,7","262,4","697,2","996,1","801,2","407,2","2941,5"
106. Đà Nẵng,5,"208,2","61,2","73,2","135,8","224,8","223,5","246,0","333,2","833,3","1038,7","1086,4","483,8","3195,7"
107. Tam Kỳ,95,"37,1","0,4","1,7","0,5","14,0","17,9","18,6","19,2","104,6","204,6","212,5","100,1","1719,0"
107. Tam Kỳ,90,"39,1","1,5","2,3","0,6","17,6","22,5","27,9","25,7","113,3","353,9","267,4","123,5","1857,6"
107. Tam Kỳ,80,"55,5","9,5","6,6","4,3","26,7","27,4","35,2","33,3","150,7","410,9","319,8","169,4","2095,2"
107. Tam Kỳ,70,"73,9","20,4","9,9","6,6","34,7","56,4","41,4","46,0","180,5","509,1","361,3","203,8","2379,6"
107. Tam Kỳ,60,"86,1","26,7","13,4","14,1","41,0","75,0","46,2","76,2","228,1","534,1","473,4","251,3","2473,8"
107. Tam Kỳ,50,"89,0","34,6","18,1","19,0","52,4","94,3","62,5","89,8","273,0","622,3","575,2","308,6","2690,9"
107. Tam Kỳ,40,"121,2","50,8","25,8","32,0","72,1","104,2","75,7","154,5","350,4","738,9","656,1","357,0","2976,6"
107. Tam Kỳ,30,"145,0","59,1","60,2","47,5","85,1","109,8","101,9","175,6","396,0","872,0","734,5","404,6","3188,4"
107. Tam Kỳ,20,"222,3","79,8","95,0","77,9","137,5","124,4","146,1","219,2","421,8","1049,7","826,3","506,9","3402,8"
107. Tam Kỳ,10,"246,6","103,9","127,2","112,2","234,1","186,1","208,3","272,4","540,9","1187,9","1169,4","803,6","3455,6"
107. Tam Kỳ,5,"315,4","148,0","207,6","251,6","350,3","256,2","226,9","340,4","712,1","1302,4","1199,4","959,2","3804,3"
108. Trà My,95,"46,3","1,2","4,3","8,5","119,8","80,3","32,1","73,2","172,5","386,5","297,1","156,5","2774,7"
108. Trà My,90,"53,5","2,5","9,1","19,0","157,1","91,6","50,2","82,2","197,2","410,3","424,4","190,5","3204,8"
108. Trà My,80,"80,2","18,0","14,1","35,0","170,8","138,7","93,2","137,3","245,3","516,0","598,3","245,0","3393,3"
108. Trà My,70,"88,8","28,6","27,3","59,7","199,6","159,8","107,5","147,3","286,7","571,3","707,5","285,6","3647,1"
108. Trà My,60,"110,0","38,5","38,9","79,5","230,1","175,2","144,8","170,4","311,0","636,6","839,3","343,0","3828,2"
108. Trà My,50,"119,6","51,0","43,2","88,8","249,5","195,4","167,6","199,9","348,6","849,1","964,6","426,3","3995,6"
108. Trà My,40,"128,9","63,4","55,2","106,6","278,0","217,0","180,2","249,4","387,6","1031,9","1077,2","489,7","4181,3"
108. Trà My,30,"157,1","82,6","95,7","139,9","306,3","232,9","204,2","258,6","486,1","1182,6","1188,1","568,6","4508,0"
108. Trà My,20,"182,6","114,3","164,3","158,1","336,2","304,4","241,7","310,0","585,8","1341,0","1412,5","653,6","5152,3"
108. Trà My,10,"343,5","189,4","207,6","171,6","479,2","326,3","307,3","370,4","660,0","1480,5","1749,3","907,9","5384,3"
108. Trà My,5,"380,1","215,9","300,9","227,4","533,7","358,8","386,9","701,7","1908,8","2004,7","1077,8","5736,7",
109. Ba Tơ,95,"47,4","3,0","3,6","4,3","56,6","84,5","56,1","44,3","105,9","172,4","326,4","57,1","2428,4"
109. Ba Tơ,90,"67,1","8,4","6,7","10,7","77,1","90,2","68,1","62,7","127,4","253,3","369,9","108,1","2626,8"
109. Ba Tơ,80,"81,2","16,4","13,4","19,8","100,6","104,6","82,0","72,3","177,2","410,4","433,9","230,5","2966,3"
109. Ba Tơ,70,"89,1","25,1","27,0","31,9","122,7","115,9","92,9","104,5","247,4","549,6","593,8","272,3","3062,1"
109. Ba Tơ,60,"103,4","37,0","38,0","41,7","144,2","143,4","109,3","121,8","286,6","579,4","829,2","373,5","3287,5"
109. Ba Tơ,50,"136,5","47,9","47,8","57,5","167,1","153,0","124,4","161,9","315,2","691,4","943,5","427,9","3562,1"
109. Ba Tơ,40,"152,2","81,9","56,7","86,3","189,1","165,1","148,2","182,7","336,5","825,2","1043,2","510,1","3916,1"
109. Ba Tơ,30,"176,7","97,9","67,7","105,1","226,4","193,8","152,6","240,1","390,0","999,3","1209,3","636,2","4339,6"
109. Ba Tơ,20,"225,0","106,5","126,1","134,8","257,0","230,9","165,5","273,5","421,1","1065,4","1505,4","752,3","4452,7"
109. Ba Tơ,10,"294,4","148,6","198,0","170,4","366,6","261,9","213,5","309,8","603,2","1411,9","1780,5","1072,3","4828,9"
109. Ba Tơ,5,"358,3","195,4","228,6","206,9","401,9","271,9","250,0","362,6","656,4","1611,4","1880,7","1296,6","5273,7"
110. Quảng Ngãi,95,"22,9","1,4","3,8","0,7","3,7","5,6","12,8","23,6","97,9","196,3","161,8","68,2","1676,1"
110. Quảng Ngãi,90,"41,2","3,8","4,7","1,8","10,6","8,3","22,8","38,1","106,5","258,1","178,2","88,2","1789,3"
110. Quảng Ngãi,80,"56,3","12,0","6,1","4,2","20,5","27,5","31,8","63,0","142,3","394,0","235,1","144,1","2038,9"
110. Quảng Ngãi,70,"65,4","16,6","11,2","8,3","29,2","47,4","43,1","85,8","198,5","451,8","414,0","170,3","2166,1"
110. Quảng Ngãi,60,"92,4","24,3","17,8","13,8","45,7","52,0","61,6","97,6","222,9","549,9","474,9","179,8","2356,7"
110. Quảng Ngãi,50,"107,3","29,3","24,8","25,3","50,8","71,0","74,1","111,9","282,8","600,0","557,0","210,7","2509,8"
110. Quảng Ngãi,40,"119,2","37,3","35,0","33,5","78,5","111,9","83,9","133,7","321,9","730,8","598,7","250,0","2601,9"
110. Quảng Ngãi,30,"143,6","50,5","46,1","39,0","105,9","136,9","97,5","174,3","353,0","832,2","656,3","303,9","2766,0"
110. Quảng Ngãi,20,"190,1","64,8","67,3","67,0","134,1","162,7","141,4","191,8","455,0","936,2","772,8","409,6","3059,1"
110. Quảng Ngãi,10,"240,5","98,3","100,9","77,7","223,3","198,8","189,3","253,5","551,6","1019,5","1192,3","560,6","3302,6"
110. Quảng Ngãi,5,"285,0","112,3","115,1","143,3","325,8","222,9","215,1","278,2","683,9","1099,7","1335,7","794,7","3540,5"
111. Lý Sơn,95,"29,3","7,2","5,6","0,2","1,8","0,5","1,5","5,2","107,5","258,7","121,4","60,6","1513,3"
111. Lý Sơn,90,"36,4","8,7","9,0","0,6","7,9","0,7","2,9","13,8","160,9","276,4","136,9","83,1","1724,7"
111. Lý Sơn,80,"51,1","12,5","21,3","2,5","25,4","4,5","6,0","19,0","194,1","336,5","161,8","97,1","1981,7"
111. Lý Sơn,70,"59,5","15,5","36,5","6,3","45,6","11,3","10,1","27,9","235,5","387,4","237,9","128,5","2112,3"
111. Lý Sơn,60,"85,2","19,4","44,8","9,6","54,7","18,4","15,6","38,7","258,4","444,6","293,9","151,5","2242,6"
111. Lý Sơn,50,"94,0","29,4","64,9","16,6","67,6","23,7","26,4","63,2","287,0","550,5","340,7","209,8","2255,0"
111. Lý Sơn,40,"109,4","35,9","85,7","28,7","89,9","36,3","31,3","92,7","347,9","554,8","455,7","285,9","2347,1"
111. Lý Sơn,30,"126,4","81,3","100,3","47,3","127,4","59,6","42,4","122,0","494,7","574,2","528,4","328,8","2495,8"
111. Lý Sơn,20,"188,8","94,9","137,8","100,3","163,1","97,0","94,5","203,0","599,4","646,5","623,2","379,4","2736,2"
111. Lý Sơn,10,"254,1","107,8","180,3","193,7","199,9","131,5","115,5","328,5","735,9","761,3","879,8","518,2","2986,9"
111. Lý Sơn,5,"301,8","147,0","310,6","231,7","402,2","161,6","150,5","501,6","854,4","855,9","944,4","670,0","3042,7"
112. Hoài Nhơn,95,"14,1","1,5","0,1","0,3","9,0","12,1","15,4","15,3","97,3","141,2","139,9","50,5","1321,0"
112. Hoài Nhơn,90,"22,0","3,1","0,7","0,8","11,9","20,5","24,3","29,2","106,9","234,5","152,7","59,0","1482,8"
112. Hoài Nhơn,80,"29,4","5,1","2,0","2,5","42,2","36,9","32,3","65,5","150,4","290,8","201,2","85,9","1675,5"
112. Hoài Nhơn,70,"38,8","7,7","4,2","4,9","56,3","46,6","36,6","72,7","189,9","367,3","321,9","111,5","1838,5"
112. Hoài Nhơn,60,"44,4","10,7","5,3","11,5","62,0","53,7","42,2","80,2","220,8","485,7","385,2","155,0","1963,4"
112. Hoài Nhơn,50,"48,9","16,0","10,1","19,2","79,5","66,5","48,0","103,1","246,9","604,4","429,9","169,3","2132,6"
112. Hoài Nhơn,40,"57,1","30,1","21,1","26,3","96,8","94,4","63,9","111,1","315,4","656,6","530,8","198,5","2195,4"
112. Hoài Nhơn,30,"89,0","37,7","29,2","34,1","115,9","119,1","79,1","153,1","346,0","678,4","570,9","308,3","2370,3"
112. Hoài Nhơn,20,"134,4","45,6","42,2","46,3","163,6","137,2","106,4","173,8","372,0","762,3","681,1","396,2","2564,0"
112. Hoài Nhơn,10,"181,5","91,0","78,7","113,3","177,5","171,3","133,3","220,1","530,3","887,0","989,0","506,1","2938,9"
112. Hoài Nhơn,5,"226,2","102,6","87,1","163,8","287,5","200,9","146,6","247,7","632,5","986,2","1052,2","578,5","3274,4"
113. Quy Nhơn,95,"14,9","0,2","1,0","0,0","8,4","2,2","5,6","10,2","96,7","224,3","137,3","27,4","1328,1"
113. Quy Nhơn,90,"18,7","1,1","2,2","0,5","10,4","6,5","7,6","14,7","106,9","256,8","179,2","48,7","1356,3"
113. Quy Nhơn,80,"24,0","7,4","5,9","4,3","21,1","18,0","15,0","22,4","132,2","336,1","229,0","71,9","1444,8"
113. Quy Nhơn,70,"38,0","11,1","8,0","7,4","41,3","25,0","21,9","37,7","150,4","397,7","290,7","87,0","1545,0"
113. Quy Nhơn,60,"45,0","15,3","10,5","11,0","49,5","33,9","28,3","48,0","180,2","460,5","312,5","113,6","1609,9"
113. Quy Nhơn,50,"53,4","19,3","15,6","21,4","61,1","45,8","37,1","67,0","210,5","502,3","363,8","156,9","1789,2"
113. Quy Nhơn,40,"63,0","21,6","23,0","26,7","76,3","54,2","43,2","77,6","228,8","535,3","398,3","236,5","1882,1"
113. Quy Nhơn,30,"70,4","34,9","28,9","37,5","86,3","68,1","53,1","102,0","289,3","594,9","524,2","258,9","2004,5"
113. Quy Nhơn,20,"104,0","41,6","52,4","41,7","115,8","88,8","69,9","119,0","353,0","691,8","674,8","326,0","2273,6"
113. Quy Nhơn,10,"129,6","66,4","87,1","88,9","209,4","137,6","86,6","146,2","384,4","893,8","887,6","400,5","2568,7"
113. Quy Nhơn,5,"173,9","95,0","143,4","130,8","267,7","185,9","103,7","184,0","411,3","925,9","1105,2","505,7","2649,4"
114. Sơn Hoà,95,"4,4","0,3","0,0","0,9","39,3","32,1","32,0","20,9","97,5","195,3","102,1","10,7","1252,4"
114. Sơn Hoà,90,"5,1","0,3","0,5","3,5","47,9","41,1","41,6","37,1","112,2","208,9","134,3","13,9","1340,2"
114. Sơn Hoà,80,"9,9","1,1","2,6","10,4","72,4","59,4","48,9","45,8","134,9","229,7","177,4","34,3","1380,7"
114. Sơn Hoà,70,"13,9","1,9","4,1","16,1","101,4","84,0","61,4","74,3","153,3","277,9","197,2","38,7","1421,5"
114. Sơn Hoà,60,"16,9","3,0","6,1","20,4","123,6","97,3","78,1","85,4","170,0","332,9","237,1","50,4","1549,2"
114. Sơn Hoà,50,"19,5","3,9","10,8","26,3","135,7","120,5","90,8","94,0","184,0","375,0","314,9","61,3","1629,8"
114. Sơn Hoà,40,"22,0","8,2","15,9","28,3","146,3","125,3","107,6","124,1","210,8","413,1","437,2","92,0","1698,4"
114. Sơn Hoà,30,"26,6","13,7","24,9","33,0","169,3","131,2","116,4","145,0","222,3","456,4","556,5","146,2","1894,6"
114. Sơn Hoà,20,"33,6","20,3","37,3","51,9","188,3","149,1","129,6","157,5","260,8","491,7","587,6","186,6","2063,9"
114. Sơn Hoà,10,"60,3","29,7","106,7","96,9","275,6","162,0","146,6","197,4","310,5","697,7","741,4","291,4","2461,0"
114. Sơn Hoà,5,"79,5","32,6","135,5","142,3","296,2","181,5","167,3","215,2","340,8","911,1","836,7","409,3","2541,2"
115. Tuy Hoà,95,"11,5","0,9","0,4","0,6","11,2","4,0","4,8","6,2","63,3","201,6","173,8","34,1","1171,0"
115. Tuy Hoà,90,"15,5","1,9","1,6","2,0","14,1","6,6","11,1","12,2","91,9","223,9","199,4","45,4","1236,8"
115. Tuy Hoà,80,"21,5","4,0","5,0","4,8","24,6","14,6","17,3","17,7","111,2","299,9","269,3","67,1","1459,8"
115. Tuy Hoà,70,"31,9","7,2","6,3","6,7","41,3","26,7","22,7","26,2","129,1","343,8","289,9","83,7","1564,5"
115. Tuy Hoà,60,"37,4","11,4","8,7","19,2","50,6","31,2","27,0","34,3","156,4","398,9","334,6","100,4","1658,4"
115. Tuy Hoà,50,"49,6","14,9","14,5","30,7","64,6","42,9","29,7","45,1","181,9","471,8","401,6","131,4","1768,5"
115. Tuy Hoà,40,"61,9","19,9","22,4","38,7","78,4","61,4","39,0","53,0","210,1","559,9","502,2","197,9","1855,6"
115. Tuy Hoà,30,"67,4","23,9","29,0","56,5","100,5","79,2","47,8","63,3","248,7","593,5","564,9","299,8","2042,0"
115. Tuy Hoà,20,"88,1","32,0","45,3","72,2","144,6","91,7","72,6","95,2","316,2","697,3","707,7","336,6","2522,0"
115. Tuy Hoà,10,"120,5","44,2","115,6","115,0","223,0","101,2","114,0","121,1","454,3","804,6","923,7","460,1","2787,0"
115. Tuy Hoà,5,"162,3","76,5","162,0","144,5","250,8","134,4","133,4","146,2","535,6","1225,2","1124,5","616,9","3016,0"
116. Nha Trang,95,"4,0","0,3","0,0","0,4","12,3","6,1","5,9","7,7","43,6","117,7","105,2","9,8","816,3"
116. Nha Trang,90,"6,3","0,5","0,3","0,9","19,0","8,0","7,8","11,9","57,4","135,0","142,0","18,4","948,7"
116. Nha Trang,80,"9,0","1,8","3,1","4,0","30,0","11,9","15,3","18,6","80,0","162,0","181,6","32,9","1040,3"
116. Nha Trang,70,"11,4","3,7","7,3","8,5","35,6","18,9","23,6","27,5","99,6","192,7","238,1","46,8","1120,6"
116. Nha Trang,60,"18,6","7,9","8,8","18,3","48,7","26,3","29,5","31,9","121,5","254,5","311,5","66,9","1188,8"
116. Nha Trang,50,"22,6","11,5","13,1","23,8","54,4","42,1","36,1","45,9","145,6","292,3","327,3","110,3","1297,1"
116. Nha Trang,40,"35,2","14,8","15,0","30,0","72,1","49,3","42,8","52,7","168,5","319,5","380,5","168,4","1392,4"
116. Nha Trang,30,"48,0","18,1","21,1","44,9","92,7","62,4","51,0","64,2","203,8","354,7","460,0","250,8","1505,9"
116. Nha Trang,20,"73,5","22,9","37,7","77,6","140,5","74,1","58,5","81,7","242,8","443,5","546,3","294,0","1690,8"
116. Nha Trang,10,"107,8","37,1","68,2","121,3","175,1","106,4","86,2","93,2","305,3","520,2","758,7","420,4","2246,0"
116. Nha Trang,5,"136,9","40,1","131,3","142,5","200,8","113,1","104,6","123,5","327,8","582,9","799,3","520,4","2324,3"
117. Cam Ranh,95,"0,6","0,0","7,0","7,3","6,9","14,2","79,9","105,4","98,5","2,0","828,6",,
117. Cam Ranh,90,"1,0","0,0","12,6","8,4","13,3","15,0","83,1","126,3","113,9","5,8","866,7",,
117. Cam Ranh,80,"2,9","0,0","0,8","2,8","26,6","23,3","20,4","23,5","97,1","141,5","154,0","16,3","919,6"
117. Cam Ranh,70,"4,3","1,7","3,4","7,2","48,5","33,5","26,4","31,0","122,0","158,0","196,9","38,1","994,7"
117. Cam Ranh,60,"5,2","2,2","7,3","14,8","62,8","42,4","38,7","37,1","128,6","211,0","253,9","53,8","1190,2"
117. Cam Ranh,50,"10,1","4,4","10,6","21,8","76,2","56,5","47,6","44,5","154,5","227,6","293,4","98,3","1270,0"
117. Cam Ranh,40,"18,5","6,3","14,5","25,5","101,6","73,1","55,4","54,3","165,0","298,7","327,5","161,8","1330,1"
117. Cam Ranh,30,"26,4","8,1","21,7","41,8","113,3","85,8","61,8","67,5","186,8","367,9","351,1","204,6","1400,6"
117. Cam Ranh,20,"50,5","19,6","62,1","58,4","157,9","112,1","69,6","84,2","230,1","454,7","451,9","273,2","1694,8"
117. Cam Ranh,10,"79,6","30,7","84,9","93,9","180,3","126,2","107,0","104,6","272,5","496,6","607,1","369,9","1974,2"
117. Cam Ranh,5,"83,5","36,0","157,1","112,6","192,8","157,2","129,5","138,4","314,9","550,0","692,7","527,5","2206,0"
118. Trường Sa,95,"32,1","0,1","3,0","13,6","70,0","85,7","66,2","86,9","128,0","125,4","70,9","1975,8",
118. Trường Sa,90,"39,8","2,6","1,0","4,0","16,8","73,1","119,3","103,5","95,3","148,0","190,4","141,8","2050,9"
118. Trường Sa,80,"58,7","6,8","4,5","10,3","47,9","122,1","151,5","140,4","154,0","179,0","225,6","208,0","2214,4"
118. Trường Sa,70,"67,7","15,4","9,4","20,0","79,1","146,2","172,0","190,2","203,3","204,2","281,2","267,5","2261,2"
118. Trường Sa,60,"86,8","34,0","16,5","31,9","95,7","175,5","210,1","227,1","215,7","230,5","329,4","339,5","2334,8"
118. Trường Sa,50,"108,2","57,4","27,1","56,4","114,7","214,6","217,1","245,2","272,2","263,0","356,5","411,0","2600,5"
118. Trường Sa,40,"152,3","74,3","50,1","63,8","140,6","252,6","239,0","262,4","310,2","291,0","371,8","462,6","2683,6"
118. Trường Sa,30,"186,6","81,6","81,9","72,9","177,2","281,4","289,1","293,6","330,7","337,8","426,0","557,1","2780,0"
118. Trường Sa,20,"217,0","109,6","103,8","103,9","209,8","314,8","329,5","338,7","353,0","408,2","486,8","667,4","3057,4"
118. Trường Sa,10,"363,4","209,7","170,9","138,0","239,1","370,0","422,2","403,6","388,4","499,5","650,1","844,3","3477,1"
118. Trường Sa,5,"440,8","299,8","404,3","143,6","250,9","384,2","467,2","495,9","408,5","606,0","807,9","1150,5","3923,6"
119. Phan Thiết,95,"0,0","32,1","52,7","63,1","85,0","85,4","42,9","3,0","0,0","805,6",,,
119. Phan Thiết,90,"0,0","0,2","62,8","75,9","78,7","94,9","98,0","75,0","5,1","0,0","847,1",,
119. Phan Thiết,80,"0,0","0,6","68,9","92,5","110,1","115,1","128,0","96,8","9,1","0,0","903,0",,
119. Phan Thiết,70,"0,0","5,2","86,6","102,6","132,1","125,8","147,7","103,7","14,8","1,1","955,8",,
119. Phan Thiết,60,"0,0","9,3","98,0","119,7","142,2","142,6","155,1","129,5","18,6","2,4","1009,4",,
119. Phan Thiết,50,"0,0","15,3","137,2","143,7","160,0","151,7","177,0","143,2","24,7","3,0","1058,8",,
119. Phan Thiết,40,"0,0","0,3","18,0","162,5","151,6","175,2","181,9","191,7","163,0","53,5","9,3","1093,3",
119. Phan Thiết,30,"0,2","0,0","0,6","31,2","180,4","170,7","195,8","194,3","214,3","179,1","62,8","20,4","1163,3"
119. Phan Thiết,20,"1,9","0,2","3,0","63,8","218,0","195,9","220,1","220,6","250,3","208,6","92,5","27,7","1268,6"
119. Phan Thiết,10,"5,0","0,7","9,4","74,7","251,3","229,0","280,0","255,1","287,6","261,9","122,7","69,3","1363,7"
119. Phan Thiết,5,"12,0","1,7","23,7","113,2","275,6","253,2","316,0","267,4","305,9","306,5","186,0","94,8","1447,9"
120. Hàm Tân,95,"0,0","57,5","122,3","164,9","166,4","109,0","81,8","0,9","0,0","1290,6",,,
120. Hàm Tân,90,"0,0","93,7","144,2","166,7","169,1","140,5","96,0","1,9","0,0","1338,4",,,
120. Hàm Tân,80,"0,0","0,1","109,6","185,3","201,7","189,8","182,0","134,2","5,7","0,2","1392,7",,
120. Hàm Tân,70,"0,0","1,5","140,8","207,8","225,2","209,5","196,2","144,1","15,8","2,0","1476,1",,
120. Hàm Tân,60,"0,0","6,2","161,1","233,6","278,9","241,2","226,8","164,3","26,3","4,0","1524,6",,
120. Hàm Tân,50,"0,0","9,4","178,7","249,3","299,2","261,9","245,8","175,0","32,9","5,7","1578,5",,
120. Hàm Tân,40,"0,1","0,0","0,4","18,7","198,8","266,4","309,1","317,0","256,9","210,9","44,8","10,4","1685,7"
120. Hàm Tân,30,"0,3","0,1","2,0","38,1","234,3","301,2","333,5","348,9","308,2","231,1","65,1","22,4","1761,6"
120. Hàm Tân,20,"0,6","3,6","76,9","248,1","372,5","355,7","375,1","356,5","250,2","74,7","37,3","1864,5",
120. Hàm Tân,10,"5,6","1,0","21,2","148,2","306,2","408,4","417,0","418,8","402,1","358,3","102,7","64,5","2000,1"
120. Hàm Tân,5,"8,7","2,1","66,0","184,1","357,9","433,1","462,4","519,8","424,8","412,1","160,5","101,0","2037,7"
121. Phú Quý,95,"0,0","40,9","32,2","33,0","43,3","77,0","80,7","44,7","8,0","869,3",,,
121. Phú Quý,90,"0,0","0,2","47,2","57,5","48,5","49,4","80,6","97,6","51,6","12,3","896,4",,
121. Phú Quý,80,"0,4","0,0","2,4","57,1","76,3","68,9","67,3","100,2","116,4","71,1","23,6","1015,2",
121. Phú Quý,70,"1,3","0,0","0,3","6,6","75,0","101,2","85,3","82,3","114,1","173,3","112,7","37,8","1108,3"
121. Phú Quý,60,"2,6","0,1","1,1","9,5","98,2","120,4","104,4","92,0","134,3","194,6","131,4","55,3","1220,2"
121. Phú Quý,50,"3,8","0,6","2,2","19,6","130,2","129,0","116,1","108,0","163,2","208,7","203,2","67,1","1288,0"
121. Phú Quý,40,"5,7","1,8","5,9","32,9","147,1","140,3","125,5","114,0","176,7","239,1","228,8","98,9","1362,7"
121. Phú Quý,30,"9,5","5,1","16,5","54,4","181,5","159,1","142,9","145,5","194,2","267,3","248,3","123,5","1554,5"
121. Phú Quý,20,"12,8","7,3","32,8","78,3","203,0","214,5","183,0","166,5","244,5","312,4","262,8","203,3","1636,2"
121. Phú Quý,10,"37,7","13,2","85,4","129,6","225,3","240,6","244,4","191,2","332,4","373,6","311,2","246,4","1765,6"
121. Phú Quý,5,"114,4","24,7","101,6","143,0","273,2","366,4","280,5","205,7","374,8","432,4","388,8","303,0","2005,2"
122. Đắc Tô,95,"0,0","1,9","26,0","91,8","185,4","182,8","132,2","66,4","0,2","0,0","1197,1",,
122. Đắc Tô,90,"0,0","2,8","28,4","106,4","126,6","205,4","226,0","162,8","70,7","2,8","0,0","1388,8",
122. Đắc Tô,80,"0,0","10,0","39,6","138,8","186,9","237,1","272,4","193,0","89,6","8,8","0,0","1559,4",
122. Đắc Tô,70,"0,0","0,3","20,7","48,2","167,1","202,2","256,4","295,5","219,6","105,8","22,9","0,0","1606,3"
122. Đắc Tô,60,"0,0","1,2","27,0","74,6","177,1","214,3","265,2","328,1","248,9","134,4","31,8","0,0","1679,4"
122. Đắc Tô,50,"0,0","1,8","33,3","98,0","182,6","235,3","280,7","349,0","273,5","142,8","36,3","2,0","1837,4"
122. Đắc Tô,40,"0,0","4,8","44,6","107,8","200,4","243,0","341,8","386,0","289,1","162,0","41,3","3,6","1901,6"
122. Đắc Tô,30,"0,2","7,9","58,5","112,5","224,6","322,7","380,0","418,5","310,3","175,3","56,5","10,5","2053,6"
122. Đắc Tô,20,"0,6","11,8","70,4","128,2","279,5","338,8","402,7","477,3","353,5","203,5","76,3","21,2","2140,0"
122. Đắc Tô,10,"11,7","15,8","92,3","159,1","339,8","430,4","452,6","602,5","430,7","297,0","139,1","37,9","2281,7"
122. Đắc Tô,5,"22,3","32,8","100,1","182,8","378,2","509,7","471,9","643,5","508,1","332,5","193,9","65,8","2400,5"
123. Kon Tum,95,"0,0","34,3","91,5","73,8","175,9","157,4","150,7","49,0","0,2","0,0","1448,8",,
123. Kon Tum,90,"0,0","0,3","40,3","123,9","140,4","194,3","204,6","161,6","78,0","7,7","0,0","1494,8",
123. Kon Tum,80,"0,0","4,7","52,4","140,3","166,9","239,2","264,8","209,0","92,7","13,1","0,0","1567,8",
123. Kon Tum,70,"0,0","10,6","57,2","161,9","197,5","259,9","286,8","259,7","115,7","21,4","0,0","1732,1",
123. Kon Tum,60,"0,0","21,1","75,9","200,5","211,6","269,9","301,0","273,6","142,5","33,9","0,0","1829,0",
123. Kon Tum,50,"0,0","0,4","31,2","89,0","217,5","238,0","286,8","333,2","307,4","156,9","38,9","0,0","1866,3"
123. Kon Tum,40,"0,0","2,2","38,7","103,1","248,6","266,1","321,7","360,1","326,0","179,2","55,0","0,4","1926,3"
123. Kon Tum,30,"0,0","6,5","47,8","119,5","288,7","310,9","347,2","373,8","352,8","235,9","69,9","4,4","1956,2"
123. Kon Tum,20,"0,4","10,0","52,3","134,8","303,8","347,1","390,1","397,4","392,8","271,1","99,2","11,0","2086,0"
123. Kon Tum,10,"3,5","17,9","91,7","172,4","366,4","416,9","464,5","495,3","437,4","325,7","124,2","16,8","2259,5"
123. Kon Tum,5,"6,4","40,7","132,3","212,3","473,8","434,8","481,4","533,8","504,7","347,4","168,4","49,9","2272,8"
124. Pleiku,95,"0,0","16,6","113,3","103,2","185,4","228,4","191,7","62,9","0,6","0,0","1599,0",,
124. Pleiku,90,"0,0","19,3","122,5","127,3","250,6","259,8","216,3","73,0","5,9","0,0","1648,4",,
124. Pleiku,80,"0,0","0,7","35,3","146,7","177,8","280,1","336,3","258,9","85,7","14,0","0,0","1818,0",
124. Pleiku,70,"0,0","3,6","55,0","172,0","208,0","302,4","363,6","284,5","121,1","30,3","0,1","1895,2",
124. Pleiku,60,"0,0","6,1","67,7","203,5","241,9","354,3","382,0","317,4","151,3","36,3","0,4","2118,7",
124. Pleiku,50,"0,0","9,6","81,5","235,8","264,3","389,0","424,9","337,4","170,0","42,2","1,0","2177,1",
124. Pleiku,40,"0,0","0,2","25,7","100,2","250,0","342,1","425,6","476,9","370,0","187,9","54,3","2,0","2265,5"
124. Pleiku,30,"0,1","2,1","40,2","121,5","296,1","376,8","451,8","522,0","402,3","217,7","84,6","4,8","2394,5"
124. Pleiku,20,"0,7","7,4","44,5","129,5","329,7","433,3","491,6","563,1","479,8","267,6","102,7","16,7","2473,1"
124. Pleiku,10,"7,2","23,6","55,3","157,6","376,2","623,0","594,3","653,2","525,2","337,2","150,5","35,5","2683,8"
124. Pleiku,5,"18,3","33,0","64,5","174,7","514,6","696,4","649,8","765,6","550,6","418,4","163,3","43,2","2811,2"
125. An Khê,95,"1,9","0,0","0,4","38,4","25,5","37,9","44,5","90,9","113,1","76,3","17,9","1039,5",
125. An Khê,90,"5,0","0,0","0,6","5,2","67,3","44,0","56,3","98,2","133,6","98,0","24,1","1136,0",
125. An Khê,80,"7,5","0,7","3,0","18,4","90,2","53,0","59,3","83,5","116,3","191,3","145,5","33,0","1266,7"
125. An Khê,70,"7,9","1,7","5,7","29,2","100,1","62,7","82,0","103,3","143,7","254,6","177,8","44,1","1361,1"
125. An Khê,60,"9,8","4,9","8,9","34,2","115,5","78,4","94,8","118,2","162,4","302,9","217,8","61,0","1474,7"
125. An Khê,50,"14,6","6,7","12,3","48,5","147,4","90,9","111,5","139,7","185,1","340,0","278,2","77,7","1579,5"
125. An Khê,40,"20,1","10,6","19,7","62,2","165,3","116,7","135,9","170,9","209,5","365,4","330,1","88,2","1748,4"
125. An Khê,30,"24,5","16,4","30,6","72,8","190,7","150,8","159,9","179,7","235,9","412,2","351,0","125,5","1859,6"
125. An Khê,20,"31,1","23,5","38,5","81,2","203,1","176,7","194,6","196,1","277,6","460,9","526,9","203,0","1947,6"
125. An Khê,10,"63,3","32,7","47,3","121,5","251,1","201,2","220,4","211,3","332,9","513,1","668,4","324,9","2156,5"
125. An Khê,5,"86,9","36,3","64,2","188,3","260,2","229,5","234,3","221,5","400,4","608,5","700,6","424,2","2318,3"
126. AyunPa,95,"0,0","1,0","74,7","27,9","44,7","75,7","80,2","60,3","12,5","0,6","940,9",,
126. AyunPa,90,"0,0","1,1","92,3","46,8","56,1","87,6","112,4","86,7","25,2","1,0","982,2",,
126. AyunPa,80,"0,0","14,0","103,2","60,8","78,9","111,0","127,5","124,9","56,8","2,8","1041,9",,
126. AyunPa,70,"0,0","0,1","25,9","113,8","79,6","91,9","118,0","149,6","148,3","59,9","3,9","1122,3",
126. AyunPa,60,"0,2","0,5","41,1","131,4","94,3","112,1","131,0","190,0","165,8","82,1","4,9","1218,6",
126. AyunPa,50,"0,5","4,5","47,1","153,5","119,0","122,8","152,2","223,2","182,7","130,8","5,9","1280,3",
126. AyunPa,40,"0,7","1,1","11,3","63,0","166,3","141,0","136,0","172,6","246,5","206,6","159,0","11,0","1301,6"
126. AyunPa,30,"1,5","1,4","15,2","75,6","192,0","158,8","153,8","178,6","283,7","241,2","213,2","17,6","1452,6"
126. AyunPa,20,"2,7","4,2","22,2","109,3","214,9","194,9","175,1","199,8","309,2","304,8","271,2","42,0","1497,0"
126. AyunPa,10,"6,7","13,8","38,8","124,6","270,4","249,7","196,7","231,4","340,4","398,3","303,2","79,6","1545,4"
126. AyunPa,5,"7,4","20,7","64,2","145,9","301,1","277,0","216,5","281,6","366,6","434,1","319,5","184,5","1624,4"
127. M’Đrắk,95,"4,4","0,1","1,0","14,9","86,7","47,1","45,7","44,4","104,9","114,5","118,5","29,7","1383,0"
127. M’Đrắk,90,"11,7","0,7","3,2","17,0","96,8","56,5","60,0","53,4","128,3","146,9","151,8","37,2","1446,6"
127. M’Đrắk,80,"16,6","2,0","5,8","28,8","130,4","74,9","71,3","62,7","152,3","215,1","198,2","64,9","1600,1"
127. M’Đrắk,70,"18,7","5,2","8,7","40,7","149,6","90,2","91,0","80,6","171,2","259,8","227,0","93,6","1665,0"
127. M’Đrắk,60,"23,9","8,7","10,7","46,9","160,6","101,7","97,2","86,1","187,0","303,2","302,6","131,0","1806,7"
127. M’Đrắk,50,"31,4","17,5","16,4","58,9","200,7","114,9","106,1","107,8","221,5","365,9","383,7","163,9","1882,1"
127. M’Đrắk,40,"42,2","20,4","21,7","75,7","209,7","131,1","116,4","153,2","235,3","424,3","467,4","174,3","1973,0"
127. M’Đrắk,30,"57,1","23,6","47,3","106,0","229,3","140,8","142,5","162,4","251,7","469,8","555,5","217,2","2181,0"
127. M’Đrắk,20,"95,3","34,9","56,6","136,2","257,4","177,2","178,1","193,2","304,8","519,0","706,5","303,7","2625,6"
127. M’Đrắk,10,"126,0","59,9","93,0","165,9","278,5","207,7","210,3","230,1","329,4","606,9","820,6","605,8","3055,8"
127. M’Đrắk,5,"140,2","87,6","131,2","221,9","286,2","222,1","218,2","273,3","359,5","661,5","1067,1","664,7","3269,4"
128. Buôn Ma Thuột,95,"0,0","11,9","114,7","122,3","87,9","176,9","174,5","47,6","5,7","0,0","1388,0",,
128. Buôn Ma Thuột,90,"0,0","13,6","140,2","134,2","123,3","192,7","191,9","77,8","10,3","0,0","1459,5",,
128. Buôn Ma Thuột,80,"0,0","0,2","19,8","159,5","156,2","166,6","226,2","210,9","90,2","31,1","0,8","1555,1",
128. Buôn Ma Thuột,70,"0,0","2,3","30,7","171,5","167,3","207,5","255,7","251,1","124,4","47,6","2,1","1619,9",
128. Buôn Ma Thuột,60,"0,1","0,0","3,8","46,4","213,3","207,6","218,2","277,8","265,6","152,5","79,5","4,6","1660,5"
128. Buôn Ma Thuột,50,"0,3","0,1","12,6","72,0","229,9","220,7","240,0","297,1","289,9","163,0","97,7","8,2","1758,7"
128. Buôn Ma Thuột,40,"0,6","0,7","23,1","84,4","247,2","256,5","297,3","307,2","301,2","193,5","104,5","11,8","1814,3"
128. Buôn Ma Thuột,30,"2,1","1,2","28,7","120,7","263,2","269,5","315,5","333,6","354,8","232,9","120,3","25,8","1956,3"
128. Buôn Ma Thuột,20,"6,0","3,0","44,0","136,7","295,3","315,0","342,7","371,4","371,2","289,0","147,3","52,8","2033,7"
128. Buôn Ma Thuột,10,"22,6","7,8","66,6","176,3","347,1","392,8","373,0","404,4","488,7","410,3","166,5","91,8","2164,9"
128. Buôn Ma Thuột,5,"24,9","22,5","83,4","221,2","385,7","453,6","396,9","521,8","545,7","443,4","268,4","114,1","2223,1"
129. Buôn Hồ,95,"0,0","0,3","7,4","90,1","91,8","80,0","123,4","130,3","58,6","11,8","1,3","1176,9",
129. Buôn Hồ,90,"0,1","0,0","0,5","18,2","103,8","95,1","92,1","139,0","153,8","73,1","14,0","1,7","1223,7"
129. Buôn Hồ,80,"0,5","0,1","1,0","33,4","123,2","113,0","124,8","163,2","181,5","100,5","33,8","3,9","1369,6"
129. Buôn Hồ,70,"0,8","0,5","4,2","61,3","147,7","129,8","147,2","184,4","213,5","126,8","48,7","5,1","1450,8"
129. Buôn Hồ,60,"1,1","0,6","6,8","69,9","164,8","163,5","170,7","226,9","229,0","147,2","74,0","7,2","1491,6"
129. Buôn Hồ,50,"1,3","0,9","8,3","85,1","177,1","185,8","186,7","247,4","245,3","175,6","90,6","10,3","1574,8"
129. Buôn Hồ,40,"1,8","2,0","11,9","107,3","197,5","225,6","196,9","258,9","259,1","198,9","122,7","18,6","1615,8"
129. Buôn Hồ,30,"3,2","2,7","19,3","124,0","209,5","243,8","217,1","283,4","275,1","222,3","145,2","26,2","1712,6"
129. Buôn Hồ,20,"5,7","30,8","137,2","247,0","266,7","253,4","300,8","335,1","270,5","171,0","45,1","1780,3",
129. Buôn Hồ,10,"11,0","17,1","55,5","154,4","316,5","304,5","290,7","371,4","372,7","323,6","232,4","83,9","1838,6"
129. Buôn Hồ,5,"30,7","24,1","69,4","164,1","332,8","358,4","316,7","511,1","460,3","396,7","276,1","111,2","1870,8"
130. Đắk Nông,95,"0,0","17,8","33,6","153,9","149,1","253,4","221,1","235,2","118,1","2,9","0,0","1951,0",
130. Đắk Nông,90,"0,0","0,2","25,7","55,5","181,6","181,9","275,8","237,6","250,5","123,6","17,9","0,1","2005,5"
130. Đắk Nông,80,"0,2","1,1","44,9","99,1","201,7","201,0","304,8","308,2","272,7","161,3","26,2","0,8","2164,1"
130. Đắk Nông,70,"1,0","4,7","61,1","126,4","217,4","246,1","314,1","337,3","337,9","209,6","45,4","2,3","2319,8"
130. Đắk Nông,60,"2,2","9,9","84,3","141,0","224,5","266,4","350,0","386,1","366,1","225,9","57,6","5,6","2382,3"
130. Đắk Nông,50,"3,5","13,3","102,5","167,6","241,6","305,7","392,5","425,0","408,0","246,2","63,0","8,6","2501,9"
130. Đắk Nông,40,"6,6","16,8","118,8","180,0","262,4","364,4","410,0","442,6","423,2","275,2","78,6","11,6","2594,6"
130. Đắk Nông,30,"20,3","40,6","134,7","199,8","285,0","380,1","451,3","531,4","449,9","301,2","90,3","25,7","2675,8"
130. Đắk Nông,20,"27,2","64,6","152,5","225,0","324,9","417,2","482,9","585,9","490,4","331,8","115,5","42,1","2720,7"
130. Đắk Nông,10,"59,5","71,1","189,4","279,1","407,8","492,4","523,2","663,4","555,4","402,2","169,3","62,2","2957,1"
130. Đắk Nông,5,"64,3","106,9","194,2","308,8","492,6","502,7","541,2","721,0","628,9","442,1","177,8","67,8","3330,2"
131. Liên Khương,95,"0,0","31,8","85,5","105,6","68,5","70,3","93,0","75,8","4,1","0,0","1277,7",,
131. Liên Khương,90,"0,0","52,3","113,8","115,2","103,2","76,3","146,0","93,9","6,9","0,0","1315,0",,
131. Liên Khương,80,"0,0","10,0","73,5","147,1","123,9","135,8","126,0","184,0","154,8","23,3","0,3","1406,5",
131. Liên Khương,70,"0,0","18,0","84,3","174,5","131,0","153,2","148,8","215,1","188,0","45,8","0,8","1496,0",
131. Liên Khương,60,"0,0","25,1","102,6","206,2","147,6","178,1","164,4","268,0","205,0","64,3","4,0","1570,4",
131. Liên Khương,50,"0,2","0,1","41,9","120,1","222,2","162,7","193,5","168,7","281,2","214,9","80,0","11,0","1618,2"
131. Liên Khương,40,"0,4","2,6","53,8","142,3","232,6","184,7","209,1","185,6","304,1","237,8","107,3","24,0","1648,5"
131. Liên Khương,30,"3,2","8,0","78,4","155,9","259,9","209,5","233,8","211,3","330,2","258,7","117,8","37,5","1724,0"
131. Liên Khương,20,"7,0","17,7","92,3","198,7","281,0","226,2","259,0","235,0","357,2","329,8","144,7","59,8","1818,4"
131. Liên Khương,10,"11,0","51,9","101,0","225,3","346,9","269,0","286,9","249,4","376,8","345,0","177,3","76,7","1924,0"
131. Liên Khương,5,"28,3","72,8","131,5","255,5","398,3","287,7","326,3","292,7","409,6","402,8","185,7","138,0","1952,4"
132. Đà Lạt,95,"0,0","4,3","61,7","74,8","100,5","129,1","97,1","124,7","87,4","6,3","0,2","1418,6",
132. Đà Lạt,90,"0,0","6,5","78,1","116,1","111,6","146,6","114,3","141,0","120,3","12,8","0,5","1544,1",
132. Đà Lạt,80,"0,0","15,6","94,5","142,3","138,6","162,1","158,1","200,6","156,7","33,0","1,4","1625,8",
132. Đà Lạt,70,"0,1","0,8","25,7","113,1","161,8","162,3","191,4","199,1","217,8","198,6","52,0","5,3","1670,4"
132. Đà Lạt,60,"0,3","1,6","45,4","127,4","175,1","178,2","209,3","210,8","250,5","234,3","69,1","9,2","1764,2"
132. Đà Lạt,50,"2,9","4,4","59,3","148,3","194,0","198,4","218,7","224,4","274,7","255,7","85,6","21,0","1814,4"
132. Đà Lạt,40,"4,2","16,4","76,6","171,0","221,8","222,3","253,7","256,3","306,8","265,2","107,9","31,9","1883,1"
132. Đà Lạt,30,"10,5","25,6","97,0","203,9","258,8","231,7","261,3","276,0","342,3","275,6","119,8","49,6","1962,5"
132. Đà Lạt,20,"17,4","35,1","106,8","242,2","290,6","265,7","284,0","309,0","386,9","347,2","146,4","62,2","2012,4"
132. Đà Lạt,10,"26,2","66,8","133,9","278,1","325,8","278,2","329,7","362,0","440,6","376,3","170,9","80,4","2106,1"
132. Đà Lạt,5,"36,7","83,6","144,7","339,1","359,5","339,4","388,1","406,8","463,5","393,5","217,3","134,4","2126,5"
133. Bảo Lộc,95,"2,8","2,0","10,2","77,0","126,8","162,3","105,8","219,6","224,5","181,5","57,3","6,8","2260,0"
133. Bảo Lộc,90,"4,7","4,6","18,1","87,8","140,9","180,7","211,1","264,4","268,1","214,5","72,2","9,9","2424,9"
133. Bảo Lộc,80,"7,9","14,6","35,8","102,7","186,8","209,2","284,7","329,9","294,6","267,7","101,1","20,5","2493,9"
133. Bảo Lộc,70,"17,5","27,5","62,4","159,3","196,6","232,6","315,4","348,6","336,1","291,0","123,0","34,2","2605,5"
133. Bảo Lộc,60,"26,9","35,6","86,5","165,9","207,9","252,4","356,7","369,0","360,7","313,2","134,9","49,2","2704,8"
133. Bảo Lộc,50,"46,0","43,8","97,5","188,6","224,1","305,8","394,0","409,5","391,9","333,7","149,7","68,8","2784,2"
133. Bảo Lộc,40,"57,1","54,5","140,8","227,9","250,3","323,0","433,4","436,6","407,5","340,9","169,0","89,6","2906,5"
133. Bảo Lộc,30,"70,4","68,0","162,6","250,9","266,1","372,2","462,0","510,5","443,8","362,5","190,8","112,4","2967,4"
133. Bảo Lộc,20,"100,8","76,9","196,0","270,9","310,7","410,0","482,6","605,3","514,9","381,0","268,8","133,0","3131,8"
133. Bảo Lộc,10,"129,5","121,7","229,2","330,0","364,8","448,9","601,6","722,4","585,6","494,0","314,4","171,9","3368,6"
133. Bảo Lộc,5,"161,5","152,3","248,7","387,6","392,8","514,5","657,6","804,7","616,6","512,4","382,0","208,5","3686,0"
134. Đồng Phú (Đồng Xoài),95,"0,0","25,0","114,4","165,7","195,0","156,5","276,4","230,0","39,3","0,0","1878,0",,
134. Đồng Phú (Đồng Xoài),90,"0,0","35,7","132,8","196,4","213,5","224,2","289,4","239,7","49,1","1,9","2047,2",,
134. Đồng Phú (Đồng Xoài),80,"0,0","2,3","70,8","163,1","234,6","250,3","300,3","328,0","254,1","61,1","7,6","2238,8",
134. Đồng Phú (Đồng Xoài),70,"0,0","13,6","108,3","193,8","272,5","282,6","338,4","343,7","282,3","96,6","12,3","2394,7",
134. Đồng Phú (Đồng Xoài),60,"0,3","1,3","25,7","126,3","233,6","298,1","300,9","353,1","367,2","302,5","116,3","21,0","2530,4"
134. Đồng Phú (Đồng Xoài),50,"1,5","4,3","29,0","146,8","262,5","316,0","313,4","370,1","407,8","353,3","131,3","30,0","2631,8"
134. Đồng Phú (Đồng Xoài),40,"4,5","7,6","45,6","154,3","298,5","323,0","361,5","381,2","448,8","397,5","158,4","35,5","2700,9"
134. Đồng Phú (Đồng Xoài),30,"7,7","18,8","61,8","175,4","310,0","346,5","394,2","400,3","513,7","431,8","198,2","56,2","2761,6"
134. Đồng Phú (Đồng Xoài),20,"14,5","26,4","86,6","190,2","344,7","424,6","450,2","430,3","529,8","453,4","235,0","68,4","2790,9"
134. Đồng Phú (Đồng Xoài),10,"23,4","58,9","107,4","305,4","366,2","457,6","519,6","567,0","579,8","485,4","284,6","108,7","2862,7"
134. Đồng Phú (Đồng Xoài),5,"41,3","68,4","133,4","354,9","405,7","519,4","568,4","583,6","630,1","511,7","304,5","145,2","2941,0"
135. Phước Long,95,"0,0","12,8","120,3","209,2","235,6","220,9","257,0","211,6","14,7","0,0","2111,1",,
135. Phước Long,90,"0,0","0,4","26,0","149,8","221,2","263,0","272,9","318,6","235,3","26,2","0,0","2210,5",
135. Phước Long,80,"0,0","6,1","48,6","191,6","248,3","292,6","310,7","372,4","266,5","36,7","0,5","2314,3",
135. Phước Long,70,"0,1","0,5","18,6","75,6","226,9","284,3","323,9","349,7","412,4","281,8","57,1","6,5","2472,9"
135. Phước Long,60,"2,1","2,5","28,3","97,2","245,0","311,4","341,7","388,8","424,2","288,9","95,6","12,8","2545,8"
135. Phước Long,50,"4,4","8,5","44,1","110,0","256,6","332,2","373,6","448,0","445,5","305,7","136,7","16,7","2595,9"
135. Phước Long,40,"6,1","11,4","57,9","150,7","298,7","376,5","402,5","479,8","461,4","319,3","144,8","24,2","2794,6"
135. Phước Long,30,"9,2","21,6","67,2","173,0","334,2","432,5","451,2","507,0","522,3","342,2","173,5","33,2","2913,8"
135. Phước Long,20,"15,7","35,6","78,5","206,2","351,8","454,7","472,8","563,7","556,2","377,0","203,3","54,2","3185,0"
135. Phước Long,10,"45,8","55,5","99,7","233,3","538,5","532,3","579,8","655,2","682,2","415,4","252,4","114,9","3278,4"
135. Phước Long,5,"80,2","64,9","145,0","258,7","553,2","580,2","635,7","770,7","795,6","446,3","260,9","125,3","3327,6"
136. Tây Ninh,95,"0,0","8,9","67,3","120,2","139,9","136,5","171,6","173,7","6,8","0,0","1572,7",,
136. Tây Ninh,90,"0,0","16,8","75,9","139,1","146,0","153,1","186,0","183,1","28,8","0,0","1622,9",,
136. Tây Ninh,80,"0,0","33,1","114,8","159,2","169,8","169,3","223,4","225,5","61,2","1,9","1663,8",,
136. Tây Ninh,70,"0,0","0,4","53,8","126,2","185,8","214,6","198,0","252,7","254,8","76,8","8,8","1733,5",
136. Tây Ninh,60,"0,4","0,2","5,2","73,5","164,8","223,4","227,9","205,8","306,8","292,2","109,7","17,0","1873,2"
136. Tây Ninh,50,"2,1","0,8","12,2","90,9","198,0","240,3","261,2","238,5","336,3","334,1","123,6","26,7","1925,0"
136. Tây Ninh,40,"5,2","3,7","24,5","101,2","212,5","258,1","267,9","245,1","363,3","349,0","139,2","35,0","2028,0"
136. Tây Ninh,30,"10,8","9,5","31,2","124,4","242,5","304,8","300,6","284,7","393,8","376,3","158,4","43,2","2057,8"
136. Tây Ninh,20,"21,9","17,1","41,1","149,8","277,3","321,2","313,7","301,4","422,4","408,3","189,9","96,1","2132,3"
136. Tây Ninh,10,"29,7","31,7","85,3","233,1","306,8","373,8","361,3","358,4","469,5","440,5","246,7","131,6","2369,0"
136. Tây Ninh,5,"60,9","35,6","108,5","288,3","356,7","419,8","409,8","385,6","537,8","467,3","275,3","161,2","2443,2"
137. Vũng Tàu,95,"0,0","69,5","101,2","89,8","85,1","99,4","88,4","1,8","0,0","981,1",,,
137. Vũng Tàu,90,"0,0","82,1","117,3","120,7","110,1","127,4","112,6","8,3","0,0","1083,6",,,
137. Vũng Tàu,80,"0,0","100,2","138,3","158,9","137,8","162,2","143,0","13,6","0,2","1224,5",,,
137. Vũng Tàu,70,"0,0","2,0","132,1","154,4","189,9","163,2","168,6","189,9","22,9","0,6","1311,3",,
137. Vũng Tàu,60,"0,0","4,6","154,8","180,2","202,5","176,5","192,2","212,2","33,6","1,6","1367,0",,
137. Vũng Tàu,50,"0,0","9,4","178,2","208,3","209,5","202,3","220,6","234,0","56,1","7,2","1431,9",,
137. Vũng Tàu,40,"0,2","0,0","0,1","22,0","196,8","237,5","230,7","225,0","234,6","252,5","67,9","15,3","1517,4"
137. Vũng Tàu,30,"0,8","0,0","0,8","33,7","216,7","251,4","258,8","250,6","254,6","290,6","73,1","21,2","1567,2"
137. Vũng Tàu,20,"3,6","0,0","2,5","52,3","243,5","296,4","298,0","268,7","263,1","326,6","109,5","33,4","1603,5"
137. Vũng Tàu,10,"6,9","0,6","17,2","87,0","290,5","360,5","337,4","299,5","295,6","373,2","142,4","39,1","1691,5"
137. Vũng Tàu,5,"10,7","4,9","35,5","119,2","328,7","379,7","370,2","320,0","351,1","403,6","180,2","43,2","1778,3"
138. Côn Đảo,95,"0,0","45,6","128,1","126,6","107,2","137,6","123,8","21,1","0,2","1473,1",,,
138. Côn Đảo,90,"0,0","0,1","69,9","142,7","135,4","150,9","189,8","142,2","42,6","0,5","1611,6",,
138. Côn Đảo,80,"0,0","3,1","90,7","191,3","177,9","179,2","221,8","222,3","71,2","2,3","1805,6",,
138. Côn Đảo,70,"0,0","6,6","110,5","211,7","206,6","219,5","257,1","269,5","97,0","10,1","1953,3",,
138. Côn Đảo,60,"0,5","0,0","0,4","11,1","181,7","269,0","241,6","267,2","286,3","301,1","123,7","21,3","1979,3"
138. Côn Đảo,50,"1,3","0,0","1,0","17,2","220,7","285,2","268,5","303,6","331,1","346,7","168,1","31,0","2049,3"
138. Côn Đảo,40,"2,1","0,0","4,0","29,2","240,1","317,7","299,9","331,7","353,7","384,2","186,6","52,2","2141,7"
138. Côn Đảo,30,"4,1","0,8","10,7","36,8","262,7","346,5","325,5","346,3","381,6","470,8","234,7","58,0","2249,3"
138. Côn Đảo,20,"13,7","3,6","16,3","60,8","296,7","367,9","380,7","368,3","404,9","502,8","253,9","90,8","2344,9"
138. Côn Đảo,10,"36,8","10,1","34,2","98,2","333,9","431,1","459,0","452,0","465,0","547,2","324,7","143,2","2493,1"
138. Côn Đảo,5,"65,9","26,1","42,4","147,3","379,3","491,2","509,6","520,6","482,8","560,6","408,5","183,1","2702,1"
139. Mộc Hoá,95,"0,0","2,1","43,7","57,3","82,9","92,8","139,0","174,2","49,1","1,2","1140,7",,
139. Mộc Hoá,90,"0,0","10,6","52,5","75,4","86,5","112,3","149,3","197,7","59,9","2,8","1200,1",,
139. Mộc Hoá,80,"0,0","15,5","87,2","107,2","100,1","126,4","167,1","232,0","86,4","8,3","1334,3",,
139. Mộc Hoá,70,"0,6","0,0","20,9","125,6","120,0","123,2","149,4","194,8","251,9","106,3","15,7","1409,0",
139. Mộc Hoá,60,"2,9","0,0","0,8","28,6","151,3","149,4","146,2","154,2","225,4","279,2","123,3","21,7","1456,4"
139. Mộc Hoá,50,"5,1","0,0","4,4","36,5","156,5","158,3","177,7","167,1","242,1","311,4","151,0","28,7","1592,7"
139. Mộc Hoá,40,"9,3","0,1","15,9","59,7","169,2","179,8","198,5","182,8","265,1","359,3","182,2","41,5","1773,0"
139. Mộc Hoá,30,"17,1","2,4","22,8","107,1","208,0","202,0","220,9","200,5","301,9","372,4","210,9","65,3","1828,0"
139. Mộc Hoá,20,"21,3","6,9","35,2","125,3","242,3","216,7","278,7","218,1","346,6","436,7","264,7","83,3","1929,1"
139. Mộc Hoá,10,"44,1","18,1","41,5","166,1","296,5","240,3","325,6","257,7","391,3","484,1","315,0","130,2","2020,3"
139. Mộc Hoá,5,"56,7","43,1","47,7","176,8","352,3","273,0","339,8","292,7","419,2","572,3","377,7","168,7","2245,3"
140. Mỹ Tho,95,"0,0","40,0","78,8","92,7","125,8","155,1","13,8","0,0","1016,8",,,,
140. Mỹ Tho,90,"0,0","60,7","108,0","104,9","99,4","142,4","164,7","19,0","2,1","1077,7",,,
140. Mỹ Tho,80,"0,0","3,2","92,0","130,3","122,9","128,2","166,7","194,4","40,7","5,6","1251,1",,
140. Mỹ Tho,70,"0,0","6,6","115,9","156,0","142,2","136,5","187,8","206,1","51,4","12,0","1343,0",,
140. Mỹ Tho,60,"0,3","0,0","13,4","128,3","170,6","166,3","161,1","206,8","237,3","63,0","16,2","1378,5",
140. Mỹ Tho,50,"1,1","0,0","0,3","19,6","150,3","195,4","177,3","189,6","224,4","253,1","77,2","22,4","1447,0"
140. Mỹ Tho,40,"2,1","0,0","2,1","35,4","171,2","210,2","195,6","212,1","239,5","272,9","96,7","28,9","1489,6"
140. Mỹ Tho,30,"7,5","0,0","3,5","47,9","175,2","229,7","220,0","227,1","265,3","290,9","120,7","43,5","1546,0"
140. Mỹ Tho,20,"16,1","1,0","8,4","73,0","202,4","284,2","247,4","253,2","289,5","343,3","157,8","57,9","1623,4"
140. Mỹ Tho,10,"27,5","5,8","19,1","98,2","244,3","304,1","281,7","280,7","329,1","374,1","176,9","89,9","1657,6"
140. Mỹ Tho,5,"39,4","8,5","29,7","132,2","276,7","356,6","328,7","320,2","384,8","418,9","237,5","101,6","1719,9"
141. Cao Lãnh,95,"0,0","0,9","57,9","94,8","62,5","79,9","99,2","156,5","36,0","1,9","1089,3",,
141. Cao Lãnh,90,"0,0","2,8","65,4","107,6","72,8","94,1","124,8","176,7","63,6","3,6","1162,4",,
141. Cao Lãnh,80,"0,0","15,1","93,8","119,7","123,3","122,9","151,3","188,9","92,6","7,7","1229,1",,
141. Cao Lãnh,70,"0,7","0,0","20,1","106,1","136,3","150,0","142,8","181,5","214,1","105,8","13,7","1264,6",
141. Cao Lãnh,60,"1,7","0,0","25,1","114,2","142,8","164,4","158,4","194,6","244,1","119,2","19,8","1426,5",
141. Cao Lãnh,50,"4,0","0,0","0,3","37,9","127,7","167,0","187,1","174,6","224,0","271,0","136,7","28,1","1494,3"
141. Cao Lãnh,40,"7,7","0,0","10,2","61,8","153,0","180,2","200,5","184,0","248,8","296,7","149,2","35,7","1535,3"
141. Cao Lãnh,30,"10,1","0,3","27,0","68,0","166,6","190,2","231,6","206,3","292,1","318,3","156,6","48,5","1558,1"
141. Cao Lãnh,20,"14,7","5,5","49,0","103,0","190,9","208,2","238,9","224,5","351,3","361,5","181,2","70,1","1669,4"
141. Cao Lãnh,10,"31,7","23,8","59,4","150,0","213,8","236,3","271,3","264,9","364,8","399,7","239,4","100,4","1758,7"
141. Cao Lãnh,5,"48,5","61,2","73,7","177,5","227,7","288,4","336,1","298,4","387,4","442,0","292,2","112,1","2010,3"
142. Ba Tri,95,"0,0","76,6","129,4","107,5","107,6","101,2","124,5","10,0","0,0","1235,7",,,
142. Ba Tri,90,"0,0","80,7","136,8","122,1","115,6","134,6","142,0","10,8","0,0","1278,0",,,
142. Ba Tri,80,"0,0","0,4","98,4","154,4","174,1","149,8","165,1","200,5","27,7","1,2","1336,2",,
142. Ba Tri,70,"0,0","2,6","117,0","175,0","185,0","164,4","189,7","220,0","34,6","2,0","1362,8",,
142. Ba Tri,60,"0,0","4,3","140,4","187,3","195,6","172,5","211,5","248,6","44,0","6,4","1449,0",,
142. Ba Tri,50,"0,1","0,0","17,1","166,0","210,0","210,5","193,3","243,8","282,5","73,0","11,2","1548,3",
142. Ba Tri,40,"1,0","0,0","37,3","203,8","219,3","226,9","199,8","260,9","305,5","93,8","17,1","1581,3",
142. Ba Tri,30,"1,9","0,2","0,8","47,6","230,7","243,4","234,3","217,9","282,4","345,0","115,4","29,0","1614,1"
142. Ba Tri,20,"7,6","2,5","4,9","68,2","270,9","265,4","268,2","245,3","301,5","387,0","159,0","55,7","1748,3"
142. Ba Tri,10,"18,9","8,0","28,0","114,7","307,8","297,1","321,8","300,8","324,4","396,1","206,8","89,6","1813,6"
142. Ba Tri,5,"27,6","8,7","51,3","153,5","323,6","364,5","351,9","320,4","366,1","429,5","262,6","105,7","2008,9"
143. Càng Long,95,"0,0","47,0","112,9","91,9","84,3","128,9","170,9","16,9","0,2","1303,8",,,
143. Càng Long,90,"0,0","1,6","82,6","138,7","134,3","141,9","152,1","215,7","24,6","2,0","1383,4",,
143. Càng Long,80,"0,0","6,1","122,7","150,1","173,2","173,3","185,2","227,9","45,7","4,9","1480,1",,
143. Càng Long,70,"0,0","13,5","143,5","158,3","190,9","205,6","197,1","238,0","61,6","7,9","1510,8",,
143. Càng Long,60,"0,1","0,0","17,9","155,0","179,5","202,8","220,8","232,6","269,2","68,2","14,5","1540,5",
143. Càng Long,50,"0,5","0,0","0,4","27,0","173,0","198,0","220,4","230,4","260,0","283,8","95,3","21,3","1601,6"
143. Càng Long,40,"1,0","0,0","1,9","32,5","201,0","217,1","226,8","236,5","273,5","308,0","108,6","31,2","1703,6"
143. Càng Long,30,"3,8","0,3","5,6","56,1","239,3","246,3","262,7","256,8","297,6","318,1","161,7","36,7","1752,5"
143. Càng Long,20,"7,2","3,6","14,0","79,1","262,2","254,0","289,2","288,0","326,8","364,1","240,8","67,6","1863,6"
143. Càng Long,10,"17,8","9,4","58,4","101,8","299,2","326,1","323,7","330,3","374,4","372,2","276,4","104,0","1914,6"
143. Càng Long,5,"31,8","15,4","75,7","158,7","315,2","342,2","355,0","365,5","401,0","459,3","305,0","122,3","1952,1"
144. Châu Đốc,95,"0,0","75,3","59,3","63,3","65,0","58,3","112,7","20,1","0,1","917,2",,,
144. Châu Đốc,90,"0,0","2,8","76,0","65,8","81,0","81,7","80,4","146,3","26,4","1,1","986,0",,
144. Châu Đốc,80,"0,0","29,2","95,2","78,9","90,6","108,0","102,2","181,0","59,6","3,4","1058,5",,
144. Châu Đốc,70,"0,0","0,8","41,5","105,9","84,3","97,8","121,0","131,9","195,8","87,4","9,3","1128,1",
144. Châu Đốc,60,"0,1","0,0","2,4","67,2","125,5","94,4","118,3","125,9","147,7","230,5","109,6","18,1","1187,0"
144. Châu Đốc,50,"1,2","0,0","4,0","76,1","150,1","110,4","132,7","140,6","156,6","241,2","135,3","22,6","1291,2"
144. Châu Đốc,40,"3,9","0,4","17,4","103,3","174,5","116,9","152,5","175,8","193,2","257,3","166,6","41,8","1428,9"
144. Châu Đốc,30,"9,2","2,7","24,9","114,3","184,5","129,1","169,8","218,9","205,8","304,8","195,6","54,1","1475,4"
144. Châu Đốc,20,"13,2","4,3","34,4","145,7","210,2","156,7","211,9","239,8","230,0","371,5","221,1","76,5","1627,3"
144. Châu Đốc,10,"20,5","10,3","60,1","205,6","278,4","182,2","265,8","282,2","297,8","428,6","263,0","124,7","1768,5"
144. Châu Đốc,5,"47,6","19,0","90,2","240,9","315,3","268,0","303,6","324,5","322,2","481,5","341,4","139,8","1988,8"
145. Cần Thơ,95,"0,0","0,3","47,3","102,0","103,6","112,0","118,6","118,8","46,6","1,5","1195,2",,
145. Cần Thơ,90,"0,0","1,4","85,0","119,2","116,0","123,1","134,9","152,2","50,2","2,5","1256,4",,
145. Cần Thơ,80,"0,0","4,1","111,3","153,0","160,1","167,1","179,7","207,9","70,6","8,0","1430,7",,
145. Cần Thơ,70,"0,0","7,0","136,9","160,3","186,5","184,4","199,5","230,9","84,4","15,7","1503,8",,
145. Cần Thơ,60,"0,1","0,0","9,8","154,1","181,0","196,0","209,7","222,3","258,8","98,8","19,6","1564,6",
145. Cần Thơ,50,"1,0","0,0","0,1","25,3","169,0","196,6","209,1","224,8","246,1","283,1","129,4","26,0","1642,2"
145. Cần Thơ,40,"2,5","0,0","2,3","39,5","184,0","226,8","231,3","240,8","261,8","311,5","147,8","34,6","1701,8"
145. Cần Thơ,30,"7,3","0,0","5,5","57,5","210,3","240,5","263,7","269,7","291,0","348,2","164,8","46,3","1769,1"
145. Cần Thơ,20,"17,2","3,4","18,8","76,5","240,5","266,0","321,2","292,2","329,7","388,1","191,0","60,6","1842,4"
145. Cần Thơ,10,"31,8","10,3","68,2","114,2","276,0","299,4","360,5","306,9","360,3","483,2","253,0","107,5","2097,2"
145. Cần Thơ,5,"56,9","13,9","99,8","130,7","366,5","339,5","390,7","336,5","437,6","499,5","276,3","144,7","2267,2"
146. Sóc Trăng,95,"0,0","88,2","153,0","122,2","137,0","177,7","144,3","29,0","0,6","1439,8",,,
146. Sóc Trăng,90,"0,0","0,1","109,1","168,2","131,3","189,5","215,3","181,0","39,6","1,6","1547,7",,
146. Sóc Trăng,80,"0,0","5,5","135,7","193,6","176,8","209,4","229,4","217,5","53,9","5,3","1672,7",,
146. Sóc Trăng,70,"0,0","8,9","165,8","225,9","203,4","226,3","255,0","227,7","77,7","8,9","1774,1",,
146. Sóc Trăng,60,"0,4","0,0","0,3","16,7","198,2","255,7","229,1","251,4","264,1","258,7","92,5","12,5","1824,4"
146. Sóc Trăng,50,"0,9","0,0","1,4","31,9","230,8","269,9","246,0","282,5","278,5","302,3","135,8","18,9","1918,4"
146. Sóc Trăng,40,"1,5","0,0","3,7","48,5","265,1","279,3","275,5","296,1","301,6","331,1","143,2","31,4","1974,4"
146. Sóc Trăng,30,"4,2","0,1","7,5","72,4","300,8","293,1","304,0","333,4","312,1","368,6","166,4","44,6","2040,5"
146. Sóc Trăng,20,"12,5","1,9","11,4","101,4","330,0","333,5","334,0","374,1","333,4","390,8","204,8","69,9","2129,0"
146. Sóc Trăng,10,"20,7","7,7","18,0","146,4","347,3","380,3","399,2","401,2","364,1","447,0","252,8","97,7","2231,7"
146. Sóc Trăng,5,"39,3","26,0","76,5","180,4","367,5","391,6","437,9","428,9","385,4","494,3","283,0","119,9","2307,6"
147. Rạch Giá,95,"0,0","0,2","120,9","131,5","139,8","154,7","153,6","142,5","33,9","0,3","1618,1",,
147. Rạch Giá,90,"0,0","4,0","126,3","146,2","161,8","165,9","158,9","179,4","70,6","1,7","1746,7",,
147. Rạch Giá,80,"0,0","21,9","169,3","172,3","214,3","229,8","189,6","220,0","92,4","4,6","1820,0",,
147. Rạch Giá,70,"0,2","0,0","0,3","33,1","196,4","205,0","235,9","275,6","226,0","237,9","125,1","16,3","1948,0"
147. Rạch Giá,60,"2,5","0,0","3,6","53,9","221,0","264,8","258,0","281,6","280,1","259,2","136,7","27,4","2055,6"
147. Rạch Giá,50,"5,0","0,0","12,5","74,3","250,0","274,5","268,2","318,7","294,1","306,9","166,0","34,6","2141,8"
147. Rạch Giá,40,"7,5","2,0","20,3","102,3","266,3","298,5","328,8","357,6","305,6","317,6","186,0","42,5","2228,4"
147. Rạch Giá,30,"13,3","4,6","53,7","111,5","290,2","342,6","372,9","399,2","347,3","341,8","209,7","65,3","2299,2"
147. Rạch Giá,20,"21,6","18,0","69,4","145,7","345,5","359,1","416,5","423,7","391,8","359,9","251,8","79,6","2443,5"
147. Rạch Giá,10,"34,6","40,0","98,4","185,9","384,2","388,9","466,2","499,6","446,7","406,6","293,6","119,1","2608,6"
147. Rạch Giá,5,"42,5","55,9","107,2","212,9","412,6","447,8","548,4","552,7","490,8","436,8","353,1","130,5","2754,1"
148. Phú Quốc,95,"0,4","0,0","19,8","118,4","207,5","169,8","226,9","240,2","153,0","50,5","2,7","2218,9",
148. Phú Quốc,90,"1,0","0,0","0,5","37,7","145,2","226,8","190,4","297,5","292,0","172,6","64,2","5,9","2304,2"
148. Phú Quốc,80,"5,5","0,7","3,9","79,5","184,2","259,4","252,6","325,0","314,0","205,0","76,7","17,4","2437,5"
148. Phú Quốc,70,"9,2","2,3","11,5","96,8","213,3","325,0","318,1","387,8","373,1","244,6","97,3","26,8","2598,3"
148. Phú Quốc,60,"11,6","8,1","36,6","125,7","240,6","341,1","363,3","404,0","429,0","294,3","114,6","36,0","2785,4"
148. Phú Quốc,50,"18,3","14,4","48,5","149,8","251,7","384,9","408,1","413,7","454,7","327,0","142,1","46,2","2917,1"
148. Phú Quốc,40,"25,4","17,5","62,9","163,1","274,3","414,2","466,1","494,8","492,6","405,1","189,2","56,8","2968,2"
148. Phú Quốc,30,"33,2","26,7","75,9","184,1","309,2","450,9","496,2","563,5","550,7","433,4","206,8","83,7","3068,3"
148. Phú Quốc,20,"42,5","115,9","216,3","370,2","470,4","543,3","665,5","607,6","500,8","233,2","93,5","3229,4",
148. Phú Quốc,10,"72,1","79,2","141,9","252,0","410,8","519,7","653,4","759,6","656,1","539,2","283,2","115,8","3489,9"
148. Phú Quốc,5,"90,0","94,3","169,9","265,7","437,4","574,5","727,9","848,3","714,2","584,2","326,4","143,9","3657,1"
149. Bạc Liêu,95,"0,0","90,8","193,4","181,0","146,6","188,1","110,1","20,9","1,2","1594,1",,,
149. Bạc Liêu,90,"0,0","97,3","212,5","184,7","166,1","211,6","158,2","47,3","2,0","1623,3",,,
149. Bạc Liêu,80,"0,0","2,4","119,5","221,1","198,9","211,4","229,3","209,4","65,8","10,1","1717,2",,
149. Bạc Liêu,70,"0,0","6,8","155,7","238,8","216,8","224,6","258,1","232,3","104,2","15,2","1750,7",,
149. Bạc Liêu,60,"0,2","0,0","14,8","177,7","251,7","233,7","241,0","292,7","248,8","136,7","22,8","1896,8",
149. Bạc Liêu,50,"0,6","0,0","0,3","30,5","193,4","260,1","246,9","266,5","306,5","297,2","156,8","27,1","1953,8"
149. Bạc Liêu,40,"1,1","0,0","1,1","40,1","208,2","274,5","255,1","295,1","313,2","322,0","173,5","32,9","1981,7"
149. Bạc Liêu,30,"2,5","0,0","2,6","64,6","249,3","300,5","294,6","325,7","347,8","344,3","202,7","55,0","2054,6"
149. Bạc Liêu,20,"9,2","6,2","13,4","88,4","268,6","348,6","343,4","404,2","386,7","371,2","226,4","73,0","2111,4"
149. Bạc Liêu,10,"21,4","12,6","23,0","182,1","305,4","396,7","397,5","452,6","408,8","452,9","288,1","116,6","2240,1"
149. Bạc Liêu,5,"23,3","19,4","127,0","217,3","328,1","432,1","449,7","481,9","461,0","505,6","348,8","160,7","2454,7"
150. Cà Mau,95,"0,0","4,8","106,3","152,1","143,3","192,9","200,8","191,8","70,6","6,6","1975,6",,
150. Cà Mau,90,"0,2","0,0","6,7","119,9","180,5","159,9","214,8","234,1","220,3","86,2","11,7","2002,8",
150. Cà Mau,80,"0,9","0,0","28,0","171,4","210,3","208,7","252,6","269,9","244,1","107,9","18,9","2097,1",
150. Cà Mau,70,"2,1","0,0","0,4","41,0","190,7","252,2","270,1","283,9","290,0","266,2","149,9","23,2","2219,9"
150. Cà Mau,60,"4,8","0,4","2,2","62,9","211,3","290,7","296,5","311,8","315,1","291,0","180,5","32,5","2315,8"
150. Cà Mau,50,"10,3","2,3","5,5","86,4","244,9","314,0","312,9","342,0","332,8","329,1","193,9","43,8","2389,8"
150. Cà Mau,40,"14,1","3,7","16,8","96,6","263,0","341,3","378,8","370,6","362,6","377,6","214,1","57,2","2455,4"
150. Cà Mau,30,"20,9","8,3","31,2","119,3","287,8","382,6","407,6","396,9","400,0","427,5","233,9","72,5","2537,8"
150. Cà Mau,20,"34,8","17,4","58,2","166,5","327,6","433,1","430,2","443,4","447,2","454,9","251,2","100,1","2629,7"
150. Cà Mau,10,"54,9","55,4","91,5","207,0","356,9","459,4","485,2","498,2","530,1","501,1","309,5","146,8","2725,7"
150. Cà Mau,5,"81,8","61,8","150,4","231,7","438,9","502,6","526,8","550,2","571,6","632,2","362,2","183,1","2800,9"
